customerID,gender,SeniorCitizen,Partner,Dependents,tenure,PhoneService,MultipleLines,InternetService,OnlineSecurity,OnlineBackup,DeviceProtection,TechSupport,StreamingTV,StreamingMovies,Contract,PaperlessBilling,PaymentMethod,MonthlyCharges,TotalCharges,Churn
8254-GNZQZ,Male,0,Yes,Yes,45,Yes,No,Fiber optic,Yes,No,Yes,Yes,No,Yes,Two year,Yes,Electronic check,89.86,4150.3,No
6430-FSPIB,Female,1,Yes,No,35,No,No phone service,DSL,No,No,Yes,No,Yes,No,Month-to-month,No,Bank transfer (automatic),52.71,1862.52,No
6833-PUDOV,Female,0,Yes,No,47,Yes,Yes,No,No internet service,No internet service,No internet service,No internet service,No internet service,No internet service,Two year,Yes,Credit card (automatic),22.03,1016.51,No
9020-YFEOM,Male,0,Yes,No,20,Yes,Yes,DSL,Yes,Yes,Yes,Yes,Yes,Yes,Two year,No,Mailed check,70.06,1415.01,No
3108-CDITB,Male,0,No,Yes,2,Yes,No,No,No internet service,No internet service,No internet service,No internet service,No internet service,No internet service,Month-to-month,No,Bank transfer (automatic),24.01,47.66,No
1946-GWZLB,Female,0,No,Yes,58,Yes,No,DSL,Yes,No,Yes,No,Yes,Yes,Two year,Yes,Mailed check,46.06,2722.08,No
1107-WLCVN,Female,0,Yes,No,24,No,No phone service,DSL,No,Yes,Yes,No,Yes,Yes,Month-to-month,No,Bank transfer (automatic),55.82,1393.91,No
4147-LFYUF,Female,0,Yes,No,44,Yes,Yes,No,No internet service,No internet service,No internet service,No internet service,No internet service,No internet service,One year,No,Credit card (automatic),28.27,1254.51,No
7613-ELTAS,Female,0,No,Yes,9,Yes,No,Fiber optic,Yes,No,No,No,No,Yes,Month-to-month,Yes,Mailed check,89.42,832.7,No
3033-SMATG,Male,0,No,No,39,Yes,Yes,DSL,No,Yes,No,No,Yes,Yes,One year,Yes,Mailed check,64.24,2502.03,No
9569-VFPJP,Female,1,Yes,No,72,Yes,No,No,No internet service,No internet service,No internet service,No internet service,No internet service,No internet service,One year,Yes,Bank transfer (automatic),27.43,2069.68,No
6012-HQGXY,Female,1,No,No,12,Yes,Yes,Fiber optic,No,No,Yes,No,No,No,Month-to-month,Yes,Credit card (automatic),77.97,932.57,Yes
2492-SYDTY,Male,0,No,No,24,Yes,Yes,Fiber optic,Yes,Yes,No,Yes,No,No,Month-to-month,No,Mailed check,92.33,2146.17,No
3025-PUIGK,Male,1,Yes,Yes,53,Yes,Yes,Fiber optic,Yes,No,Yes,No,No,No,Month-to-month,No,Bank transfer (automatic),82.2,4425.64,No
4018-SJJYP,Female,0,No,Yes,1,Yes,No,Fiber optic,Yes,Yes,No,Yes,No,No,Month-to-month,Yes,Mailed check,87.92,91.98,Yes
9363-SXFYY,Male,1,No,No,16,Yes,Yes,DSL,No,Yes,No,No,Yes,No,One year,Yes,Bank transfer (automatic),65.2,1023.97,No
1366-JKKUS,Female,0,Yes,Yes,1,Yes,Yes,No,No internet service,No internet service,No internet service,No internet service,No internet service,No internet service,One year,Yes,Credit card (automatic),28.63,28.14,No
2915-PZLYQ,Male,0,No,Yes,29,Yes,No,No,No internet service,No internet service,No internet service,No internet service,No internet service,No internet service,Month-to-month,No,Bank transfer (automatic),22.72,676.29,No
9323-XAUEV,Male,0,No,No,68,Yes,No,Fiber optic,Yes,No,Yes,No,No,No,Month-to-month,No,Electronic check,91.52,6509.95,Yes
8271-GBKHO,Female,0,Yes,No,72,Yes,No,Fiber optic,Yes,No,No,Yes,No,Yes,Two year,No,Bank transfer (automatic),83.61,5969.69,No
1738-BLUII,Female,1,No,No,22,Yes,Yes,No,No internet service,No internet service,No internet service,No internet service,No internet service,No internet service,Month-to-month,No,Bank transfer (automatic),26.73,594.21,No
2476-HHGIH,Female,0,No,No,40,No,No phone service,DSL,No,No,No,Yes,Yes,Yes,One year,Yes,Bank transfer (automatic),59.87,2302.07,No
7126-ITPQP,Male,0,No,No,9,No,No phone service,No,No internet service,No internet service,No internet service,No internet service,No internet service,No internet service,Month-to-month,Yes,Mailed check,19.5,174.47,Yes
9304-GZFDV,Male,1,No,No,68,Yes,Yes,No,No internet service,No internet service,No internet service,No internet service,No internet service,No internet service,One year,No,Bank transfer (automatic),31.35,2142.81,Yes
9062-CPNFN,Female,0,No,No,63,Yes,No,Fiber optic,No,Yes,No,Yes,Yes,No,Two year,Yes,Bank transfer (automatic),85.06,5104.45,No
7171-ONXFQ,Female,0,Yes,No,5,Yes,No,Fiber optic,No,No,Yes,No,Yes,No,Month-to-month,No,Credit card (automatic),80.72,415.32,Yes
3848-ZGWQF,Female,0,Yes,Yes,8,Yes,No,Fiber optic,Yes,Yes,No,Yes,No,No,Month-to-month,Yes,Electronic check,86.33,699.82,Yes
7827-GGIRK,Female,0,No,Yes,7,Yes,No,No,No internet service,No internet service,No internet service,No internet service,No internet service,No internet service,Month-to-month,Yes,Credit card (automatic),19.05,131.72,No
6121-OFGHF,Male,0,No,Yes,70,Yes,Yes,No,No internet service,No internet service,No internet service,No internet service,No internet service,No internet service,Month-to-month,Yes,Credit card (automatic),26.02,1908.51,No
9267-JKRUR,Male,0,Yes,No,0,Yes,Yes,Fiber optic,No,Yes,Yes,No,No,Yes,One year,No,Credit card (automatic),81.7, ,No
5960-ZXFEK,Male,0,No,No,46,Yes,No,No,No internet service,No internet service,No internet service,No internet service,No internet service,No internet service,One year,Yes,Mailed check,29.38,1338.99,No
8517-ZSRGP,Female,1,No,Yes,56,No,No phone service,DSL,Yes,Yes,No,No,No,Yes,One year,Yes,Mailed check,59.58,3294.97,No
2658-OFBZX,Female,0,Yes,No,5,Yes,Yes,Fiber optic,No,No,No,Yes,Yes,Yes,Month-to-month,Yes,Credit card (automatic),79.41,392.74,Yes
7167-QGOTO,Male,0,No,Yes,36,No,No phone service,No,No internet service,No internet service,No internet service,No internet service,No internet service,No internet service,Month-to-month,Yes,Mailed check,18.25,647.67,No
3537-KVGYT,Female,0,No,No,6,Yes,No,Fiber optic,Yes,No,Yes,Yes,Yes,No,Month-to-month,Yes,Electronic check,91.33,567.86,Yes
9011-NFANK,Female,0,No,No,15,Yes,No,Fiber optic,No,No,No,Yes,No,Yes,Month-to-month,Yes,Mailed check,92.9,1405.25,No
2023-YZJRK,Male,0,Yes,No,3,Yes,Yes,Fiber optic,No,Yes,Yes,No,No,Yes,Month-to-month,No,Electronic check,98.62,286.72,Yes
5470-QKUER,Female,0,Yes,Yes,10,Yes,Yes,Fiber optic,Yes,Yes,Yes,No,Yes,No,Month-to-month,Yes,Mailed check,80.67,810.4,Yes
9847-WBCQY,Female,0,Yes,No,61,Yes,Yes,DSL,Yes,Yes,No,No,No,No,Two year,No,Electronic check,56.53,3604.31,No
8595-XDNSQ,Female,0,Yes,No,17,Yes,No,Fiber optic,Yes,No,No,Yes,Yes,No,Month-to-month,Yes,Credit card (automatic),76.86,1279.34,Yes
7992-FLLYF,Female,1,Yes,No,19,Yes,Yes,Fiber optic,Yes,No,No,No,Yes,Yes,Month-to-month,Yes,Credit card (automatic),81.92,1508.83,Yes
3937-ADZWG,Male,0,No,Yes,3,Yes,Yes,No,No internet service,No internet service,No internet service,No internet service,No internet service,No internet service,Month-to-month,No,Mailed check,18.25,52.44,Yes
7317-PXHZJ,Female,0,No,No,29,No,No phone service,Fiber optic,Yes,Yes,Yes,No,No,Yes,One year,No,Mailed check,75.36,2155.59,No
7451-KRIVQ,Male,0,Yes,Yes,44,Yes,No,Fiber optic,No,Yes,Yes,No,No,Yes,Two year,Yes,Electronic check,83.66,3796.53,No
3598-YSLDZ,Female,0,Yes,No,62,Yes,Yes,Fiber optic,Yes,Yes,No,No,No,Yes,One year,Yes,Electronic check,73.01,4691.26,No
7794-RVPGG,Female,0,Yes,Yes,22,No,No phone service,No,No internet service,No internet service,No internet service,No internet service,No internet service,No internet service,Month-to-month,No,Bank transfer (automatic),20.76,447.15,No
1711-BSWEO,Female,0,Yes,No,5,Yes,No,Fiber optic,Yes,Yes,Yes,No,No,No,Month-to-month,Yes,Credit card (automatic),89.46,432.42,No
2115-KUVYI,Female,0,No,No,46,Yes,No,Fiber optic,No,No,Yes,Yes,Yes,Yes,Two year,No,Electronic check,85.17,4059.82,No
9537-UIICX,Female,0,No,No,64,Yes,No,DSL,Yes,No,Yes,No,Yes,No,Two year,Yes,Credit card (automatic),64.8,4195.81,No
2829-GKDUS,Female,0,No,Yes,51,Yes,No,No,No internet service,No internet service,No internet service,No internet service,No internet service,No internet service,Two year,No,Credit card (automatic),20.15,999.54,No
2409-EAYLR,Male,1,No,No,58,No,No phone service,Fiber optic,Yes,No,No,No,No,No,Two year,No,Credit card (automatic),68.56,3871.19,No
2349-GOFPY,Female,1,Yes,No,24,Yes,No,DSL,No,Yes,Yes,Yes,No,No,Month-to-month,Yes,Electronic check,66.52,1584.61,Yes
3745-PXXAC,Male,0,No,No,30,Yes,Yes,DSL,No,No,Yes,Yes,Yes,No,Month-to-month,Yes,Credit card (automatic),61.83,1869.57,No
9874-YINOR,Female,0,Yes,No,31,Yes,Yes,Fiber optic,Yes,Yes,No,Yes,Yes,Yes,One year,Yes,Electronic check,82.02,2533.09,No
7752-JXBAY,Male,0,Yes,Yes,28,Yes,No,Fiber optic,Yes,Yes,Yes,Yes,No,No,One year,Yes,Bank transfer (automatic),82.78,2292.66,No
2594-ZHJAY,Male,1,No,No,22,Yes,Yes,DSL,Yes,No,Yes,Yes,No,Yes,Month-to-month,Yes,Bank transfer (automatic),53.63,1140.48,No
4233-EMEUB,Male,0,No,No,63,No,No phone service,DSL,No,Yes,Yes,Yes,Yes,No,One year,No,Credit card (automatic),56.89,3436.15,No
5492-KABNK,Male,0,Yes,Yes,41,Yes,Yes,Fiber optic,Yes,No,No,No,Yes,No,Two year,No,Bank transfer (automatic),84.7,3436.73,No
2167-DUSPV,Female,0,Yes,Yes,18,Yes,Yes,DSL,No,Yes,Yes,No,Yes,Yes,Month-to-month,Yes,Electronic check,61.59,1110.81,Yes
1623-RTFNT,Male,0,No,No,1,No,No phone service,Fiber optic,Yes,No,No,Yes,Yes,No,Month-to-month,Yes,Electronic check,75.3,78.18,No
6430-GRTAO,Male,0,Yes,No,31,Yes,No,No,No internet service,No internet service,No internet service,No internet service,No internet service,No internet service,Month-to-month,Yes,Bank transfer (automatic),27.46,855.43,No
5541-JBCTV,Male,1,No,No,19,Yes,Yes,Fiber optic,Yes,No,No,No,No,No,Month-to-month,Yes,Mailed check,84.89,1588.6,Yes
4772-YYRPZ,Female,0,No,Yes,26,Yes,Yes,DSL,Yes,Yes,No,No,No,No,Two year,Yes,Bank transfer (automatic),61.72,1562.36,No
6487-YZFRT,Female,0,No,No,56,Yes,No,Fiber optic,No,Yes,Yes,Yes,Yes,No,One year,Yes,Electronic check,82.71,4441.87,No
8379-JWMKE,Male,0,Yes,Yes,32,Yes,Yes,DSL,Yes,Yes,No,No,No,No,Month-to-month,No,Electronic check,59.5,1986.5,No
3890-ZSSXG,Male,0,No,No,49,Yes,No,No,No internet service,No internet service,No internet service,No internet service,No internet service,No internet service,Two year,Yes,Electronic check,23.34,1108.81,No
6953-JWKWT,Female,0,Yes,No,44,Yes,Yes,Fiber optic,No,Yes,Yes,No,Yes,No,Month-to-month,Yes,Bank transfer (automatic),83.55,3767.86,Yes
7946-YUINM,Male,0,No,No,13,Yes,Yes,Fiber optic,Yes,Yes,Yes,Yes,No,No,One year,Yes,Electronic check,74.18,933.22,Yes
1581-PLKCN,Female,0,No,No,52,Yes,Yes,Fiber optic,Yes,Yes,No,No,No,Yes,One year,Yes,Mailed check,83.18,4135.95,No
6210-CQEDK,Male,0,Yes,No,72,Yes,No,DSL,No,No,No,No,No,Yes,Two year,Yes,Credit card (automatic),58.72,4209.36,No
4501-XBJTG,Male,0,Yes,Yes,36,Yes,Yes,DSL,No,No,No,Yes,No,No,Month-to-month,Yes,Credit card (automatic),69.69,2594.17,Yes
9833-TYYCL,Female,0,No,No,50,Yes,Yes,Fiber optic,No,No,Yes,Yes,Yes,Yes,One year,Yes,Mailed check,76.48,3771.47,No
7700-ALRUK,Male,0,Yes,No,52,Yes,Yes,Fiber optic,No,No,Yes,No,Yes,No,One year,No,Credit card (automatic),75.14,3956.74,No
8766-RBHYA,Male,0,No,Yes,49,Yes,No,Fiber optic,Yes,No,Yes,No,Yes,Yes,Two year,Yes,Credit card (automatic),78.95,3863.19,No
1972-IZSDK,Female,0,No,No,34,Yes,Yes,DSL,No,Yes,Yes,Yes,Yes,Yes,Two year,No,Electronic check,61.57,2139.27,No
9454-FOMTT,Male,0,No,Yes,72,Yes,No,No,No internet service,No internet service,No internet service,No internet service,No internet service,No internet service,Two year,No,Electronic check,23.5,1679.74,No
8498-DLRKR,Male,0,No,Yes,45,Yes,Yes,DSL,No,No,No,Yes,No,Yes,Month-to-month,Yes,Mailed check,49.58,2144.83,No
6721-JCZVX,Female,0,No,No,8,Yes,Yes,No,No internet service,No internet service,No internet service,No internet service,No internet service,No internet service,Month-to-month,Yes,Credit card (automatic),18.25,140.66,Yes
3698-IIAEI,Female,1,No,No,6,Yes,No,Fiber optic,Yes,No,Yes,No,Yes,No,Month-to-month,No,Electronic check,89.68,516.04,Yes
9885-FNOJX,Male,0,No,No,5,Yes,No,Fiber optic,Yes,Yes,Yes,No,No,Yes,Month-to-month,Yes,Credit card (automatic),94.8,464.53,Yes
1838-WTHTL,Male,0,Yes,Yes,66,Yes,Yes,Fiber optic,No,No,Yes,Yes,Yes,Yes,Two year,No,Mailed check,86.27,5834.9,No
9734-AAOYB,Female,0,Yes,No,8,Yes,Yes,Fiber optic,No,No,Yes,No,No,Yes,Month-to-month,No,Electronic check,81.99,681.88,Yes
8000-YMWTF,Male,0,No,No,13,Yes,No,DSL,Yes,No,Yes,No,No,No,Month-to-month,Yes,Electronic check,61.27,774.52,No
8686-SAORU,Male,0,No,No,60,Yes,Yes,Fiber optic,Yes,No,Yes,No,Yes,No,One year,Yes,Mailed check,78.34,4786.48,No
7940-MHECQ,Female,0,No,Yes,6,Yes,No,Fiber optic,No,Yes,No,Yes,Yes,Yes,Month-to-month,Yes,Mailed check,90.77,556.84,Yes
9636-CSPEF,Female,0,No,No,48,Yes,Yes,Fiber optic,Yes,Yes,Yes,Yes,Yes,No,Month-to-month,Yes,Bank transfer (automatic),92.42,4303.64,Yes
3559-RHVJC,Male,0,Yes,No,37,Yes,Yes,Fiber optic,No,Yes,No,Yes,Yes,No,One year,Yes,Electronic check,78.57,2892.4,No
1859-KKTME,Male,0,No,Yes,44,Yes,Yes,No,No internet service,No internet service,No internet service,No internet service,No internet service,No internet service,Two year,No,Mailed check,27.89,1245.64,No
2919-OIRXJ,Male,0,Yes,Yes,2,Yes,Yes,No,No internet service,No internet service,No internet service,No internet service,No internet service,No internet service,Month-to-month,Yes,Bank transfer (automatic),22.26,46.34,No
5966-VFNHQ,Male,0,No,No,33,Yes,Yes,Fiber optic,No,Yes,Yes,Yes,Yes,Yes,One year,Yes,Electronic check,86.39,2972.03,No
7686-DEAAB,Male,0,Yes,No,8,Yes,No,DSL,No,Yes,No,Yes,No,Yes,Month-to-month,No,Bank transfer (automatic),58.13,478.06,No
7360-XKWSU,Male,0,Yes,Yes,30,Yes,Yes,DSL,No,No,Yes,No,No,Yes,Month-to-month,Yes,Bank transfer (automatic),55.48,1612.56,Yes
7658-FNNQU,Male,0,Yes,Yes,35,Yes,No,Fiber optic,No,No,Yes,No,No,Yes,Month-to-month,No,Mailed check,84.4,2963.52,No
2013-RVDKX,Female,0,No,No,46,Yes,No,Fiber optic,No,Yes,Yes,Yes,No,Yes,Month-to-month,No,Bank transfer (automatic),74.7,3482.28,No
1219-EUESX,Male,0,Yes,No,69,Yes,Yes,Fiber optic,No,No,No,No,No,No,Two year,Yes,Credit card (automatic),82.83,5939.05,No
5486-MLJJO,Female,0,No,Yes,48,Yes,Yes,Fiber optic,No,No,No,Yes,Yes,No,One year,Yes,Bank transfer (automatic),81.55,4080.2,No
9059-ZWDHT,Male,0,No,No,13,Yes,No,DSL,Yes,Yes,Yes,No,No,Yes,Month-to-month,Yes,Mailed check,63.71,844.47,Yes
5909-IIDIK,Male,0,No,Yes,8,Yes,Yes,Fiber optic,Yes,No,Yes,No,No,Yes,Month-to-month,No,Electronic check,84.25,641.21,Yes
4742-OHFXK,Female,0,No,No,3,No,No phone service,Fiber optic,Yes,Yes,No,No,Yes,Yes,Month-to-month,No,Mailed check,78.17,234.12,No
3292-QOOFS,Female,0,Yes,Yes,44,Yes,No,No,No internet service,No internet service,No internet service,No internet service,No internet service,No internet service,Two year,Yes,Bank transfer (automatic),30.36,1394.3,No
2730-VLKKK,Male,0,Yes,No,55,Yes,Yes,Fiber optic,No,Yes,No,Yes,No,Yes,Two year,No,Electronic check,87.72,4989.58,No
6987-MDOGC,Male,0,Yes,No,48,Yes,No,DSL,No,Yes,No,Yes,No,No,Two year,Yes,Mailed check,65.09,3023.79,No
8558-IPEIK,Male,0,No,Yes,72,Yes,No,Fiber optic,Yes,No,No,Yes,Yes,No,Month-to-month,No,Credit card (automatic),76.75,5565.44,No
2204-ZIPOL,Female,1,Yes,No,52,Yes,Yes,DSL,No,Yes,No,Yes,Yes,No,Two year,Yes,Electronic check,64.01,3375.89,No
6269-OCRCL,Female,0,Yes,No,70,No,No phone service,Fiber optic,Yes,Yes,Yes,Yes,Yes,Yes,One year,Yes,Bank transfer (automatic),87.22,6048.98,No
4282-LBSKB,Female,0,Yes,No,72,Yes,Yes,Fiber optic,No,Yes,Yes,No,No,No,Month-to-month,No,Credit card (automatic),73.08,5062.08,No
1031-OROST,Male,0,Yes,No,8,Yes,No,DSL,No,Yes,No,No,Yes,Yes,Month-to-month,Yes,Bank transfer (automatic),52.52,401.99,No
8846-ZXULN,Male,1,Yes,No,11,Yes,Yes,DSL,Yes,No,No,No,No,No,Month-to-month,No,Bank transfer (automatic),70.97,806.26,No
6543-ERPNV,Male,0,No,Yes,16,Yes,No,DSL,No,Yes,No,Yes,No,Yes,Month-to-month,No,Credit card (automatic),62.51,1009.6,No
7183-YZVHE,Male,0,No,No,30,Yes,No,No,No internet service,No internet service,No internet service,No internet service,No internet service,No internet service,Month-to-month,Yes,Electronic check,21.31,652.44,No
3693-SWWRR,Male,0,Yes,No,31,No,No phone service,DSL,Yes,No,Yes,Yes,No,No,Month-to-month,No,Electronic check,47.55,1518.61,Yes
9566-RDNJQ,Female,0,Yes,No,45,Yes,Yes,Fiber optic,No,Yes,No,Yes,Yes,No,One year,Yes,Mailed check,79.07,3525.86,No
6721-HHCHV,Male,0,No,No,18,Yes,No,Fiber optic,No,Yes,Yes,Yes,No,Yes,Month-to-month,No,Electronic check,70.59,1295.36,No
6895-YYWEI,Female,0,No,Yes,48,Yes,Yes,No,No internet service,No internet service,No internet service,No internet service,No internet service,No internet service,Month-to-month,No,Credit card (automatic),26.97,1333.86,No
1517-CGHAV,Female,0,Yes,No,29,Yes,No,No,No internet service,No internet service,No internet service,No internet service,No internet service,No internet service,One year,Yes,Electronic check,30.38,918.02,No
5742-RQZDI,Female,0,Yes,Yes,47,Yes,No,DSL,No,Yes,Yes,Yes,Yes,Yes,Month-to-month,No,Bank transfer (automatic),68.23,3359.17,No
3775-ONUOG,Female,0,Yes,No,23,No,No phone service,DSL,No,Yes,No,Yes,Yes,Yes,Month-to-month,Yes,Bank transfer (automatic),43.97,1018.12,Yes
6082-ZPPEA,Male,1,Yes,No,29,Yes,Yes,Fiber optic,Yes,Yes,Yes,Yes,Yes,No,Two year,No,Mailed check,86.36,2565.18,No
2886-ALWLQ,Male,0,No,No,9,Yes,Yes,Fiber optic,No,Yes,Yes,Yes,Yes,Yes,Month-to-month,Yes,Bank transfer (automatic),83.45,777.19,Yes
8699-TQUHK,Female,0,Yes,No,28,Yes,No,Fiber optic,No,No,No,No,No,No,Month-to-month,Yes,Bank transfer (automatic),87.48,2363.71,No
4590-UKYEE,Female,0,Yes,No,8,Yes,Yes,Fiber optic,No,No,No,Yes,No,No,Month-to-month,No,Credit card (automatic),68.48,538.02,Yes
7444-TRIAI,Male,0,Yes,No,5,Yes,Yes,No,No internet service,No internet service,No internet service,No internet service,No internet service,No internet service,Month-to-month,No,Mailed check,24.81,121.63,Yes
5199-KXWUA,Female,0,Yes,No,7,Yes,Yes,DSL,Yes,Yes,No,Yes,Yes,Yes,Month-to-month,No,Mailed check,53.46,383.18,No
2146-LQRHC,Female,0,Yes,No,44,Yes,Yes,Fiber optic,No,Yes,Yes,Yes,Yes,Yes,Two year,Yes,Bank transfer (automatic),76.49,3283.56,No
3953-UZYPC,Male,0,No,Yes,36,Yes,Yes,Fiber optic,No,Yes,No,Yes,No,No,Two year,Yes,Credit card (automatic),93.86,3378.02,No
9708-DGZNF,Female,0,No,Yes,23,Yes,Yes,Fiber optic,Yes,No,No,No,No,Yes,Month-to-month,Yes,Mailed check,92.99,2062.54,No
5518-CIYHX,Male,0,No,Yes,15,Yes,Yes,Fiber optic,No,No,No,Yes,No,No,Month-to-month,Yes,Bank transfer (automatic),84.16,1288.93,Yes
5885-RSOAX,Female,1,No,No,13,Yes,Yes,No,No internet service,No internet service,No internet service,No internet service,No internet service,No internet service,Month-to-month,Yes,Mailed check,18.25,238.64,No
5274-RORJV,Female,0,No,No,57,No,No phone service,DSL,No,Yes,Yes,Yes,Yes,Yes,One year,Yes,Mailed check,50.94,3022.17,No
3018-QPNAK,Female,1,Yes,Yes,60,No,No phone service,No,No internet service,No internet service,No internet service,No internet service,No internet service,No internet service,Two year,Yes,Bank transfer (automatic),30.91,1828.22,No
1427-NRNTJ,Male,0,No,Yes,12,Yes,No,Fiber optic,Yes,No,Yes,Yes,No,Yes,Month-to-month,Yes,Credit card (automatic),81.81,1021.2,No
3754-LFUVK,Female,1,No,Yes,24,Yes,No,No,No internet service,No internet service,No internet service,No internet service,No internet service,No internet service,Two year,Yes,Electronic check,18.25,452.12,No
8132-AEHKG,Female,1,Yes,No,66,Yes,No,No,No internet service,No internet service,No internet service,No internet service,No internet service,No internet service,Month-to-month,Yes,Electronic check,25.83,1731.26,No
5609-ULLBH,Male,0,Yes,Yes,0,No,No phone service,Fiber optic,No,No,No,No,No,Yes,One year,Yes,Credit card (automatic),77.45, ,No
8264-VCAVE,Female,0,Yes,No,1,Yes,Yes,DSL,No,No,No,Yes,No,Yes,Month-to-month,Yes,Mailed check,53.44,52.46,No
6170-VUOJU,Female,0,No,No,59,Yes,Yes,Fiber optic,Yes,Yes,No,No,Yes,No,One year,No,Bank transfer (automatic),79.08,4864.44,No
7251-VNYUB,Male,0,No,No,27,Yes,Yes,DSL,Yes,Yes,No,No,Yes,No,One year,No,Bank transfer (automatic),51.72,1419.68,No
3644-UDSIF,Male,0,No,No,50,No,No phone service,DSL,No,Yes,No,Yes,No,No,One year,No,Credit card (automatic),69.65,3496.59,No
5858-YXKAX,Female,0,Yes,Yes,70,Yes,No,Fiber optic,Yes,Yes,No,No,No,No,Two year,Yes,Electronic check,78.01,5518.64,No
9074-PQNAE,Male,0,No,Yes,2,Yes,Yes,No,No internet service,No internet service,No internet service,No internet service,No internet service,No internet service,Month-to-month,No,Credit card (automatic),21.95,42.24,No
2290-XBOJA,Female,0,No,Yes,3,Yes,No,No,No internet service,No internet service,No internet service,No internet service,No internet service,No internet service,Month-to-month,No,Credit card (automatic),22.93,69.79,Yes
9272-AWUUE,Male,0,No,No,37,Yes,Yes,Fiber optic,Yes,Yes,Yes,No,No,No,One year,Yes,Bank transfer (automatic),87.22,3223.22,No
8928-PKRIH,Male,0,Yes,Yes,47,Yes,Yes,DSL,Yes,No,Yes,Yes,No,No,One year,Yes,Electronic check,48.29,2267.02,No
3593-OPGGY,Male,0,Yes,No,72,Yes,Yes,Fiber optic,No,Yes,No,No,No,Yes,Two year,No,Bank transfer (automatic),82.53,5867.23,No
5633-WIHHN,Female,1,No,Yes,62,Yes,No,DSL,Yes,No,No,No,Yes,Yes,Two year,No,Credit card (automatic),60.82,3801.89,No
8010-NHYOK,Male,0,Yes,No,13,Yes,Yes,No,No internet service,No internet service,No internet service,No internet service,No internet service,No internet service,Month-to-month,Yes,Electronic check,27.64,373.0,Yes
1087-OQYFE,Male,0,No,No,2,Yes,Yes,DSL,Yes,Yes,No,Yes,No,Yes,Month-to-month,Yes,Mailed check,60.93,120.48,No
9992-OACMQ,Female,0,Yes,No,32,Yes,Yes,Fiber optic,No,Yes,Yes,No,Yes,No,One year,Yes,Electronic check,76.69,2455.01,No
3193-JTZMK,Female,0,Yes,Yes,6,Yes,Yes,Fiber optic,No,Yes,Yes,Yes,Yes,No,Month-to-month,No,Electronic check,82.35,497.77,Yes
4249-DBVAV,Male,0,Yes,No,24,Yes,Yes,DSL,Yes,No,Yes,Yes,Yes,Yes,Month-to-month,Yes,Electronic check,63.21,1507.15,No
3225-SYTSG,Male,0,Yes,Yes,27,Yes,Yes,Fiber optic,No,Yes,Yes,Yes,Yes,Yes,Month-to-month,No,Mailed check,83.35,2342.88,No
6382-QLAXF,Male,1,No,No,15,Yes,Yes,DSL,No,Yes,Yes,No,Yes,Yes,Month-to-month,No,Electronic check,59.5,860.11,Yes
9760-YATQF,Female,0,No,No,72,Yes,No,DSL,Yes,Yes,No,Yes,No,No,Two year,Yes,Electronic check,68.56,4956.64,No
8314-CGYTC,Male,0,Yes,No,7,Yes,No,DSL,No,Yes,No,No,Yes,Yes,Month-to-month,Yes,Mailed check,64.89,445.22,No
2296-GBEOA,Female,0,Yes,Yes,52,Yes,No,Fiber optic,Yes,Yes,Yes,Yes,Yes,Yes,Two year,Yes,Credit card (automatic),79.02,4222.03,No
3586-IZZVI,Female,0,Yes,No,55,No,No phone service,No,No internet service,No internet service,No internet service,No internet service,No internet service,No internet service,Two year,No,Credit card (automatic),18.25,968.47,No
5745-NWTXO,Female,0,Yes,No,50,Yes,No,Fiber optic,No,No,No,Yes,Yes,No,Two year,Yes,Electronic check,85.41,4070.64,No
9271-TTRIP,Female,0,Yes,No,45,Yes,Yes,Fiber optic,Yes,No,Yes,Yes,Yes,Yes,Two year,Yes,Bank transfer (automatic),76.35,3317.99,No
4208-QGUOS,Male,0,Yes,Yes,13,Yes,Yes,Fiber optic,Yes,Yes,Yes,No,Yes,Yes,Month-to-month,Yes,Bank transfer (automatic),83.02,1117.8,Yes
2995-UUDJR,Female,0,No,No,8,Yes,Yes,DSL,Yes,No,Yes,No,Yes,Yes,Month-to-month,No,Credit card (automatic),62.51,519.72,No
8861-TMHXW,Male,0,Yes,No,39,Yes,No,Fiber optic,No,Yes,Yes,Yes,No,Yes,One year,No,Mailed check,76.6,2939.08,No
9070-HLGYW,Female,1,Yes,No,3,Yes,No,DSL,No,No,Yes,Yes,No,No,Month-to-month,Yes,Mailed check,64.99,202.81,Yes
2559-GOKLJ,Male,0,Yes,Yes,14,Yes,Yes,Fiber optic,No,Yes,No,Yes,Yes,Yes,Month-to-month,Yes,Credit card (automatic),87.97,1180.16,Yes
7064-XXLVS,Female,1,No,No,35,Yes,No,No,No internet service,No internet service,No internet service,No internet service,No internet service,No internet service,Two year,Yes,Bank transfer (automatic),18.25,655.02,No
2771-UJQSY,Female,0,Yes,Yes,10,Yes,No,Fiber optic,Yes,No,Yes,No,No,Yes,One year,Yes,Bank transfer (automatic),85.88,825.52,No
9533-UNKLY,Male,1,No,No,64,Yes,Yes,Fiber optic,Yes,No,Yes,No,No,Yes,Month-to-month,Yes,Credit card (automatic),92.04,5640.88,Yes
2845-NRAQG,Male,0,Yes,Yes,40,Yes,No,DSL,Yes,Yes,Yes,No,Yes,No,One year,Yes,Credit card (automatic),59.99,2501.79,No
3525-QAELP,Female,0,No,Yes,46,No,No phone service,Fiber optic,Yes,Yes,Yes,Yes,Yes,Yes,Two year,Yes,Electronic check,70.21,3271.51,No
1981-JHNHA,Female,0,No,No,41,Yes,Yes,Fiber optic,Yes,No,No,Yes,No,No,Two year,Yes,Bank transfer (automatic),86.65,3646.54,No
5770-WPJMD,Male,0,No,No,54,Yes,No,No,No internet service,No internet service,No internet service,No internet service,No internet service,No internet service,One year,No,Bank transfer (automatic),21.79,1159.9,No
3129-LPMZQ,Male,0,Yes,Yes,3,Yes,No,Fiber optic,Yes,Yes,No,Yes,No,No,Month-to-month,Yes,Mailed check,86.31,267.05,Yes
1206-NPBKW,Male,0,No,No,58,Yes,No,DSL,No,Yes,Yes,Yes,Yes,No,Two year,Yes,Bank transfer (automatic),64.03,3784.98,No
4211-LFCIU,Female,0,No,No,39,Yes,Yes,No,No internet service,No internet service,No internet service,No internet service,No internet service,No internet service,One year,No,Credit card (automatic),18.25,679.24,No
9847-RVQRL,Female,0,No,No,2,Yes,Yes,No,No internet service,No internet service,No internet service,No internet service,No internet service,No internet service,Month-to-month,Yes,Bank transfer (automatic),26.38,55.05,No
1550-KWNTB,Male,0,No,No,60,Yes,Yes,Fiber optic,No,No,Yes,No,No,No,Two year,Yes,Electronic check,77.05,4410.11,No
2811-HJZMR,Male,0,No,No,17,Yes,No,Fiber optic,No,Yes,Yes,No,Yes,Yes,Month-to-month,No,Credit card (automatic),75.32,1318.97,No
6799-KZFAT,Male,0,Yes,No,39,Yes,No,Fiber optic,No,No,No,Yes,Yes,No,Two year,No,Mailed check,87.52,3551.48,No
6883-GWEGE,Female,0,Yes,No,38,Yes,No,Fiber optic,Yes,Yes,Yes,Yes,No,Yes,Two year,Yes,Credit card (automatic),83.6,3249.74,No
2676-SSQWB,Female,0,No,No,35,Yes,Yes,Fiber optic,No,Yes,Yes,No,No,Yes,Month-to-month,Yes,Electronic check,67.7,2331.64,No
6583-CYQTO,Male,0,Yes,No,45,Yes,No,Fiber optic,Yes,No,Yes,No,No,Yes,Month-to-month,Yes,Credit card (automatic),86.9,3949.76,Yes
4452-RVEWS,Male,0,Yes,Yes,20,Yes,Yes,DSL,No,Yes,Yes,No,No,No,Month-to-month,Yes,Electronic check,52.94,1019.26,Yes
1772-YEPDF,Female,1,No,No,2,Yes,Yes,DSL,No,Yes,No,No,Yes,Yes,Month-to-month,No,Credit card (automatic),60.07,119.44,Yes
6786-RRIVB,Female,0,Yes,No,10,Yes,Yes,DSL,No,Yes,No,Yes,No,Yes,Month-to-month,Yes,Credit card (automatic),57.5,563.7,No
8687-HQXGK,Male,0,Yes,No,23,Yes,No,Fiber optic,Yes,Yes,No,No,No,No,Month-to-month,Yes,Electronic check,88.76,1992.67,No
8454-WGNIN,Female,0,No,Yes,10,Yes,Yes,No,No internet service,No internet service,No internet service,No internet service,No internet service,No internet service,Month-to-month,Yes,Electronic check,28.09,288.73,No
4412-AYQMC,Female,1,No,No,57,Yes,No,No,No internet service,No internet service,No internet service,No internet service,No internet service,No internet service,Two year,No,Bank transfer (automatic),26.55,1513.51,No
1641-MQGTK,Female,0,Yes,No,30,Yes,Yes,Fiber optic,Yes,Yes,No,Yes,Yes,Yes,Month-to-month,Yes,Mailed check,86.41,2686.01,No
1099-NEADH,Female,0,No,Yes,43,Yes,Yes,DSL,Yes,Yes,Yes,Yes,Yes,No,Month-to-month,No,Mailed check,59.32,2640.99,No
5633-ZFBEI,Male,1,Yes,No,14,Yes,Yes,DSL,No,Yes,Yes,Yes,Yes,Yes,Month-to-month,Yes,Bank transfer (automatic),65.15,899.85,Yes
2847-IZJQR,Male,0,No,No,39,Yes,No,DSL,No,Yes,Yes,Yes,Yes,Yes,Month-to-month,No,Credit card (automatic),61.72,2323.27,No
2171-GKLAQ,Male,0,No,No,1,Yes,Yes,Fiber optic,Yes,Yes,No,No,No,No,Month-to-month,Yes,Bank transfer (automatic),88.69,87.71,Yes
3705-IPYWZ,Male,0,No,No,72,No,No phone service,Fiber optic,No,No,No,Yes,No,No,Two year,Yes,Electronic check,86.63,6044.64,No
4721-DFIHF,Female,0,No,No,65,Yes,No,No,No internet service,No internet service,No internet service,No internet service,No internet service,No internet service,Month-to-month,Yes,Credit card (automatic),31.55,2132.6,No
2357-ERMAO,Female,1,Yes,No,64,Yes,Yes,DSL,No,No,Yes,No,No,No,Two year,No,Credit card (automatic),60.39,3780.21,No
8580-LIHJH,Male,0,Yes,No,21,Yes,Yes,DSL,No,Yes,No,Yes,Yes,Yes,Month-to-month,No,Credit card (automatic),69.54,1525.06,No
9317-ZIYWB,Male,0,Yes,Yes,15,Yes,No,DSL,No,Yes,No,No,Yes,Yes,Month-to-month,Yes,Mailed check,55.79,803.91,No
5417-RKLMR,Female,1,Yes,No,30,Yes,No,Fiber optic,Yes,Yes,No,No,No,Yes,Two year,No,Bank transfer (automatic),82.62,2422.37,No
3643-PGXCB,Male,0,No,No,13,Yes,Yes,DSL,No,No,Yes,No,No,No,Month-to-month,Yes,Mailed check,63.19,807.55,Yes
1339-JPZLE,Male,0,No,No,31,Yes,No,No,No internet service,No internet service,No internet service,No internet service,No internet service,No internet service,Month-to-month,Yes,Bank transfer (automatic),23.33,696.86,No
4313-DMSAU,Female,0,Yes,Yes,19,Yes,No,Fiber optic,Yes,No,Yes,No,Yes,Yes,Month-to-month,Yes,Credit card (automatic),88.33,1725.25,Yes
3056-RVURS,Female,0,Yes,No,53,Yes,No,Fiber optic,Yes,No,Yes,Yes,Yes,No,Two year,Yes,Credit card (automatic),83.17,4213.32,No
2688-DJPQU,Female,0,No,No,35,Yes,No,No,No internet service,No internet service,No internet service,No internet service,No internet service,No internet service,Month-to-month,No,Credit card (automatic),18.25,667.38,No
3776-WLGTD,Male,0,Yes,No,1,No,No phone service,Fiber optic,Yes,Yes,Yes,Yes,No,Yes,Month-to-month,Yes,Bank transfer (automatic),70.32,67.98,Yes
4647-UUGEA,Male,1,Yes,Yes,47,Yes,No,No,No internet service,No internet service,No internet service,No internet service,No internet service,No internet service,Two year,Yes,Electronic check,30.49,1380.51,No
1804-VUNOI,Female,0,No,No,56,Yes,No,Fiber optic,No,No,Yes,No,No,Yes,One year,Yes,Credit card (automatic),77.22,4416.56,No
2728-ARACU,Male,1,Yes,Yes,37,Yes,No,DSL,Yes,Yes,Yes,No,Yes,No,Two year,Yes,Electronic check,60.29,2143.87,No
6244-MFDMJ,Female,0,Yes,No,13,Yes,No,DSL,No,Yes,Yes,Yes,Yes,Yes,Month-to-month,Yes,Credit card (automatic),57.23,755.22,No
5806-EGCLH,Male,1,No,No,30,Yes,Yes,No,No internet service,No internet service,No internet service,No internet service,No internet service,No internet service,One year,Yes,Electronic check,27.9,839.41,No
3010-OMFSI,Female,0,Yes,Yes,56,Yes,No,Fiber optic,Yes,Yes,Yes,Yes,No,Yes,One year,Yes,Electronic check,82.73,4534.41,No
4071-MDKPD,Female,0,No,No,18,Yes,No,Fiber optic,Yes,Yes,Yes,No,No,No,Month-to-month,No,Mailed check,77.72,1435.82,No
6083-BPAEJ,Male,0,No,No,46,Yes,Yes,DSL,Yes,Yes,No,No,No,Yes,One year,No,Mailed check,51.08,2417.16,No
6531-SMDKU,Male,0,No,No,39,Yes,Yes,DSL,No,No,Yes,No,No,Yes,Two year,Yes,Electronic check,65.03,2411.89,No
1812-SKASA,Male,1,No,No,34,Yes,Yes,Fiber optic,Yes,No,No,No,Yes,Yes,Month-to-month,No,Mailed check,81.75,2768.65,No
4326-FPBCN,Male,1,No,No,18,Yes,Yes,Fiber optic,No,Yes,No,No,No,Yes,Month-to-month,Yes,Electronic check,74.4,1393.85,Yes
9944-BLUHM,Female,0,Yes,No,5,Yes,No,No,No internet service,No internet service,No internet service,No internet service,No internet service,No internet service,Month-to-month,No,Mailed check,26.34,130.84,No
8547-SHTRN,Male,0,No,No,21,Yes,No,DSL,Yes,No,Yes,No,No,Yes,One year,No,Mailed check,61.96,1326.53,No
4969-YWZRJ,Male,0,No,Yes,56,Yes,Yes,Fiber optic,No,No,Yes,No,Yes,Yes,One year,Yes,Credit card (automatic),80.83,4519.47,No
1986-DYJCF,Female,0,No,Yes,14,No,No phone service,No,No internet service,No internet service,No internet service,No internet service,No internet service,No internet service,Month-to-month,Yes,Credit card (automatic),19.41,262.85,Yes
1187-NPJTM,Male,1,No,No,6,Yes,No,Fiber optic,Yes,Yes,No,No,Yes,No,Month-to-month,Yes,Electronic check,89.24,542.09,Yes
9638-TBHTN,Male,0,Yes,Yes,8,Yes,Yes,DSL,No,No,Yes,Yes,Yes,Yes,Month-to-month,Yes,Electronic check,60.35,463.21,Yes
7778-IAUUQ,Female,0,No,No,9,Yes,No,No,No internet service,No internet service,No internet service,No internet service,No internet service,No internet service,Month-to-month,Yes,Credit card (automatic),18.25,172.21,No
4638-ASRRE,Female,1,No,No,59,Yes,Yes,DSL,Yes,No,No,No,Yes,No,One year,Yes,Credit card (automatic),60.31,3512.92,No
7580-SWOTK,Male,0,Yes,Yes,34,Yes,Yes,Fiber optic,Yes,No,Yes,Yes,Yes,Yes,Month-to-month,Yes,Bank transfer (automatic),88.85,2915.08,No
7269-SUWAU,Male,0,Yes,Yes,26,Yes,Yes,No,No internet service,No internet service,No internet service,No internet service,No internet service,No internet service,Month-to-month,Yes,Mailed check,18.25,480.26,No
8131-ONSLK,Female,0,No,Yes,2,No,No phone service,DSL,Yes,Yes,Yes,No,No,Yes,Month-to-month,No,Bank transfer (automatic),59.29,120.72,Yes
8229-UFVID,Female,0,No,Yes,12,Yes,Yes,Fiber optic,No,Yes,No,No,No,No,Month-to-month,No,Bank transfer (automatic),82.49,1034.01,No
8904-GFHME,Male,0,No,Yes,59,Yes,Yes,Fiber optic,No,No,No,Yes,Yes,Yes,One year,Yes,Electronic check,74.02,4364.54,No
2435-KFFXP,Male,0,No,Yes,45,Yes,Yes,Fiber optic,No,No,Yes,No,Yes,Yes,One year,Yes,Mailed check,88.39,3811.65,No
1124-CVHDR,Male,0,No,No,36,Yes,No,DSL,No,Yes,No,Yes,No,Yes,Two year,No,Credit card (automatic),55.19,1921.67,No
8541-KTKCU,Female,0,No,Yes,21,Yes,No,No,No internet service,No internet service,No internet service,No internet service,No internet service,No internet service,Month-to-month,Yes,Bank transfer (automatic),24.93,510.31,No
9269-ZCOQC,Female,0,No,Yes,18,Yes,Yes,DSL,No,Yes,No,Yes,Yes,Yes,One year,No,Mailed check,61.81,1086.23,No
9563-CGZOR,Female,1,Yes,No,55,Yes,No,DSL,Yes,Yes,Yes,No,Yes,Yes,Month-to-month,No,Mailed check,60.56,3195.85,No
5442-TCRBE,Female,0,Yes,No,19,Yes,Yes,DSL,Yes,No,Yes,Yes,Yes,Yes,Month-to-month,Yes,Bank transfer (automatic),55.41,1011.61,No
5555-LDUHW,Male,0,No,Yes,52,Yes,Yes,DSL,Yes,Yes,Yes,Yes,Yes,No,One year,No,Electronic check,67.1,3376.49,No
1134-GHPKE,Male,0,Yes,No,8,Yes,Yes,Fiber optic,No,No,No,Yes,Yes,Yes,Month-to-month,No,Credit card (automatic),77.71,596.62,Yes
6139-YDGMS,Male,1,No,No,19,No,No phone service,DSL,No,No,Yes,Yes,No,Yes,Month-to-month,Yes,Credit card (automatic),52.71,1037.91,No
2229-GGQCR,Male,0,No,No,72,Yes,Yes,No,No internet service,No internet service,No internet service,No internet service,No internet service,No internet service,Month-to-month,Yes,Mailed check,30.01,2204.69,No
4828-IWVUX,Female,0,Yes,No,42,Yes,Yes,Fiber optic,No,Yes,Yes,No,No,Yes,One year,Yes,Mailed check,82.16,3499.19,No
3104-WEIOT,Female,0,Yes,No,35,Yes,No,Fiber optic,No,Yes,Yes,Yes,Yes,No,Month-to-month,Yes,Bank transfer (automatic),80.72,2854.87,Yes
6198-OJPMM,Male,0,Yes,No,42,Yes,No,DSL,No,Yes,No,Yes,No,No,Two year,No,Credit card (automatic),57.93,2385.88,No
6270-PIDHK,Female,0,No,No,8,Yes,Yes,No,No internet service,No internet service,No internet service,No internet service,No internet service,No internet service,Month-to-month,No,Electronic check,18.25,142.18,Yes
2448-EYHTD,Female,0,No,No,8,Yes,Yes,DSL,No,No,Yes,Yes,No,No,Month-to-month,Yes,Bank transfer (automatic),65.63,517.38,No
9749-FKUFO,Male,1,No,Yes,34,Yes,No,No,No internet service,No internet service,No internet service,No internet service,No internet service,No internet service,Month-to-month,Yes,Mailed check,18.25,607.5,No
8068-AAUGX,Female,0,No,No,64,Yes,No,DSL,No,Yes,No,Yes,Yes,Yes,Two year,No,Credit card (automatic),59.68,3664.0,No
9345-WZVJZ,Male,0,Yes,No,34,Yes,Yes,Fiber optic,Yes,Yes,Yes,Yes,No,Yes,One year,Yes,Mailed check,68.99,2391.74,No
4112-PAZPY,Male,0,Yes,Yes,5,Yes,Yes,Fiber optic,No,Yes,No,No,No,No,Month-to-month,No,Electronic check,83.34,404.2,No
4175-INWOU,Male,0,No,Yes,64,Yes,No,Fiber optic,Yes,No,No,Yes,Yes,No,Two year,No,Electronic check,74.96,4750.57,No
2929-UTXBJ,Male,0,No,No,22,No,No phone service,DSL,No,Yes,Yes,No,Yes,Yes,Month-to-month,No,Mailed check,44.44,970.31,No
1798-KTQTT,Male,0,No,No,71,Yes,No,DSL,No,Yes,Yes,Yes,Yes,No,Two year,No,Electronic check,53.79,3968.5,No
9929-WPWBS,Male,0,No,No,32,Yes,Yes,Fiber optic,Yes,Yes,No,Yes,No,Yes,Month-to-month,Yes,Electronic check,72.66,2331.5,Yes
5697-YNESY,Female,0,No,No,19,Yes,No,No,No internet service,No internet service,No internet service,No internet service,No internet service,No internet service,Month-to-month,Yes,Bank transfer (automatic),23.72,468.06,Yes
1145-BROOC,Female,0,Yes,Yes,53,Yes,Yes,DSL,No,No,Yes,Yes,No,No,Two year,No,Bank transfer (automatic),59.83,3154.1,No
6148-OWKJC,Male,0,No,No,16,Yes,No,Fiber optic,Yes,Yes,Yes,No,No,Yes,Month-to-month,No,Credit card (automatic),81.83,1341.13,Yes
6101-QHTYE,Male,0,No,No,46,Yes,Yes,DSL,No,No,Yes,No,Yes,Yes,One year,Yes,Electronic check,55.46,2527.99,No
6153-SAEKD,Male,0,No,Yes,41,Yes,Yes,DSL,No,No,Yes,Yes,Yes,No,Month-to-month,Yes,Credit card (automatic),64.57,2629.43,Yes
4199-DXPIU,Female,0,No,Yes,72,Yes,No,DSL,Yes,Yes,Yes,Yes,Yes,No,Month-to-month,Yes,Mailed check,58.0,4272.75,No
1165-PRVFP,Female,0,Yes,No,11,Yes,Yes,No,No internet service,No internet service,No internet service,No internet service,No internet service,No internet service,Month-to-month,No,Electronic check,31.33,333.69,No
7908-UEZHK,Female,0,No,No,31,Yes,No,Fiber optic,Yes,Yes,Yes,Yes,Yes,Yes,Month-to-month,Yes,Electronic check,69.35,2080.1,Yes
2728-DGDTP,Female,1,No,No,3,Yes,No,Fiber optic,Yes,Yes,No,No,Yes,Yes,Month-to-month,Yes,Bank transfer (automatic),83.82,243.17,No
4509-OPEHW,Female,0,No,No,0,Yes,No,Fiber optic,Yes,No,Yes,No,No,Yes,Month-to-month,No,Mailed check,83.7, ,Yes
1108-YZGIF,Female,0,Yes,No,44,Yes,Yes,DSL,Yes,Yes,No,No,Yes,No,One year,No,Bank transfer (automatic),54.65,2299.13,No
6045-FUKZW,Male,0,Yes,No,41,Yes,No,Fiber optic,Yes,No,Yes,Yes,Yes,Yes,Month-to-month,No,Credit card (automatic),89.05,3489.05,No
4611-PABNM,Male,0,No,Yes,5,Yes,Yes,No,No internet service,No internet service,No internet service,No internet service,No internet service,No internet service,Month-to-month,Yes,Bank transfer (automatic),24.11,125.46,No
4584-CVKMK,Male,0,Yes,No,72,No,No phone service,Fiber optic,Yes,Yes,Yes,Yes,Yes,No,Two year,Yes,Electronic check,78.07,5720.41,No
5475-QTOEW,Male,0,No,No,41,No,No phone service,Fiber optic,Yes,Yes,No,Yes,No,Yes,Month-to-month,Yes,Mailed check,79.6,3312.46,Yes
3561-ABUKA,Male,1,No,No,24,Yes,No,Fiber optic,Yes,Yes,Yes,No,No,Yes,Two year,Yes,Bank transfer (automatic),93.37,2338.75,No
8302-HZWBR,Male,0,No,No,7,Yes,No,DSL,No,Yes,No,No,Yes,Yes,Month-to-month,Yes,Credit card (automatic),56.85,407.94,Yes
6428-EIMDS,Male,0,Yes,No,49,Yes,No,Fiber optic,Yes,No,No,Yes,Yes,Yes,Two year,No,Electronic check,83.3,4032.5,No
3495-YUQDA,Male,0,Yes,No,58,Yes,Yes,DSL,Yes,Yes,Yes,Yes,No,Yes,One year,No,Bank transfer (automatic),66.4,3728.69,No
2313-MUDSB,Male,0,No,No,19,Yes,No,Fiber optic,Yes,Yes,No,No,Yes,Yes,Month-to-month,No,Electronic check,81.48,1567.84,Yes
3390-PVUNA,Female,0,Yes,No,18,Yes,No,DSL,No,No,No,Yes,Yes,No,Month-to-month,Yes,Electronic check,65.69,1184.12,Yes
3640-UCSST,Female,1,No,No,64,Yes,Yes,Fiber optic,No,Yes,No,No,No,No,Month-to-month,Yes,Electronic check,82.25,5362.64,No
2954-GFKND,Male,0,No,No,43,No,No phone service,DSL,Yes,Yes,Yes,No,Yes,No,Month-to-month,No,Electronic check,56.42,2311.96,Yes
6106-GOHYI,Male,0,No,No,66,Yes,No,No,No internet service,No internet service,No internet service,No internet service,No internet service,No internet service,Month-to-month,Yes,Credit card (automatic),23.34,1600.37,No
8840-ECEKX,Female,0,Yes,No,0,Yes,No,DSL,No,No,Yes,Yes,Yes,Yes,One year,No,Bank transfer (automatic),57.43, ,No
2586-USIIY,Male,0,Yes,No,35,Yes,No,Fiber optic,No,No,Yes,No,No,No,One year,Yes,Electronic check,82.35,2774.4,No
7430-GXKCV,Male,1,No,No,1,Yes,No,Fiber optic,Yes,Yes,Yes,Yes,No,No,Month-to-month,Yes,Mailed check,77.42,76.65,Yes
8817-LSGWJ,Female,0,Yes,Yes,13,Yes,No,DSL,Yes,No,No,No,No,No,One year,No,Credit card (automatic),54.6,684.65,No
3405-NGQTK,Male,1,No,Yes,2,Yes,Yes,No,No internet service,No internet service,No internet service,No internet service,No internet service,No internet service,Month-to-month,Yes,Bank transfer (automatic),23.44,45.43,No
8050-LZGSN,Female,0,No,Yes,11,Yes,No,DSL,Yes,Yes,Yes,No,Yes,Yes,Month-to-month,Yes,Credit card (automatic),59.54,646.98,No
9490-FFWXT,Male,0,Yes,No,6,Yes,Yes,DSL,Yes,No,No,No,Yes,No,Month-to-month,Yes,Mailed check,63.13,394.86,Yes
5273-KRTHA,Male,0,Yes,No,19,Yes,Yes,No,No internet service,No internet service,No internet service,No internet service,No internet service,No internet service,Month-to-month,Yes,Mailed check,22.04,410.73,No
1661-IRLQM,Male,1,Yes,No,8,Yes,Yes,Fiber optic,No,Yes,Yes,No,No,No,Month-to-month,Yes,Mailed check,91.22,696.89,Yes
3264-TSZVJ,Male,0,No,Yes,49,No,No phone service,Fiber optic,No,Yes,Yes,No,Yes,Yes,Month-to-month,Yes,Electronic check,70.17,3311.17,Yes
7341-JWPVH,Male,0,Yes,No,5,Yes,No,Fiber optic,No,Yes,No,Yes,No,Yes,Month-to-month,No,Bank transfer (automatic),77.2,371.03,No
1134-DNZQV,Male,0,No,No,72,Yes,Yes,Fiber optic,Yes,Yes,No,Yes,No,Yes,Two year,Yes,Mailed check,84.62,6350.92,No
5222-YYFWA,Female,0,No,Yes,29,Yes,Yes,Fiber optic,No,No,Yes,Yes,Yes,Yes,One year,Yes,Bank transfer (automatic),90.07,2722.89,No
6332-LHYRD,Male,0,Yes,No,53,Yes,No,DSL,Yes,Yes,No,Yes,Yes,Yes,Two year,Yes,Mailed check,55.02,3031.35,No
2253-DHBGT,Female,1,Yes,Yes,30,Yes,No,DSL,Yes,No,No,Yes,No,Yes,Month-to-month,No,Electronic check,68.4,2128.19,No
8862-UMSYB,Male,0,No,Yes,70,No,No phone service,Fiber optic,No,Yes,No,No,No,No,Two year,Yes,Electronic check,81.93,5869.63,No
9140-SKLLE,Female,0,Yes,No,39,No,No phone service,Fiber optic,No,No,Yes,No,No,No,Month-to-month,Yes,Mailed check,80.35,3243.92,Yes
3072-HANMI,Male,0,No,No,53,Yes,Yes,DSL,Yes,No,No,Yes,Yes,No,Month-to-month,No,Mailed check,62.24,3224.16,No
2587-ZRMSJ,Female,0,No,Yes,20,Yes,Yes,No,No internet service,No internet service,No internet service,No internet service,No internet service,No internet service,Month-to-month,No,Credit card (automatic),27.06,550.78,No
2939-RUQOA,Female,0,No,No,20,Yes,No,Fiber optic,No,No,No,No,Yes,Yes,Month-to-month,Yes,Mailed check,79.52,1588.73,Yes
6740-QKGZJ,Female,0,No,No,0,Yes,No,DSL,No,Yes,Yes,Yes,Yes,No,Month-to-month,Yes,Electronic check,56.47, ,Yes
3448-SMOQJ,Female,0,Yes,No,34,Yes,Yes,Fiber optic,No,Yes,No,No,Yes,Yes,One year,No,Mailed check,79.46,2762.48,No
2370-EYNKI,Female,1,No,No,48,Yes,Yes,Fiber optic,Yes,No,Yes,Yes,Yes,Yes,One year,No,Bank transfer (automatic),79.63,3877.55,Yes
7494-XTNMW,Male,0,Yes,No,27,Yes,No,DSL,Yes,No,No,No,Yes,Yes,Month-to-month,Yes,Electronic check,63.38,1658.33,No
8706-KZVWB,Male,0,No,No,67,Yes,No,DSL,Yes,Yes,Yes,Yes,No,Yes,Two year,No,Electronic check,66.79,4662.62,No
2169-HTCCA,Male,0,Yes,No,3,Yes,No,No,No internet service,No internet service,No internet service,No internet service,No internet service,No internet service,Month-to-month,Yes,Mailed check,18.31,52.62,Yes
2727-XSSHQ,Female,1,No,Yes,13,Yes,No,Fiber optic,Yes,Yes,No,No,No,No,Month-to-month,Yes,Bank transfer (automatic),77.05,1027.63,Yes
8010-NWOIQ,Female,1,No,No,46,No,No phone service,Fiber optic,No,No,No,No,No,No,Month-to-month,Yes,Mailed check,85.52,3968.51,Yes
9487-VMPZT,Female,0,No,No,30,Yes,Yes,No,No internet service,No internet service,No internet service,No internet service,No internet service,No internet service,Month-to-month,No,Electronic check,24.0,709.59,Yes
5522-HXZBA,Female,0,Yes,No,22,No,No phone service,DSL,Yes,Yes,No,Yes,No,Yes,Month-to-month,No,Credit card (automatic),58.33,1245.25,Yes
2035-KEWXE,Male,0,No,No,25,Yes,Yes,Fiber optic,No,Yes,Yes,Yes,Yes,No,Month-to-month,Yes,Bank transfer (automatic),79.94,2057.8,Yes
8460-DUJBL,Female,0,Yes,No,0,Yes,No,DSL,No,No,Yes,No,No,No,Month-to-month,Yes,Credit card (automatic),70.8, ,Yes
8404-YDVHM,Male,0,No,Yes,48,Yes,No,DSL,Yes,No,No,No,Yes,Yes,Two year,Yes,Mailed check,60.04,2792.24,No
1978-ZUQSW,Female,0,Yes,No,43,No,No phone service,DSL,Yes,No,Yes,Yes,No,No,Two year,No,Mailed check,59.21,2528.24,No
2290-GAMMA,Female,1,No,No,53,Yes,No,DSL,Yes,Yes,Yes,Yes,Yes,No,Two year,No,Bank transfer (automatic),64.92,3546.14,No
6953-AUSVD,Female,0,No,Yes,72,Yes,Yes,No,No internet service,No internet service,No internet service,No internet service,No internet service,No internet service,Month-to-month,Yes,Credit card (automatic),18.25,1310.2,No
8832-OWSRA,Female,0,No,Yes,8,Yes,Yes,Fiber optic,No,Yes,No,Yes,No,Yes,Month-to-month,No,Mailed check,72.33,554.91,No
7227-LWRBX,Female,0,Yes,No,38,Yes,No,DSL,Yes,No,Yes,Yes,Yes,Yes,One year,Yes,Bank transfer (automatic),56.05,2213.59,No
1566-HFZDV,Male,0,No,No,58,Yes,Yes,No,No internet service,No internet service,No internet service,No internet service,No internet service,No internet service,One year,Yes,Credit card (automatic),24.72,1382.0,No
2999-QCKQS,Male,0,Yes,Yes,47,Yes,No,Fiber optic,Yes,Yes,No,Yes,Yes,No,Month-to-month,Yes,Electronic check,82.49,4009.09,No
8851-VNHGZ,Male,0,No,No,68,Yes,Yes,DSL,Yes,No,No,No,Yes,No,Two year,No,Electronic check,65.54,4342.82,No
6474-XLMVS,Female,0,Yes,No,72,No,No phone service,Fiber optic,Yes,Yes,No,Yes,Yes,No,Two year,Yes,Bank transfer (automatic),71.72,4977.96,No
2806-NFTAV,Male,0,Yes,No,28,Yes,No,DSL,No,No,No,Yes,Yes,Yes,Month-to-month,Yes,Electronic check,53.26,1477.48,No
9360-AQCJI,Female,0,No,No,72,Yes,Yes,Fiber optic,Yes,Yes,No,Yes,Yes,Yes,Two year,No,Bank transfer (automatic),76.94,5707.91,No
5676-XMKCX,Female,0,No,No,53,Yes,No,Fiber optic,No,Yes,Yes,No,Yes,Yes,Month-to-month,Yes,Mailed check,89.2,4916.05,No
3831-MCHOX,Male,0,Yes,No,54,Yes,No,No,No internet service,No internet service,No internet service,No internet service,No internet service,No internet service,Month-to-month,No,Electronic check,29.06,1508.96,No
3959-OWJHB,Female,0,Yes,No,10,Yes,Yes,Fiber optic,Yes,Yes,Yes,Yes,No,Yes,Month-to-month,No,Credit card (automatic),74.76,715.8,Yes
9170-CFDSJ,Female,0,No,No,25,Yes,No,Fiber optic,Yes,No,Yes,Yes,Yes,Yes,One year,Yes,Mailed check,86.92,2115.33,No
7344-PAHAB,Male,0,Yes,No,8,No,No phone service,No,No internet service,No internet service,No internet service,No internet service,No internet service,No internet service,Month-to-month,Yes,Credit card (automatic),18.25,148.67,Yes
5256-GCKLZ,Male,0,Yes,No,6,Yes,Yes,DSL,No,Yes,No,Yes,No,Yes,Month-to-month,Yes,Bank transfer (automatic),51.17,304.21,Yes
6953-KMCKP,Female,0,Yes,Yes,11,Yes,Yes,Fiber optic,No,No,No,No,No,Yes,Month-to-month,No,Mailed check,82.26,937.11,Yes
1188-XNUHV,Female,0,Yes,No,11,No,No phone service,Fiber optic,Yes,No,Yes,No,No,Yes,Month-to-month,Yes,Bank transfer (automatic),76.87,848.51,No
4301-YNQFZ,Female,0,Yes,Yes,58,Yes,No,Fiber optic,Yes,Yes,Yes,No,No,Yes,One year,Yes,Electronic check,87.15,4860.27,No
2733-ALVXW,Male,0,No,Yes,13,Yes,Yes,DSL,Yes,Yes,Yes,No,No,Yes,Month-to-month,Yes,Mailed check,58.89,739.11,No
5976-XMMEU,Female,1,No,No,47,Yes,Yes,DSL,No,No,Yes,Yes,Yes,No,Month-to-month,No,Mailed check,66.34,3206.21,No
3844-FJPHJ,Female,0,Yes,No,71,Yes,No,DSL,Yes,Yes,No,Yes,No,Yes,Two year,Yes,Credit card (automatic),67.05,4875.25,No
3970-PSRDJ,Male,0,Yes,Yes,57,Yes,No,DSL,No,No,Yes,Yes,No,No,Two year,No,Bank transfer (automatic),56.17,3083.34,No
6835-FBIRR,Male,1,No,No,52,Yes,Yes,Fiber optic,No,Yes,Yes,Yes,No,No,Two year,No,Electronic check,81.43,4125.44,No
2167-RFTOD,Female,0,No,Yes,64,Yes,Yes,No,No internet service,No internet service,No internet service,No internet service,No internet service,No internet service,Month-to-month,Yes,Credit card (automatic),30.42,2032.51,Yes
4151-VLRTA,Female,0,No,No,45,Yes,No,Fiber optic,No,Yes,Yes,Yes,No,No,Month-to-month,No,Bank transfer (automatic),82.77,3582.09,Yes
9382-IUMPJ,Female,0,No,No,50,Yes,Yes,No,No internet service,No internet service,No internet service,No internet service,No internet service,No internet service,Two year,Yes,Credit card (automatic),30.61,1570.72,No
8678-DXFWA,Female,0,No,No,16,Yes,No,No,No internet service,No internet service,No internet service,No internet service,No internet service,No internet service,Two year,Yes,Mailed check,30.82,482.84,No
1123-COGPV,Male,0,Yes,Yes,32,Yes,Yes,DSL,Yes,Yes,Yes,Yes,No,No,Month-to-month,Yes,Electronic check,49.8,1568.15,Yes
1244-NTLYR,Male,0,No,Yes,67,Yes,No,Fiber optic,No,No,No,No,No,Yes,Two year,Yes,Bank transfer (automatic),85.87,5540.69,No
1310-OJDYF,Female,0,Yes,No,2,Yes,No,Fiber optic,No,Yes,Yes,No,Yes,No,Month-to-month,Yes,Credit card (automatic),85.09,164.65,Yes
1750-FVPVM,Male,0,No,No,11,Yes,No,DSL,Yes,Yes,No,No,Yes,Yes,Two year,Yes,Electronic check,62.29,711.33,No
2052-KFOHZ,Male,0,Yes,No,34,Yes,No,Fiber optic,No,No,No,Yes,No,Yes,Month-to-month,No,Electronic check,84.77,2782.58,Yes
4394-IZNEM,Male,0,No,Yes,24,Yes,Yes,Fiber optic,No,No,Yes,Yes,Yes,No,Month-to-month,Yes,Mailed check,84.66,2089.49,No
3291-SOSYS,Male,0,No,No,56,Yes,No,Fiber optic,No,Yes,No,No,No,No,Month-to-month,No,Credit card (automatic),93.54,4984.15,No
4064-FNLIV,Female,0,No,Yes,39,Yes,Yes,Fiber optic,Yes,Yes,Yes,No,No,Yes,Month-to-month,Yes,Mailed check,85.16,3224.95,Yes
9183-JRZAJ,Female,0,Yes,No,26,Yes,No,Fiber optic,Yes,No,No,Yes,Yes,No,One year,Yes,Electronic check,80.05,2153.1,Yes
7639-MUMBL,Female,1,No,No,37,Yes,Yes,DSL,Yes,Yes,No,No,No,No,One year,Yes,Mailed check,57.4,2183.96,No
4640-VDEDO,Female,1,Yes,Yes,41,Yes,Yes,DSL,Yes,No,No,No,No,No,Month-to-month,No,Bank transfer (automatic),58.28,2501.95,No
9959-QVWPP,Male,0,No,No,63,Yes,No,DSL,No,No,Yes,Yes,Yes,Yes,One year,Yes,Bank transfer (automatic),67.4,4105.6,No
3187-YUWZJ,Female,0,Yes,Yes,19,Yes,Yes,Fiber optic,Yes,No,Yes,No,Yes,No,Month-to-month,Yes,Credit card (automatic),76.5,1475.9,No
2293-WMYSG,Female,1,No,Yes,6,Yes,Yes,Fiber optic,No,Yes,No,Yes,Yes,No,Month-to-month,Yes,Credit card (automatic),91.91,550.21,Yes
4193-PKHFQ,Female,0,Yes,Yes,23,No,No phone service,No,No internet service,No internet service,No internet service,No internet service,No internet service,No internet service,Month-to-month,Yes,Mailed check,21.04,483.77,No
1316-CBTAK,Female,0,Yes,No,13,Yes,No,No,No internet service,No internet service,No internet service,No internet service,No internet service,No internet service,Month-to-month,Yes,Electronic check,18.25,241.84,No
2091-PAAKS,Male,0,No,No,17,Yes,Yes,Fiber optic,Yes,Yes,No,No,Yes,No,Month-to-month,Yes,Electronic check,90.75,1580.58,No
1986-MVQTI,Female,0,No,No,72,Yes,No,No,No internet service,No internet service,No internet service,No internet service,No internet service,No internet service,Two year,No,Electronic check,29.73,2137.14,No
9477-DPLAY,Female,0,No,No,39,Yes,Yes,DSL,Yes,No,Yes,Yes,No,No,Two year,Yes,Mailed check,57.76,2253.95,No
7319-FBROB,Male,0,Yes,No,12,Yes,No,DSL,No,Yes,No,No,Yes,No,Month-to-month,Yes,Bank transfer (automatic),61.11,754.8,No
9873-SMGHL,Male,0,Yes,Yes,13,Yes,No,Fiber optic,Yes,No,Yes,Yes,No,No,Month-to-month,No,Mailed check,88.45,1153.08,No
1514-JFCDI,Male,1,No,Yes,65,Yes,Yes,Fiber optic,Yes,Yes,No,Yes,No,Yes,Two year,Yes,Bank transfer (automatic),89.97,5839.54,No
4442-JRNFZ,Male,0,Yes,No,10,Yes,Yes,Fiber optic,Yes,Yes,No,Yes,Yes,Yes,Month-to-month,No,Electronic check,82.09,844.85,Yes
7570-MBXTM,Female,1,Yes,No,7,Yes,Yes,DSL,Yes,Yes,Yes,Yes,No,Yes,Month-to-month,Yes,Bank transfer (automatic),68.07,466.95,Yes
2455-CHFFK,Male,1,No,No,58,Yes,No,Fiber optic,Yes,Yes,Yes,Yes,Yes,Yes,Two year,Yes,Credit card (automatic),81.88,4884.03,No
1419-IWWAR,Male,0,Yes,No,48,Yes,No,DSL,Yes,Yes,No,Yes,No,Yes,Two year,Yes,Mailed check,67.16,3343.75,No
9918-PKMFK,Female,0,No,No,61,Yes,Yes,DSL,Yes,No,No,Yes,Yes,No,Two year,Yes,Mailed check,50.45,3050.74,No
9431-PLDXE,Male,0,Yes,No,29,Yes,Yes,No,No internet service,No internet service,No internet service,No internet service,No internet service,No internet service,Month-to-month,No,Bank transfer (automatic),34.15,957.14,No
7493-HHEJR,Female,0,No,Yes,9,Yes,Yes,No,No internet service,No internet service,No internet service,No internet service,No internet service,No internet service,Month-to-month,Yes,Bank transfer (automatic),18.25,164.8,No
4749-AGEKX,Female,1,No,No,48,Yes,No,Fiber optic,Yes,Yes,Yes,Yes,No,Yes,Two year,Yes,Credit card (automatic),78.24,3639.62,No
9663-ZCMBM,Male,0,No,No,52,No,No phone service,Fiber optic,Yes,Yes,No,No,No,No,Month-to-month,No,Credit card (automatic),84.13,4341.25,No
6189-UIALL,Male,0,No,Yes,41,Yes,No,No,No internet service,No internet service,No internet service,No internet service,No internet service,No internet service,Two year,Yes,Credit card (automatic),25.59,1058.54,No
6617-CPKTZ,Male,0,No,Yes,16,Yes,Yes,Fiber optic,No,Yes,Yes,Yes,Yes,No,Month-to-month,Yes,Credit card (automatic),87.25,1451.25,Yes
3048-TDZMT,Female,0,Yes,No,48,No,No phone service,DSL,Yes,Yes,No,No,Yes,No,Two year,No,Bank transfer (automatic),47.86,2254.66,No
7996-PJTMR,Female,0,Yes,Yes,61,Yes,No,Fiber optic,Yes,No,No,Yes,Yes,Yes,Month-to-month,Yes,Mailed check,77.95,4905.06,No
6518-MDHYN,Female,0,No,Yes,30,Yes,No,Fiber optic,Yes,No,Yes,No,No,Yes,Month-to-month,No,Electronic check,81.25,2539.45,Yes
6724-GSMFD,Female,0,Yes,Yes,34,Yes,No,Fiber optic,Yes,Yes,No,Yes,Yes,No,Two year,No,Credit card (automatic),73.65,2584.3,No
4554-OHGHH,Female,0,No,No,15,Yes,No,DSL,Yes,Yes,No,No,Yes,No,One year,No,Credit card (automatic),66.79,963.33,No
7650-MMEOZ,Female,0,No,No,18,Yes,No,Fiber optic,No,No,Yes,No,Yes,Yes,Month-to-month,Yes,Electronic check,82.58,1495.47,Yes
7708-LHJAA,Female,0,No,No,58,Yes,Yes,Fiber optic,Yes,No,Yes,No,Yes,No,Two year,Yes,Bank transfer (automatic),76.17,4308.81,No
7986-VZQYK,Male,0,Yes,Yes,41,Yes,No,No,No internet service,No internet service,No internet service,No internet service,No internet service,No internet service,One year,No,Electronic check,24.64,975.28,No
3286-GGTAY,Female,0,No,No,52,Yes,Yes,Fiber optic,Yes,Yes,Yes,No,No,Yes,One year,No,Bank transfer (automatic),82.95,4515.29,No
7972-JSDLC,Female,0,Yes,No,2,Yes,Yes,DSL,No,No,No,Yes,No,Yes,Month-to-month,No,Mailed check,62.93,125.33,No
2008-AUTXZ,Female,0,Yes,Yes,72,Yes,Yes,DSL,No,Yes,No,No,No,No,Two year,Yes,Electronic check,59.26,4148.71,No
9682-ZAUSE,Male,0,No,No,50,Yes,No,Fiber optic,No,Yes,No,Yes,No,No,One year,No,Electronic check,78.39,3815.55,No
2231-ZWIBI,Female,0,No,Yes,46,Yes,No,Fiber optic,No,Yes,Yes,Yes,No,No,One year,Yes,Credit card (automatic),81.7,3848.93,No
1047-RJBZV,Male,1,No,Yes,61,No,No phone service,Fiber optic,Yes,Yes,No,No,Yes,Yes,Two year,No,Bank transfer (automatic),90.6,5718.21,No
9141-ZAUUU,Female,1,Yes,No,6,Yes,No,DSL,Yes,Yes,Yes,No,Yes,No,Month-to-month,Yes,Bank transfer (automatic),62.04,363.34,No
3385-KYBQU,Male,0,Yes,No,60,Yes,Yes,DSL,Yes,No,No,No,Yes,Yes,Two year,No,Bank transfer (automatic),54.18,3097.92,No
8181-PTXTD,Female,0,No,No,48,Yes,Yes,DSL,Yes,No,Yes,No,No,No,Two year,No,Bank transfer (automatic),66.02,3246.71,No
3200-HIJFR,Female,0,No,No,14,Yes,No,Fiber optic,Yes,No,Yes,No,No,Yes,Month-to-month,No,Electronic check,97.0,1307.05,Yes
1992-URYAH,Male,0,No,No,38,Yes,Yes,DSL,No,No,No,Yes,No,Yes,One year,No,Bank transfer (automatic),63.17,2411.93,No
9084-MOATG,Male,0,Yes,No,17,Yes,Yes,DSL,No,Yes,Yes,No,No,No,Two year,No,Electronic check,59.64,1027.58,No
9667-JEPMM,Male,0,No,No,12,Yes,No,No,No internet service,No internet service,No internet service,No internet service,No internet service,No internet service,Month-to-month,Yes,Bank transfer (automatic),18.25,212.09,No
9547-JKQEV,Male,0,Yes,No,3,Yes,Yes,Fiber optic,Yes,Yes,No,Yes,Yes,No,Month-to-month,Yes,Mailed check,82.42,247.45,No
3068-GAIPS,Male,0,No,No,6,Yes,No,Fiber optic,No,Yes,No,No,Yes,No,Month-to-month,Yes,Bank transfer (automatic),75.6,439.11,No
9086-UIVFF,Female,0,Yes,No,39,Yes,Yes,Fiber optic,No,Yes,Yes,No,Yes,Yes,Month-to-month,No,Electronic check,84.76,3452.14,No
4222-OFXHK,Female,0,No,No,9,Yes,No,DSL,Yes,No,Yes,Yes,Yes,No,Month-to-month,Yes,Mailed check,47.47,440.56,No
6444-LKZLC,Female,0,Yes,No,45,Yes,Yes,No,No internet service,No internet service,No internet service,No internet service,No internet service,No internet service,One year,Yes,Electronic check,28.45,1310.96,No
7571-SFWKD,Female,0,No,Yes,16,Yes,Yes,DSL,Yes,No,Yes,Yes,Yes,No,One year,Yes,Bank transfer (automatic),49.39,820.0,No
2551-SFMTW,Female,0,No,Yes,31,Yes,Yes,DSL,No,Yes,No,No,Yes,Yes,Month-to-month,No,Credit card (automatic),60.52,1898.34,No
5406-XHWGB,Female,0,No,No,12,Yes,Yes,DSL,No,No,No,Yes,Yes,Yes,Month-to-month,No,Credit card (automatic),69.36,851.74,No
7527-TYXCQ,Female,1,Yes,No,53,Yes,No,DSL,No,Yes,Yes,Yes,Yes,No,One year,Yes,Bank transfer (automatic),54.39,2882.13,No
7339-PABRW,Female,0,Yes,Yes,44,Yes,No,No,No internet service,No internet service,No internet service,No internet service,No internet service,No internet service,Two year,Yes,Mailed check,21.02,894.38,No
2612-BKIZY,Female,0,No,Yes,25,No,No phone service,DSL,Yes,Yes,Yes,No,No,Yes,Two year,Yes,Credit card (automatic),57.2,1498.66,No
6022-YFZLM,Female,0,No,No,72,Yes,No,Fiber optic,Yes,No,No,No,Yes,Yes,One year,Yes,Electronic check,79.73,5968.06,No
1454-EFMEC,Male,0,No,No,20,Yes,No,Fiber optic,No,No,Yes,No,No,No,Month-to-month,No,Credit card (automatic),90.15,1777.68,Yes
6445-WBOYK,Female,1,Yes,No,47,Yes,Yes,DSL,Yes,Yes,Yes,No,Yes,Yes,Two year,Yes,Credit card (automatic),58.33,2680.55,No
2646-CYKCW,Female,0,Yes,No,69,Yes,Yes,Fiber optic,No,Yes,No,Yes,Yes,No,Two year,Yes,Electronic check,88.82,6420.07,No
8217-SCCFE,Male,1,Yes,No,72,No,No phone service,Fiber optic,No,No,No,No,No,Yes,Two year,No,Bank transfer (automatic),80.87,5755.5,No
5786-KTCSY,Female,0,Yes,No,48,No,No phone service,Fiber optic,No,Yes,No,Yes,No,Yes,One year,No,Mailed check,78.3,3803.37,No
2175-QNCHU,Female,0,No,Yes,12,Yes,No,No,No internet service,No internet service,No internet service,No internet service,No internet service,No internet service,Month-to-month,Yes,Bank transfer (automatic),25.85,307.86,No
8820-JCGVO,Male,0,No,Yes,45,Yes,No,DSL,Yes,No,Yes,Yes,No,Yes,Month-to-month,Yes,Mailed check,62.13,2742.86,No
4873-AUMOV,Male,0,No,Yes,31,Yes,Yes,DSL,No,No,No,No,No,No,Month-to-month,Yes,Mailed check,57.72,1767.3,No
6061-YOIXQ,Female,0,Yes,No,13,No,No phone service,Fiber optic,No,Yes,Yes,Yes,No,No,Month-to-month,No,Mailed check,85.04,1117.9,Yes
7842-FROCG,Female,0,Yes,No,17,Yes,No,No,No internet service,No internet service,No internet service,No internet service,No internet service,No internet service,Month-to-month,Yes,Electronic check,18.25,307.3,No
9203-OUEFY,Female,0,Yes,Yes,66,No,No phone service,No,No internet service,No internet service,No internet service,No internet service,No internet service,No internet service,Two year,Yes,Mailed check,29.65,2009.65,No
4781-XVIYU,Female,0,No,No,28,Yes,No,No,No internet service,No internet service,No internet service,No internet service,No internet service,No internet service,Month-to-month,No,Credit card (automatic),18.25,527.88,Yes
2149-CDTDH,Male,0,Yes,Yes,8,Yes,No,No,No internet service,No internet service,No internet service,No internet service,No internet service,No internet service,Month-to-month,No,Electronic check,31.19,250.56,No
4909-DIRZM,Male,0,No,No,55,Yes,No,DSL,No,Yes,No,No,No,No,One year,Yes,Electronic check,71.66,3750.59,No
7719-NMNYB,Female,1,No,No,59,Yes,Yes,No,No internet service,No internet service,No internet service,No internet service,No internet service,No internet service,Month-to-month,Yes,Bank transfer (automatic),35.37,2169.38,No
5619-BWPBQ,Female,0,No,No,18,Yes,No,DSL,No,Yes,No,Yes,No,No,Month-to-month,Yes,Electronic check,47.71,845.92,No
4921-BZJAP,Male,0,No,No,61,Yes,Yes,Fiber optic,No,No,No,Yes,Yes,No,One year,Yes,Credit card (automatic),83.28,5140.3,No
4377-REVKK,Female,0,Yes,Yes,14,Yes,Yes,Fiber optic,Yes,No,Yes,Yes,No,No,Month-to-month,Yes,Credit card (automatic),83.16,1187.47,Yes
8233-OAPQI,Male,0,No,No,55,Yes,Yes,Fiber optic,No,No,Yes,No,No,Yes,Month-to-month,Yes,Credit card (automatic),92.71,5352.87,Yes
2626-BWAPV,Female,0,Yes,No,17,Yes,No,DSL,Yes,No,Yes,Yes,Yes,Yes,Month-to-month,No,Mailed check,51.8,881.35,No
4168-FSQAP,Male,0,Yes,No,5,Yes,No,Fiber optic,Yes,No,No,Yes,No,Yes,Month-to-month,Yes,Credit card (automatic),82.79,402.15,Yes
1003-KHVZS,Female,0,Yes,No,14,Yes,No,DSL,Yes,Yes,Yes,Yes,No,No,Month-to-month,Yes,Mailed check,54.35,791.75,No
7609-ABULN,Male,0,No,No,48,Yes,No,No,No internet service,No internet service,No internet service,No internet service,No internet service,No internet service,Month-to-month,Yes,Credit card (automatic),26.28,1214.96,No
7227-JRSGR,Male,0,No,No,70,Yes,Yes,Fiber optic,No,No,Yes,Yes,Yes,No,Two year,Yes,Credit card (automatic),79.73,5809.98,No
2524-IUZBQ,Female,0,No,No,49,Yes,Yes,DSL,Yes,No,Yes,Yes,Yes,No,Month-to-month,Yes,Credit card (automatic),61.03,2940.83,No
6127-PUBTH,Female,0,No,No,13,Yes,Yes,DSL,Yes,No,No,No,Yes,Yes,Month-to-month,No,Electronic check,57.79,764.39,No
2388-LAQON,Male,0,No,No,72,Yes,No,No,No internet service,No internet service,No internet service,No internet service,No internet service,No internet service,Month-to-month,No,Credit card (automatic),18.25,1311.24,No
1275-TAGKS,Male,0,No,No,53,Yes,No,Fiber optic,No,No,Yes,Yes,No,No,One year,Yes,Credit card (automatic),88.9,4794.46,No
4669-VYTBU,Male,0,No,No,6,Yes,No,Fiber optic,No,Yes,Yes,Yes,No,Yes,Month-to-month,No,Credit card (automatic),70.94,417.4,Yes
2855-XZCCS,Male,0,Yes,Yes,18,Yes,No,Fiber optic,No,Yes,Yes,Yes,Yes,No,One year,Yes,Bank transfer (automatic),83.9,1574.9,Yes
2289-ZOOWF,Female,0,Yes,Yes,54,Yes,Yes,No,No internet service,No internet service,No internet service,No internet service,No internet service,No internet service,Two year,Yes,Electronic check,23.11,1207.01,No
6001-ZAEDI,Male,0,Yes,Yes,12,Yes,Yes,Fiber optic,Yes,Yes,No,Yes,Yes,No,Month-to-month,No,Credit card (automatic),86.97,1025.87,Yes
2169-EWMJK,Female,0,Yes,No,71,Yes,No,No,No internet service,No internet service,No internet service,No internet service,No internet service,No internet service,Two year,No,Bank transfer (automatic),38.01,2726.21,No
9734-MMYAM,Female,0,Yes,No,35,Yes,No,DSL,Yes,Yes,Yes,Yes,No,No,Month-to-month,Yes,Mailed check,48.95,1733.45,No
7733-NWXIV,Male,0,Yes,No,37,Yes,No,No,No internet service,No internet service,No internet service,No internet service,No internet service,No internet service,Two year,Yes,Credit card (automatic),21.24,811.12,No
3195-GZAJQ,Female,0,No,No,7,Yes,No,Fiber optic,No,Yes,Yes,Yes,No,No,One year,No,Electronic check,81.67,544.68,Yes
4721-VGODF,Male,0,No,Yes,62,Yes,No,No,No internet service,No internet service,No internet service,No internet service,No internet service,No internet service,One year,No,Credit card (automatic),20.47,1260.16,No
2561-TFRIO,Male,0,No,No,72,Yes,Yes,No,No internet service,No internet service,No internet service,No internet service,No internet service,No internet service,Month-to-month,Yes,Electronic check,29.22,2099.19,No
8864-WAUYR,Female,0,No,Yes,14,Yes,No,No,No internet service,No internet service,No internet service,No internet service,No internet service,No internet service,Month-to-month,Yes,Mailed check,24.81,338.52,No
2684-RQRLN,Female,1,No,Yes,23,Yes,No,Fiber optic,No,Yes,No,No,Yes,No,Month-to-month,Yes,Credit card (automatic),78.57,1830.41,Yes
6866-MUSHP,Male,0,Yes,No,69,Yes,No,Fiber optic,Yes,Yes,Yes,Yes,No,Yes,Month-to-month,Yes,Electronic check,76.87,5518.7,No
7807-MSDKS,Female,0,Yes,No,23,Yes,Yes,Fiber optic,Yes,Yes,No,Yes,Yes,No,One year,Yes,Credit card (automatic),70.63,1610.97,Yes
9055-QRISJ,Female,0,Yes,Yes,18,Yes,No,Fiber optic,No,Yes,No,Yes,Yes,No,Month-to-month,Yes,Credit card (automatic),86.72,1523.1,No
1468-GPZMW,Female,1,No,No,27,No,No phone service,Fiber optic,Yes,No,Yes,Yes,No,No,Month-to-month,No,Electronic check,74.18,2017.05,Yes
8001-OUKLT,Female,0,No,No,8,Yes,Yes,DSL,No,Yes,No,Yes,Yes,No,Month-to-month,No,Bank transfer (automatic),71.24,564.98,No
6749-NLZBB,Male,0,Yes,Yes,60,Yes,Yes,DSL,No,Yes,No,No,Yes,Yes,Two year,Yes,Credit card (automatic),67.46,4110.87,No
5310-AIOKF,Female,0,Yes,No,23,Yes,No,Fiber optic,No,No,No,No,Yes,Yes,Month-to-month,Yes,Bank transfer (automatic),81.25,1955.49,Yes
3562-PYUOD,Male,0,No,No,43,Yes,Yes,No,No internet service,No internet service,No internet service,No internet service,No internet service,No internet service,One year,Yes,Mailed check,24.2,1043.78,No
3183-LGRJV,Female,0,No,No,59,Yes,No,DSL,Yes,No,No,Yes,No,Yes,Two year,No,Mailed check,54.73,3345.86,No
3421-MSFTP,Male,0,No,Yes,1,Yes,No,DSL,No,Yes,Yes,No,No,No,Month-to-month,No,Credit card (automatic),58.95,58.16,No
6828-LYUEO,Female,0,No,Yes,16,Yes,No,No,No internet service,No internet service,No internet service,No internet service,No internet service,No internet service,Month-to-month,No,Electronic check,22.21,364.83,No
9128-HNTHN,Female,0,Yes,Yes,69,Yes,No,Fiber optic,No,No,No,Yes,No,Yes,Two year,No,Mailed check,82.49,5553.96,No
5976-EEOEY,Male,0,No,No,23,Yes,Yes,Fiber optic,No,No,No,No,Yes,No,One year,Yes,Bank transfer (automatic),87.84,2112.61,Yes
5713-SKHMS,Male,0,No,No,6,Yes,No,DSL,Yes,Yes,No,Yes,Yes,Yes,Month-to-month,No,Electronic check,71.68,422.4,Yes
4577-HDORN,Male,0,Yes,No,11,Yes,No,Fiber optic,Yes,Yes,Yes,No,No,Yes,Month-to-month,No,Bank transfer (automatic),78.89,884.29,No
3293-GJJFY,Female,0,Yes,No,32,Yes,No,Fiber optic,Yes,No,Yes,Yes,Yes,Yes,Month-to-month,No,Bank transfer (automatic),73.35,2331.17,No
3967-GPUMR,Male,0,No,No,54,Yes,No,DSL,Yes,Yes,No,No,Yes,Yes,Two year,Yes,Electronic check,58.08,3223.85,No
1854-NBDPF,Female,1,Yes,Yes,36,Yes,No,Fiber optic,Yes,No,No,Yes,No,Yes,Month-to-month,Yes,Bank transfer (automatic),83.34,3029.42,Yes
1329-EUPJZ,Female,0,Yes,No,65,Yes,Yes,No,No internet service,No internet service,No internet service,No internet service,No internet service,No internet service,Two year,Yes,Credit card (automatic),28.09,1875.75,No
4471-WIACH,Male,0,Yes,No,2,Yes,No,Fiber optic,No,Yes,Yes,No,Yes,Yes,Month-to-month,Yes,Credit card (automatic),89.49,171.34,Yes
2678-EJZFG,Female,0,Yes,No,18,Yes,No,DSL,Yes,No,Yes,Yes,No,No,Month-to-month,Yes,Electronic check,51.25,885.37,No
9955-FVQYO,Female,0,Yes,No,16,Yes,No,Fiber optic,No,Yes,Yes,No,Yes,Yes,Month-to-month,No,Electronic check,84.66,1291.16,No
6340-FORZC,Female,0,Yes,No,19,Yes,Yes,DSL,No,No,No,Yes,No,No,Month-to-month,No,Mailed check,71.27,1400.19,No
2410-AUCXJ,Female,0,No,No,59,Yes,No,DSL,Yes,No,No,Yes,No,No,Two year,Yes,Mailed check,62.04,3762.82,No
3594-ZSOXT,Male,1,Yes,No,26,No,No phone service,Fiber optic,Yes,Yes,No,Yes,No,No,Month-to-month,Yes,Credit card (automatic),71.22,1890.13,No
6736-IZSYZ,Male,0,Yes,Yes,46,Yes,No,No,No internet service,No internet service,No internet service,No internet service,No internet service,No internet service,One year,No,Credit card (automatic),18.25,807.81,No
5942-JYZDQ,Female,0,No,Yes,11,Yes,No,DSL,No,No,No,Yes,Yes,No,Month-to-month,Yes,Credit card (automatic),58.81,674.8,No
6421-TZGZQ,Male,1,Yes,Yes,13,Yes,No,Fiber optic,No,No,Yes,Yes,No,Yes,Month-to-month,No,Electronic check,92.28,1233.35,Yes
1742-NDYTX,Male,0,No,No,10,Yes,No,Fiber optic,Yes,No,No,Yes,Yes,Yes,Month-to-month,No,Credit card (automatic),82.26,843.98,Yes
6422-KLYDX,Male,0,Yes,No,33,Yes,Yes,Fiber optic,Yes,No,Yes,No,No,Yes,Month-to-month,No,Mailed check,78.34,2614.14,No
4797-PRCDE,Male,0,Yes,No,44,Yes,No,DSL,No,No,Yes,No,No,Yes,Two year,Yes,Bank transfer (automatic),52.86,2384.02,No
8007-BPCTZ,Female,0,Yes,No,65,Yes,No,DSL,No,No,No,Yes,Yes,Yes,Month-to-month,No,Credit card (automatic),72.12,4477.18,No
4725-FLRSQ,Female,0,No,No,16,Yes,No,Fiber optic,Yes,No,Yes,No,No,No,Month-to-month,Yes,Bank transfer (automatic),70.41,1144.16,No
6237-QFFYP,Male,0,No,No,16,Yes,No,No,No internet service,No internet service,No internet service,No internet service,No internet service,No internet service,Month-to-month,No,Electronic check,22.52,357.49,No
8749-QLORE,Male,0,No,No,30,No,No phone service,No,No internet service,No internet service,No internet service,No internet service,No internet service,No internet service,One year,No,Mailed check,18.25,528.63,No
5158-SCBEP,Male,0,Yes,No,34,Yes,Yes,No,No internet service,No internet service,No internet service,No internet service,No internet service,No internet service,Month-to-month,Yes,Mailed check,23.97,852.3,No
3145-LDGAU,Female,0,Yes,No,61,Yes,Yes,No,No internet service,No internet service,No internet service,No internet service,No internet service,No internet service,Two year,No,Mailed check,24.3,1549.32,No
5198-ENYVW,Male,0,No,No,44,Yes,No,DSL,Yes,Yes,Yes,Yes,No,No,One year,No,Bank transfer (automatic),65.1,2958.31,Yes
4653-JIHXD,Female,1,Yes,No,43,Yes,No,DSL,Yes,Yes,Yes,No,No,No,One year,Yes,Bank transfer (automatic),51.01,2239.61,No
8662-XVQWA,Female,0,Yes,No,8,Yes,Yes,DSL,No,Yes,No,No,Yes,Yes,Month-to-month,Yes,Credit card (automatic),59.84,464.53,No
8354-NYCYO,Male,0,No,No,35,Yes,No,Fiber optic,Yes,No,No,Yes,Yes,Yes,Month-to-month,Yes,Credit card (automatic),72.75,2633.01,No
1934-NACNV,Female,0,Yes,Yes,49,Yes,No,Fiber optic,No,Yes,No,Yes,No,Yes,Two year,Yes,Bank transfer (automatic),72.52,3495.02,No
1973-GKOAQ,Male,0,No,No,48,Yes,Yes,No,No internet service,No internet service,No internet service,No internet service,No internet service,No internet service,Month-to-month,Yes,Mailed check,23.0,1074.67,No
5480-ZHMCX,Female,0,No,No,26,Yes,No,DSL,Yes,Yes,No,Yes,No,Yes,One year,No,Credit card (automatic),62.64,1702.01,No
8504-JLWHG,Male,0,Yes,No,14,Yes,No,DSL,No,No,Yes,Yes,No,Yes,One year,Yes,Credit card (automatic),64.3,876.28,Yes
3177-SFCEZ,Female,0,No,No,57,Yes,No,DSL,No,Yes,No,No,No,No,Two year,No,Credit card (automatic),63.04,3728.9,No
8854-YHLMN,Male,0,No,No,11,Yes,Yes,DSL,Yes,No,No,No,No,No,Month-to-month,Yes,Credit card (automatic),59.71,662.48,Yes
1241-PBHHR,Female,0,No,Yes,62,Yes,Yes,Fiber optic,Yes,Yes,No,Yes,No,Yes,Two year,Yes,Electronic check,84.83,5092.42,No
9067-SLNND,Female,0,No,No,4,Yes,Yes,Fiber optic,Yes,Yes,Yes,Yes,Yes,No,Month-to-month,No,Bank transfer (automatic),80.38,329.14,Yes
9614-XGCEQ,Female,0,Yes,No,36,Yes,Yes,DSL,Yes,Yes,No,No,No,No,One year,Yes,Credit card (automatic),54.4,1985.52,No
1264-CQDBA,Male,1,Yes,No,12,Yes,No,Fiber optic,Yes,No,No,Yes,Yes,Yes,One year,Yes,Bank transfer (automatic),77.68,926.12,No
7351-JHQEN,Female,1,Yes,Yes,17,Yes,Yes,DSL,Yes,No,No,Yes,No,No,Month-to-month,No,Credit card (automatic),58.55,1004.19,Yes
5354-RQRFD,Male,0,Yes,Yes,5,Yes,Yes,DSL,No,No,No,Yes,No,No,Month-to-month,No,Credit card (automatic),55.25,275.26,Yes
5803-BLQVQ,Male,0,No,No,16,Yes,No,Fiber optic,Yes,Yes,Yes,Yes,Yes,Yes,Month-to-month,No,Mailed check,92.95,1536.02,Yes
9951-OLGRV,Female,0,No,Yes,8,Yes,Yes,No,No internet service,No internet service,No internet service,No internet service,No internet service,No internet service,Month-to-month,Yes,Credit card (automatic),21.1,171.84,No
3888-BAQRD,Male,0,Yes,Yes,2,Yes,Yes,No,No internet service,No internet service,No internet service,No internet service,No internet service,No internet service,Month-to-month,Yes,Credit card (automatic),18.25,36.43,No
1203-RKKGS,Male,1,Yes,Yes,28,Yes,No,DSL,No,Yes,No,Yes,Yes,No,Month-to-month,No,Electronic check,64.17,1851.92,No
7701-BCOPD,Male,1,No,Yes,7,Yes,Yes,DSL,No,No,No,No,No,Yes,Month-to-month,No,Credit card (automatic),64.36,440.12,Yes
2422-RLDPB,Female,0,Yes,Yes,22,Yes,Yes,Fiber optic,No,No,No,No,Yes,No,Month-to-month,No,Bank transfer (automatic),83.5,1777.44,Yes
3075-SFBYF,Female,0,Yes,No,7,Yes,Yes,No,No internet service,No internet service,No internet service,No internet service,No internet service,No internet service,Month-to-month,No,Credit card (automatic),25.08,173.69,No
5633-VZVIW,Female,0,No,No,20,No,No phone service,Fiber optic,Yes,No,Yes,Yes,Yes,Yes,One year,Yes,Bank transfer (automatic),76.47,1584.15,No
1114-IFNXU,Female,1,Yes,No,72,Yes,Yes,Fiber optic,Yes,Yes,Yes,Yes,Yes,Yes,Month-to-month,No,Electronic check,81.2,6040.24,No
9983-DTSLC,Female,1,Yes,No,45,Yes,No,Fiber optic,Yes,No,No,No,No,Yes,One year,Yes,Credit card (automatic),81.81,3713.62,No
1940-XHQYM,Male,0,Yes,No,25,Yes,Yes,Fiber optic,No,Yes,No,Yes,No,Yes,Two year,Yes,Bank transfer (automatic),83.13,2016.83,No
2889-MFEVI,Male,0,Yes,No,43,Yes,No,No,No internet service,No internet service,No internet service,No internet service,No internet service,No internet service,Two year,Yes,Electronic check,23.48,1040.01,No
7162-SOOEN,Male,0,No,Yes,15,Yes,Yes,Fiber optic,No,Yes,No,No,Yes,Yes,Month-to-month,Yes,Bank transfer (automatic),71.73,1050.04,No
7763-FGRZK,Female,0,Yes,Yes,34,Yes,No,DSL,No,Yes,No,Yes,Yes,No,Month-to-month,No,Bank transfer (automatic),53.41,1876.75,Yes
8454-EOYLN,Female,0,Yes,No,14,Yes,Yes,No,No internet service,No internet service,No internet service,No internet service,No internet service,No internet service,Month-to-month,Yes,Bank transfer (automatic),25.96,346.29,No
2395-NPZFJ,Male,1,Yes,No,4,Yes,Yes,Fiber optic,No,No,No,No,Yes,No,Month-to-month,No,Bank transfer (automatic),76.24,295.11,Yes
6824-YGSWQ,Female,0,No,No,20,Yes,Yes,DSL,Yes,No,No,No,No,No,Month-to-month,Yes,Credit card (automatic),54.51,1049.47,No
4840-GHBDL,Male,0,No,No,2,Yes,No,Fiber optic,No,No,No,Yes,Yes,Yes,Month-to-month,No,Electronic check,87.07,181.14,Yes
2264-ASBDP,Female,0,Yes,No,43,Yes,No,No,No internet service,No internet service,No internet service,No internet service,No internet service,No internet service,Two year,Yes,Credit card (automatic),18.25,802.25,No
9295-SAETT,Male,0,Yes,Yes,44,Yes,Yes,Fiber optic,Yes,No,Yes,Yes,No,Yes,Month-to-month,Yes,Bank transfer (automatic),76.41,3483.96,No
4518-YXTTU,Male,0,No,No,37,Yes,Yes,DSL,Yes,No,No,No,No,Yes,Month-to-month,Yes,Mailed check,63.34,2253.05,No
2335-SYFAJ,Female,0,No,Yes,13,Yes,No,Fiber optic,Yes,No,Yes,No,No,Yes,Month-to-month,No,Electronic check,78.09,1012.19,No
3426-YLRZU,Female,0,No,No,60,No,No phone service,Fiber optic,Yes,No,Yes,Yes,No,Yes,Month-to-month,Yes,Electronic check,77.15,4795.0,No
7740-ZRGSI,Male,0,No,Yes,25,Yes,No,Fiber optic,No,Yes,Yes,Yes,No,No,Month-to-month,Yes,Mailed check,66.77,1678.15,No
3977-QIAZO,Male,1,No,No,29,Yes,Yes,DSL,Yes,No,No,Yes,No,Yes,Month-to-month,No,Credit card (automatic),65.51,1894.51,No
7029-VQPUH,Female,0,Yes,No,12,Yes,Yes,No,No internet service,No internet service,No internet service,No internet service,No internet service,No internet service,One year,Yes,Mailed check,30.46,382.78,No
8455-SEDWX,Female,1,No,No,53,Yes,No,DSL,No,Yes,No,No,Yes,No,Two year,Yes,Mailed check,59.63,3163.74,No
9941-CXWTM,Male,0,Yes,Yes,33,Yes,Yes,DSL,No,Yes,No,No,Yes,Yes,One year,Yes,Mailed check,52.99,1715.58,No
5576-LANGF,Female,0,No,No,72,Yes,No,Fiber optic,Yes,No,Yes,Yes,Yes,Yes,Two year,Yes,Bank transfer (automatic),92.02,6377.31,Yes
1503-LBWXU,Male,0,No,No,54,Yes,No,DSL,No,Yes,No,Yes,No,Yes,One year,Yes,Bank transfer (automatic),73.39,3843.25,No
3708-ENRAW,Female,0,No,Yes,16,Yes,Yes,No,No internet service,No internet service,No internet service,No internet service,No internet service,No internet service,Month-to-month,Yes,Credit card (automatic),34.83,578.39,No
4946-VCLLB,Male,0,No,No,71,Yes,Yes,No,No internet service,No internet service,No internet service,No internet service,No internet service,No internet service,Two year,No,Electronic check,29.95,2051.36,No
7366-YOKQJ,Male,1,No,Yes,27,Yes,No,Fiber optic,Yes,No,Yes,Yes,No,Yes,Month-to-month,Yes,Electronic check,83.68,2340.72,Yes
4237-TPGKV,Male,0,No,No,56,No,No phone service,Fiber optic,Yes,Yes,No,Yes,Yes,No,Two year,Yes,Mailed check,75.56,4228.18,No
5757-BWTGZ,Female,0,No,No,9,No,No phone service,No,No internet service,No internet service,No internet service,No internet service,No internet service,No internet service,Month-to-month,No,Mailed check,27.78,237.82,No
9565-ZJYUW,Female,0,Yes,No,22,Yes,No,Fiber optic,No,No,Yes,Yes,No,No,Month-to-month,Yes,Electronic check,82.02,1816.62,Yes
5923-HFZNY,Male,0,No,No,5,Yes,Yes,Fiber optic,No,No,No,No,Yes,No,Month-to-month,Yes,Credit card (automatic),64.97,316.44,Yes
5991-NBKOC,Female,1,Yes,Yes,7,Yes,Yes,Fiber optic,No,No,No,Yes,No,No,Month-to-month,Yes,Bank transfer (automatic),82.89,577.97,Yes
2458-PGSLK,Male,0,Yes,Yes,32,Yes,Yes,No,No internet service,No internet service,No internet service,No internet service,No internet service,No internet service,One year,No,Credit card (automatic),23.72,792.18,No
2056-KOOHA,Female,0,Yes,No,53,Yes,Yes,DSL,No,Yes,Yes,No,No,No,Two year,Yes,Mailed check,55.88,3027.24,No
9412-YXHPD,Female,0,Yes,No,55,Yes,No,DSL,No,No,Yes,Yes,No,Yes,Two year,Yes,Electronic check,64.85,3711.29,No
9149-AMWSW,Female,0,Yes,Yes,46,Yes,No,DSL,No,No,No,No,Yes,Yes,Two year,Yes,Credit card (automatic),55.83,2567.82,No
5466-CADBL,Male,0,Yes,Yes,39,Yes,Yes,Fiber optic,Yes,Yes,Yes,Yes,No,No,Two year,Yes,Electronic check,84.13,3325.41,Yes
1454-EKTRB,Male,0,No,No,28,Yes,Yes,DSL,Yes,Yes,No,Yes,No,No,Two year,No,Electronic check,45.19,1241.24,No
9128-OJJWM,Male,0,No,No,30,Yes,No,Fiber optic,Yes,Yes,Yes,Yes,Yes,Yes,One year,Yes,Mailed check,76.66,2253.47,No
3212-LBDIF,Female,0,Yes,Yes,30,Yes,No,Fiber optic,Yes,No,No,Yes,Yes,No,One year,No,Bank transfer (automatic),81.03,2314.25,No
4143-BPCFZ,Male,0,Yes,Yes,61,Yes,No,DSL,Yes,No,Yes,Yes,Yes,No,Month-to-month,Yes,Bank transfer (automatic),47.66,3027.21,No
1053-HNHID,Male,1,Yes,No,53,Yes,Yes,No,No internet service,No internet service,No internet service,No internet service,No internet service,No internet service,Two year,Yes,Electronic check,19.13,1035.32,No
4810-TPYSU,Male,0,No,No,15,No,No phone service,Fiber optic,Yes,No,Yes,No,Yes,Yes,Month-to-month,No,Bank transfer (automatic),82.26,1244.18,Yes
4884-PPVNK,Female,0,Yes,Yes,3,Yes,No,DSL,No,Yes,No,Yes,Yes,No,Month-to-month,Yes,Credit card (automatic),57.3,164.48,No
1630-WLURA,Male,0,No,No,23,Yes,No,No,No internet service,No internet service,No internet service,No internet service,No internet service,No internet service,Month-to-month,No,Mailed check,33.38,743.37,No
6861-MGGQC,Female,0,Yes,Yes,60,Yes,No,Fiber optic,Yes,Yes,No,No,No,Yes,Two year,No,Electronic check,84.77,5098.11,No
6456-WCABS,Female,0,No,Yes,56,Yes,Yes,Fiber optic,Yes,No,Yes,No,Yes,Yes,One year,Yes,Bank transfer (automatic),75.26,4411.99,Yes
8629-ZAMBJ,Female,0,Yes,No,5,Yes,Yes,Fiber optic,Yes,Yes,Yes,No,Yes,No,Month-to-month,Yes,Bank transfer (automatic),90.92,471.23,Yes
3771-PXUBG,Male,1,No,No,59,Yes,No,No,No internet service,No internet service,No internet service,No internet service,No internet service,No internet service,Month-to-month,Yes,Electronic check,28.85,1663.33,No
3473-GJPTY,Female,0,Yes,No,52,Yes,Yes,Fiber optic,No,Yes,No,Yes,Yes,Yes,One year,Yes,Electronic check,84.52,4233.09,Yes
7325-HEJUZ,Female,0,Yes,No,54,No,No phone service,No,No internet service,No internet service,No internet service,No internet service,No internet service,No internet service,One year,Yes,Mailed check,25.89,1382.06,No
4530-EACQP,Female,0,No,Yes,6,Yes,Yes,No,No internet service,No internet service,No internet service,No internet service,No internet service,No internet service,Month-to-month,Yes,Bank transfer (automatic),19.14,117.16,Yes
6789-ALEIQ,Female,0,Yes,Yes,32,No,No phone service,No,No internet service,No internet service,No internet service,No internet service,No internet service,No internet service,One year,Yes,Bank transfer (automatic),21.35,651.13,No
3481-RHNLJ,Female,0,Yes,Yes,34,Yes,No,Fiber optic,No,Yes,No,Yes,Yes,Yes,One year,No,Mailed check,78.29,2616.19,No
2134-OZQTU,Female,0,Yes,No,7,Yes,No,Fiber optic,Yes,No,Yes,Yes,Yes,Yes,Month-to-month,Yes,Electronic check,87.36,603.49,No
1343-UGRZX,Male,0,No,No,4,Yes,Yes,Fiber optic,No,No,Yes,No,No,No,Month-to-month,No,Mailed check,75.71,315.48,Yes
4729-VQDGY,Female,0,Yes,No,5,Yes,Yes,Fiber optic,No,Yes,No,No,No,No,Month-to-month,No,Credit card (automatic),83.72,407.47,Yes
9236-XJIUA,Female,0,No,Yes,36,Yes,Yes,Fiber optic,Yes,Yes,Yes,No,No,Yes,One year,Yes,Electronic check,89.48,3169.91,No
9076-PQLZT,Female,0,No,Yes,65,No,No phone service,Fiber optic,Yes,No,No,Yes,Yes,Yes,Two year,No,Mailed check,76.14,4792.37,No
1484-NWBTG,Male,0,Yes,No,53,Yes,Yes,No,No internet service,No internet service,No internet service,No internet service,No internet service,No internet service,Two year,No,Electronic check,32.74,1781.67,No
5558-WMAAT,Male,0,Yes,Yes,43,Yes,Yes,No,No internet service,No internet service,No internet service,No internet service,No internet service,No internet service,One year,No,Credit card (automatic),21.23,918.6,No
9377-HYLBN,Female,0,Yes,No,16,Yes,Yes,DSL,No,No,No,No,Yes,No,Month-to-month,Yes,Electronic check,52.81,833.48,No
9762-GYQKS,Female,0,No,No,21,Yes,Yes,Fiber optic,Yes,Yes,Yes,No,No,No,Month-to-month,No,Mailed check,84.52,1753.44,No
4606-CWJOT,Male,0,No,No,16,Yes,No,No,No internet service,No internet service,No internet service,No internet service,No internet service,No internet service,One year,Yes,Electronic check,24.2,368.4,No
1746-SJOLU,Male,0,No,No,15,Yes,No,No,No internet service,No internet service,No internet service,No internet service,No internet service,No internet service,Month-to-month,No,Mailed check,31.99,492.39,No
2687-CKDGR,Female,0,No,Yes,49,Yes,Yes,DSL,Yes,No,No,Yes,No,Yes,One year,Yes,Credit card (automatic),54.87,2729.08,No
8368-SIVKE,Male,0,No,No,54,No,No phone service,No,No internet service,No internet service,No internet service,No internet service,No internet service,No internet service,Two year,Yes,Electronic check,25.71,1326.61,No
7805-NJRSF,Male,0,Yes,Yes,35,Yes,Yes,No,No internet service,No internet service,No internet service,No internet service,No internet service,No internet service,Month-to-month,No,Mailed check,25.34,847.27,No
2055-NBQLF,Female,0,No,No,7,Yes,No,DSL,No,No,No,Yes,Yes,Yes,Month-to-month,No,Credit card (automatic),65.76,469.01,No
6386-JKFRX,Female,0,Yes,No,72,Yes,Yes,No,No internet service,No internet service,No internet service,No internet service,No internet service,No internet service,One year,No,Bank transfer (automatic),20.16,1487.8,No
6567-GVDHA,Male,0,Yes,Yes,9,Yes,No,Fiber optic,No,Yes,No,No,No,Yes,Month-to-month,No,Bank transfer (automatic),80.82,698.23,No
8634-BOEFP,Male,1,No,No,8,Yes,No,Fiber optic,No,No,Yes,Yes,Yes,Yes,Month-to-month,Yes,Electronic check,83.33,683.68,Yes
8233-AEHYB,Female,0,No,Yes,50,Yes,Yes,DSL,No,No,Yes,No,Yes,No,One year,Yes,Mailed check,67.02,3426.56,No
2606-KIBOP,Female,0,Yes,No,16,Yes,No,DSL,Yes,No,No,No,Yes,No,Month-to-month,Yes,Electronic check,62.93,1016.12,No
2592-RBTGF,Female,1,No,No,6,Yes,Yes,Fiber optic,No,No,No,No,No,Yes,Month-to-month,Yes,Credit card (automatic),74.28,427.8,Yes
2767-WNRFB,Male,0,No,No,30,Yes,Yes,DSL,Yes,Yes,Yes,Yes,No,Yes,Two year,No,Electronic check,54.91,1592.83,No
1343-LITUI,Female,0,No,No,30,Yes,No,Fiber optic,No,No,No,No,Yes,Yes,Month-to-month,Yes,Electronic check,82.24,2476.4,No
4901-JRQQB,Female,0,Yes,No,7,Yes,Yes,DSL,Yes,Yes,Yes,Yes,No,No,Month-to-month,No,Bank transfer (automatic),55.61,391.6,Yes
4041-ZIEFA,Male,0,Yes,No,51,Yes,No,DSL,No,Yes,No,Yes,No,Yes,Two year,Yes,Mailed check,70.14,3530.88,No
8026-APKCW,Female,1,Yes,Yes,23,No,No phone service,Fiber optic,No,No,Yes,Yes,Yes,No,Month-to-month,Yes,Electronic check,73.75,1726.99,No
7676-VYXSN,Male,1,Yes,No,23,Yes,No,Fiber optic,No,Yes,Yes,Yes,Yes,Yes,Month-to-month,No,Credit card (automatic),75.89,1716.5,No
7272-LEKMB,Male,0,No,No,72,Yes,Yes,DSL,Yes,Yes,Yes,Yes,Yes,Yes,Two year,Yes,Mailed check,56.78,3896.5,No
8626-XKMVL,Male,0,No,No,52,Yes,No,DSL,No,No,Yes,Yes,Yes,Yes,Two year,Yes,Mailed check,63.57,3382.45,No
7192-NHUFF,Male,0,No,No,7,No,No phone service,DSL,No,No,Yes,No,No,No,Month-to-month,No,Credit card (automatic),53.04,376.82,No
7221-SYSAW,Male,0,No,Yes,37,Yes,No,DSL,Yes,No,No,Yes,Yes,No,One year,Yes,Bank transfer (automatic),69.45,2455.95,No
4724-APEKM,Male,0,Yes,Yes,37,Yes,No,No,No internet service,No internet service,No internet service,No internet service,No internet service,No internet service,Month-to-month,Yes,Electronic check,18.25,685.55,No
1667-WNZMP,Female,0,Yes,No,72,Yes,No,Fiber optic,No,No,Yes,Yes,Yes,Yes,Two year,Yes,Bank transfer (automatic),81.45,5809.36,No
8310-FXEZQ,Male,1,No,No,30,Yes,No,DSL,No,Yes,Yes,No,No,No,One year,Yes,Bank transfer (automatic),75.57,2286.59,Yes
5668-FOOZV,Female,1,Yes,Yes,0,Yes,No,No,No internet service,No internet service,No internet service,No internet service,No internet service,No internet service,One year,Yes,Credit card (automatic),28.4, ,No
5345-KKJAA,Male,0,Yes,No,72,Yes,Yes,No,No internet service,No internet service,No internet service,No internet service,No internet service,No internet service,Month-to-month,Yes,Electronic check,20.59,1521.24,No
7761-GKSPJ,Female,0,Yes,No,15,Yes,Yes,No,No internet service,No internet service,No internet service,No internet service,No internet service,No internet service,Month-to-month,Yes,Credit card (automatic),18.25,270.6,Yes
7771-EMCNC,Male,1,Yes,No,7,Yes,No,Fiber optic,No,Yes,No,Yes,No,Yes,Month-to-month,No,Credit card (automatic),77.41,562.52,Yes
9473-RGPJN,Female,0,No,Yes,37,Yes,Yes,Fiber optic,No,No,No,Yes,Yes,Yes,One year,Yes,Credit card (automatic),82.97,3055.93,No
2505-NCDPN,Male,0,Yes,Yes,64,Yes,No,Fiber optic,No,Yes,Yes,No,No,Yes,One year,Yes,Mailed check,89.74,5900.67,No
3641-BLYSB,Male,0,Yes,Yes,9,Yes,No,DSL,Yes,Yes,No,Yes,No,Yes,Month-to-month,Yes,Mailed check,53.35,483.65,Yes
9440-LOAIU,Female,0,Yes,No,62,No,No phone service,Fiber optic,No,No,No,Yes,No,No,Month-to-month,No,Mailed check,71.17,4550.4,No
3975-ECYVB,Male,0,No,No,12,Yes,Yes,Fiber optic,No,Yes,No,No,No,Yes,Month-to-month,Yes,Credit card (automatic),82.12,975.25,Yes
9326-VJRGG,Male,0,Yes,No,11,Yes,Yes,Fiber optic,No,Yes,No,No,No,Yes,Month-to-month,No,Mailed check,93.5,1043.85,Yes
7429-FJJDV,Female,1,No,No,72,Yes,No,DSL,Yes,Yes,No,No,Yes,Yes,Two year,No,Electronic check,66.82,5034.56,No
7063-WNEHJ,Female,0,No,No,42,Yes,No,DSL,No,No,Yes,No,No,No,Two year,Yes,Bank transfer (automatic),49.13,2006.15,No
9476-GSDYQ,Male,0,No,Yes,44,Yes,No,Fiber optic,No,No,Yes,Yes,Yes,No,One year,Yes,Credit card (automatic),82.13,3606.04,Yes
4875-IJFPW,Male,0,Yes,No,56,Yes,Yes,Fiber optic,No,Yes,No,Yes,No,Yes,Two year,No,Mailed check,85.6,4993.76,No
3170-TOUUB,Male,0,Yes,Yes,24,Yes,No,Fiber optic,Yes,No,Yes,No,No,No,One year,Yes,Mailed check,82.58,1999.67,No
1190-XEOTN,Male,0,No,No,47,Yes,Yes,DSL,Yes,Yes,No,No,No,No,Month-to-month,No,Mailed check,53.1,2573.34,No
1055-ARXIO,Female,0,No,Yes,37,Yes,No,Fiber optic,No,No,Yes,Yes,Yes,Yes,One year,No,Mailed check,88.63,3305.35,No
9402-VORYU,Male,1,Yes,Yes,5,Yes,Yes,DSL,Yes,No,No,Yes,No,Yes,Month-to-month,Yes,Electronic check,64.0,326.33,No
4742-SIXCF,Male,0,Yes,No,14,Yes,No,DSL,No,Yes,Yes,Yes,No,Yes,Month-to-month,Yes,Credit card (automatic),68.42,918.13,Yes
4113-FPSXN,Male,1,Yes,No,24,Yes,No,DSL,No,Yes,No,Yes,Yes,No,One year,Yes,Electronic check,61.04,1474.39,Yes
6591-PASAO,Male,1,Yes,No,22,Yes,Yes,DSL,Yes,No,Yes,Yes,No,No,Month-to-month,No,Mailed check,57.31,1236.25,Yes
9997-UNIVW,Female,0,No,No,72,Yes,Yes,DSL,No,No,No,Yes,Yes,Yes,Two year,Yes,Credit card (automatic),62.65,4572.25,No
4311-CPQYX,Male,1,Yes,Yes,34,Yes,No,DSL,No,No,Yes,No,No,No,Month-to-month,Yes,Electronic check,55.19,1856.59,No
3061-GZILH,Female,1,Yes,Yes,26,Yes,Yes,No,No internet service,No internet service,No internet service,No internet service,No internet service,No internet service,Month-to-month,Yes,Mailed check,30.21,796.85,No
4539-OHKJC,Male,0,Yes,No,28,Yes,No,DSL,Yes,Yes,No,No,No,No,Month-to-month,No,Mailed check,70.2,1894.51,No
8079-XMFQN,Male,0,No,No,21,Yes,No,No,No internet service,No internet service,No internet service,No internet service,No internet service,No internet service,Month-to-month,Yes,Credit card (automatic),18.67,389.09,No
5960-PSBCC,Female,0,No,No,20,Yes,Yes,Fiber optic,No,No,Yes,No,Yes,No,Month-to-month,Yes,Electronic check,78.16,1554.65,Yes
2391-ZSRSA,Female,0,Yes,No,8,Yes,Yes,DSL,No,No,No,Yes,Yes,No,Month-to-month,Yes,Credit card (automatic),69.55,546.48,Yes
2919-UMNTB,Male,0,No,No,9,Yes,No,Fiber optic,No,Yes,No,No,Yes,Yes,Month-to-month,Yes,Bank transfer (automatic),87.94,798.87,Yes
8187-RKMBF,Female,0,Yes,No,10,Yes,Yes,Fiber optic,Yes,Yes,No,Yes,Yes,Yes,Month-to-month,Yes,Electronic check,83.07,864.55,Yes
3217-WCHDH,Female,0,Yes,No,32,Yes,No,DSL,No,No,Yes,No,Yes,No,Month-to-month,No,Bank transfer (automatic),51.05,1617.3,No
1095-HSTJS,Female,0,No,Yes,22,Yes,No,DSL,Yes,Yes,Yes,No,No,Yes,Month-to-month,No,Credit card (automatic),58.44,1326.96,No
6567-XUFPU,Male,0,Yes,Yes,58,Yes,Yes,DSL,No,Yes,No,No,No,Yes,Two year,No,Bank transfer (automatic),58.25,3442.16,No
3750-OKIFA,Female,0,No,No,35,No,No phone service,Fiber optic,No,Yes,Yes,Yes,No,No,Two year,Yes,Bank transfer (automatic),74.68,2678.55,No
7747-VQGAQ,Male,0,Yes,No,46,No,No phone service,DSL,Yes,No,No,Yes,No,Yes,Month-to-month,Yes,Mailed check,55.95,2518.34,No
2799-OZAPZ,Female,0,Yes,No,54,Yes,Yes,Fiber optic,No,Yes,Yes,No,No,Yes,One year,No,Bank transfer (automatic),71.82,3724.12,No
4008-VVMHR,Male,0,No,No,42,Yes,Yes,DSL,Yes,Yes,Yes,Yes,No,No,Two year,No,Electronic check,60.71,2643.13,No
6574-MFTFD,Female,0,Yes,No,9,Yes,No,Fiber optic,Yes,No,No,Yes,No,Yes,Month-to-month,No,Credit card (automatic),84.69,773.54,Yes
1604-LDIGL,Female,1,Yes,Yes,47,Yes,Yes,DSL,No,Yes,Yes,No,Yes,No,Two year,No,Bank transfer (automatic),57.23,2772.06,No
7997-LODCZ,Male,1,Yes,No,62,Yes,Yes,Fiber optic,No,Yes,Yes,No,No,Yes,Two year,Yes,Electronic check,90.3,5589.94,No
6579-AOACJ,Female,1,No,No,7,Yes,Yes,No,No internet service,No internet service,No internet service,No internet service,No internet service,No internet service,Month-to-month,Yes,Mailed check,20.18,141.96,No
6907-QUEEN,Female,0,Yes,No,17,Yes,Yes,Fiber optic,Yes,No,Yes,Yes,Yes,No,Month-to-month,Yes,Mailed check,85.93,1502.52,Yes
8817-SRCWZ,Female,0,Yes,Yes,72,Yes,No,Fiber optic,No,Yes,Yes,Yes,No,No,Two year,Yes,Electronic check,91.03,6286.02,No
6239-IRQYC,Male,0,No,No,16,Yes,Yes,DSL,Yes,No,No,Yes,No,Yes,Month-to-month,Yes,Electronic check,63.77,1057.12,Yes
5636-SJVBC,Female,0,Yes,Yes,55,Yes,Yes,Fiber optic,No,No,No,No,Yes,Yes,Month-to-month,Yes,Mailed check,74.91,4314.59,No
8116-DKHRA,Male,0,No,Yes,5,Yes,No,Fiber optic,Yes,No,Yes,No,Yes,No,Month-to-month,Yes,Bank transfer (automatic),93.75,487.45,No
4211-ZJPZP,Male,0,Yes,No,36,Yes,Yes,DSL,Yes,Yes,No,Yes,No,Yes,Month-to-month,Yes,Mailed check,59.36,2210.28,No
7794-YQVNV,Female,0,Yes,No,13,Yes,No,No,No internet service,No internet service,No internet service,No internet service,No internet service,No internet service,Month-to-month,Yes,Mailed check,30.43,392.77,Yes
6777-IOIKH,Female,0,No,No,1,Yes,No,Fiber optic,Yes,Yes,No,Yes,No,No,Month-to-month,Yes,Electronic check,84.26,80.63,Yes
5419-JQJMD,Male,0,Yes,No,27,Yes,No,No,No internet service,No internet service,No internet service,No internet service,No internet service,No internet service,Two year,No,Mailed check,32.19,884.59,No
4478-JYLAI,Female,1,Yes,No,34,Yes,No,Fiber optic,No,Yes,Yes,Yes,Yes,No,Month-to-month,Yes,Credit card (automatic),88.5,3077.72,Yes
7564-EEJJM,Male,0,Yes,No,72,Yes,Yes,Fiber optic,No,Yes,No,Yes,Yes,Yes,Two year,Yes,Bank transfer (automatic),81.19,5907.64,No
1307-SFSOF,Female,0,Yes,Yes,34,Yes,Yes,Fiber optic,No,Yes,No,No,Yes,No,Two year,Yes,Credit card (automatic),81.03,2781.82,No
5225-ASHJE,Female,0,Yes,Yes,13,Yes,No,Fiber optic,Yes,No,No,No,Yes,Yes,Month-to-month,No,Bank transfer (automatic),86.3,1138.71,Yes
4284-KFZHE,Male,0,No,No,48,Yes,Yes,Fiber optic,Yes,No,Yes,Yes,Yes,No,Two year,Yes,Credit card (automatic),80.75,3722.98,No
5933-ILSCN,Female,1,No,No,41,Yes,No,Fiber optic,No,Yes,No,No,No,Yes,One year,No,Electronic check,88.75,3676.58,No
1195-BCEJY,Female,0,Yes,No,6,Yes,No,DSL,No,No,No,Yes,No,Yes,Month-to-month,Yes,Bank transfer (automatic),68.82,432.8,Yes
9154-CZQOU,Female,0,Yes,No,4,Yes,No,DSL,No,No,Yes,Yes,Yes,No,Month-to-month,Yes,Bank transfer (automatic),62.52,255.23,Yes
5359-GNSRE,Female,0,No,No,42,Yes,No,No,No internet service,No internet service,No internet service,No internet service,No internet service,No internet service,Month-to-month,Yes,Mailed check,22.83,925.84,No
9442-HVIBZ,Female,0,No,No,60,Yes,Yes,No,No internet service,No internet service,No internet service,No internet service,No internet service,No internet service,Two year,Yes,Credit card (automatic),30.28,1867.23,No
6298-FADEY,Female,0,Yes,No,22,Yes,Yes,Fiber optic,No,Yes,Yes,No,No,No,Month-to-month,Yes,Credit card (automatic),90.49,1913.41,Yes
2592-EVWFQ,Male,0,No,Yes,72,Yes,Yes,DSL,Yes,No,No,Yes,No,Yes,One year,Yes,Credit card (automatic),58.07,4172.93,No
5809-OITWS,Male,0,Yes,No,38,Yes,No,DSL,Yes,No,No,Yes,No,Yes,Two year,Yes,Credit card (automatic),54.94,2184.99,No
9127-CRZNY,Female,0,No,No,53,Yes,Yes,Fiber optic,No,No,No,Yes,No,No,Two year,Yes,Mailed check,76.65,4201.53,No
4135-XYQSN,Male,0,No,No,65,No,No phone service,No,No internet service,No internet service,No internet service,No internet service,No internet service,No internet service,Two year,Yes,Electronic check,18.25,1197.35,No
3852-NZAFM,Male,0,Yes,No,47,Yes,No,Fiber optic,Yes,No,No,No,Yes,Yes,Month-to-month,Yes,Mailed check,84.17,3862.44,Yes
4054-QJRCI,Male,0,No,No,12,Yes,Yes,No,No internet service,No internet service,No internet service,No internet service,No internet service,No internet service,Month-to-month,No,Bank transfer (automatic),30.72,361.79,No
7234-MSQIL,Female,0,Yes,No,4,Yes,Yes,Fiber optic,No,No,Yes,Yes,No,No,Month-to-month,No,Electronic check,74.84,293.26,Yes
9681-ZASMA,Female,0,No,Yes,14,Yes,No,No,No internet service,No internet service,No internet service,No internet service,No internet service,No internet service,Month-to-month,No,Electronic check,29.66,410.41,No
6706-AIRVK,Female,0,No,No,50,Yes,Yes,Fiber optic,Yes,No,No,Yes,Yes,No,Two year,Yes,Credit card (automatic),88.32,4407.56,No
8278-VLERA,Male,1,No,Yes,31,Yes,No,Fiber optic,Yes,Yes,No,No,Yes,Yes,One year,No,Bank transfer (automatic),93.36,2754.75,Yes
9038-KTTMZ,Male,0,No,Yes,63,Yes,No,Fiber optic,Yes,No,No,No,Yes,Yes,Two year,No,Mailed check,80.65,4961.81,No
8166-WCMYV,Female,1,Yes,Yes,27,Yes,No,DSL,No,Yes,No,No,Yes,Yes,Month-to-month,Yes,Electronic check,69.66,1968.95,No
5086-BHOQY,Male,0,No,No,49,Yes,No,No,No internet service,No internet service,No internet service,No internet service,No internet service,No internet service,Month-to-month,No,Credit card (automatic),26.21,1306.35,No
1835-KHYEF,Male,0,No,Yes,30,No,No phone service,DSL,No,No,No,Yes,Yes,Yes,Month-to-month,No,Credit card (automatic),53.02,1524.04,No
3680-CQNOX,Male,0,Yes,Yes,7,Yes,No,DSL,Yes,No,No,Yes,No,No,Month-to-month,Yes,Electronic check,55.31,384.26,Yes
4897-IJUNE,Male,0,No,No,59,Yes,No,No,No internet service,No internet service,No internet service,No internet service,No internet service,No internet service,Two year,Yes,Mailed check,24.17,1480.15,No
7207-TGOOE,Male,0,Yes,No,51,Yes,No,DSL,No,No,Yes,No,No,No,One year,Yes,Electronic check,53.76,2848.54,No
1082-SQSJN,Male,0,Yes,No,49,Yes,Yes,No,No internet service,No internet service,No internet service,No internet service,No internet service,No internet service,Two year,Yes,Mailed check,23.26,1107.76,No
9834-FQDBY,Male,1,Yes,No,47,Yes,No,No,No internet service,No internet service,No internet service,No internet service,No internet service,No internet service,Two year,Yes,Mailed check,21.08,1036.83,No
2168-RNVOS,Female,1,No,No,5,No,No phone service,Fiber optic,Yes,No,No,No,Yes,No,Month-to-month,No,Mailed check,67.18,336.96,Yes
9046-VSEEM,Female,0,Yes,No,25,Yes,No,No,No internet service,No internet service,No internet service,No internet service,No internet service,No internet service,Month-to-month,No,Credit card (automatic),27.78,714.45,No
6929-RUCED,Male,0,No,No,38,Yes,Yes,No,No internet service,No internet service,No internet service,No internet service,No internet service,No internet service,One year,Yes,Credit card (automatic),27.2,1001.89,No
5868-QDWHR,Male,0,No,No,15,Yes,No,Fiber optic,Yes,Yes,No,No,No,Yes,Month-to-month,No,Bank transfer (automatic),80.8,1229.35,Yes
7763-AWZYD,Female,0,Yes,No,7,Yes,Yes,Fiber optic,No,Yes,No,Yes,Yes,Yes,Month-to-month,Yes,Credit card (automatic),85.93,594.12,No
4533-GLZTU,Female,0,No,No,14,Yes,No,Fiber optic,Yes,Yes,Yes,Yes,No,No,Month-to-month,Yes,Bank transfer (automatic),85.68,1197.9,Yes
4796-YXUVQ,Female,0,Yes,Yes,61,Yes,Yes,DSL,No,No,Yes,No,Yes,Yes,Two year,Yes,Electronic check,52.05,3329.47,No
1857-HTIEY,Female,0,No,Yes,59,Yes,Yes,Fiber optic,No,No,No,No,No,No,Two year,Yes,Mailed check,85.06,5107.8,No
5394-WHJIJ,Female,0,Yes,No,16,Yes,Yes,DSL,No,No,Yes,No,Yes,No,Month-to-month,No,Bank transfer (automatic),61.8,947.63,Yes
4937-HVILW,Female,1,No,No,30,Yes,No,No,No internet service,No internet service,No internet service,No internet service,No internet service,No internet service,One year,Yes,Electronic check,23.28,732.13,No
4933-AALQY,Female,0,Yes,Yes,37,Yes,Yes,Fiber optic,Yes,No,Yes,No,Yes,Yes,Month-to-month,No,Electronic check,72.33,2610.39,No
2177-OHLLI,Male,1,No,No,24,Yes,Yes,DSL,Yes,Yes,Yes,Yes,No,Yes,Month-to-month,Yes,Mailed check,78.95,1880.3,No
1164-BNFIC,Female,1,No,Yes,10,Yes,No,No,No internet service,No internet service,No internet service,No internet service,No internet service,No internet service,Month-to-month,No,Electronic check,22.25,214.7,No
1446-DJEGH,Male,0,No,No,8,Yes,Yes,No,No internet service,No internet service,No internet service,No internet service,No internet service,No internet service,Month-to-month,Yes,Bank transfer (automatic),21.81,178.23,No
3621-ADYRD,Female,0,No,No,58,Yes,Yes,Fiber optic,No,No,Yes,Yes,No,No,Two year,Yes,Electronic check,84.54,5110.41,No
3553-JXWUC,Female,0,Yes,No,25,Yes,Yes,DSL,No,No,Yes,Yes,Yes,Yes,Month-to-month,Yes,Mailed check,57.6,1471.72,No
5414-MQVIO,Male,0,No,No,1,Yes,Yes,No,No internet service,No internet service,No internet service,No internet service,No internet service,No internet service,Month-to-month,Yes,Electronic check,20.21,20.13,Yes
3374-FITLR,Male,1,No,No,72,No,No phone service,No,No internet service,No internet service,No internet service,No internet service,No internet service,No internet service,Two year,No,Mailed check,26.8,2015.03,No
7219-JYBXA,Female,0,Yes,No,2,Yes,Yes,DSL,No,Yes,Yes,Yes,Yes,Yes,Month-to-month,No,Mailed check,51.01,105.27,No
4440-VRIXD,Male,0,Yes,No,72,Yes,Yes,Fiber optic,Yes,No,Yes,Yes,Yes,Yes,One year,Yes,Mailed check,77.65,5771.23,No
7035-NFXTA,Female,0,No,No,38,Yes,No,No,No internet service,No internet service,No internet service,No internet service,No internet service,No internet service,Month-to-month,Yes,Mailed check,20.96,758.36,Yes
1781-BKKSR,Female,0,No,No,1,Yes,Yes,No,No internet service,No internet service,No internet service,No internet service,No internet service,No internet service,Month-to-month,Yes,Credit card (automatic),27.12,27.33,Yes
1135-MUXHB,Male,0,Yes,Yes,46,Yes,Yes,No,No internet service,No internet service,No internet service,No internet service,No internet service,No internet service,Month-to-month,Yes,Credit card (automatic),33.22,1496.21,No
2375-ILJCI,Male,1,Yes,Yes,48,Yes,Yes,Fiber optic,Yes,Yes,No,No,No,No,Two year,Yes,Mailed check,76.11,3524.76,No
3608-MCUKI,Male,0,Yes,Yes,13,Yes,Yes,DSL,No,Yes,No,No,No,Yes,Month-to-month,Yes,Mailed check,59.94,760.98,Yes
9157-TDDAO,Male,0,No,No,8,Yes,Yes,Fiber optic,Yes,No,Yes,No,No,No,Month-to-month,Yes,Mailed check,72.52,576.93,Yes
4192-JNOAC,Female,1,Yes,Yes,9,Yes,Yes,Fiber optic,Yes,No,Yes,No,Yes,Yes,Month-to-month,No,Electronic check,77.69,705.71,Yes
8101-YVXMV,Male,0,No,No,18,Yes,Yes,Fiber optic,No,No,No,No,No,Yes,Two year,No,Electronic check,81.94,1517.8,No
8939-XDDKN,Female,1,Yes,No,25,Yes,Yes,Fiber optic,Yes,No,No,Yes,No,Yes,One year,Yes,Mailed check,84.4,2130.85,No
9622-IVXZE,Male,0,Yes,No,44,Yes,Yes,No,No internet service,No internet service,No internet service,No internet service,No internet service,No internet service,Two year,No,Mailed check,18.25,780.93,No
3176-FTRKC,Male,0,No,No,44,Yes,No,Fiber optic,Yes,Yes,No,Yes,Yes,Yes,Two year,No,Bank transfer (automatic),74.99,3269.63,No
5686-TMGPR,Female,0,Yes,No,23,Yes,No,Fiber optic,Yes,No,Yes,Yes,Yes,Yes,Month-to-month,Yes,Credit card (automatic),86.22,2004.68,No
6320-WIPWF,Female,0,Yes,Yes,18,Yes,Yes,DSL,No,Yes,Yes,No,No,No,Month-to-month,No,Mailed check,64.2,1098.39,No
3534-BJBTC,Male,0,Yes,No,11,Yes,No,Fiber optic,Yes,Yes,Yes,Yes,Yes,Yes,Month-to-month,Yes,Mailed check,79.03,836.66,Yes
7231-PZJIG,Male,0,Yes,No,24,Yes,Yes,No,No internet service,No internet service,No internet service,No internet service,No internet service,No internet service,Month-to-month,Yes,Electronic check,21.62,521.95,No
5834-FCYRD,Male,0,No,Yes,13,Yes,No,No,No internet service,No internet service,No internet service,No internet service,No internet service,No internet service,Month-to-month,Yes,Electronic check,20.72,257.01,No
6561-HEMUA,Male,0,Yes,Yes,55,Yes,No,No,No internet service,No internet service,No internet service,No internet service,No internet service,No internet service,One year,No,Electronic check,32.67,1881.65,No
4196-XKCLR,Male,0,Yes,No,6,Yes,No,DSL,No,No,Yes,No,Yes,Yes,Month-to-month,Yes,Credit card (automatic),64.15,376.89,Yes
9965-QBVUQ,Female,0,Yes,Yes,62,Yes,No,Fiber optic,No,Yes,Yes,No,Yes,No,Two year,Yes,Electronic check,92.34,5643.2,No
9067-UGKNM,Male,1,Yes,Yes,1,No,No phone service,Fiber optic,No,Yes,Yes,No,Yes,Yes,Month-to-month,Yes,Credit card (automatic),85.66,85.81,Yes
6748-SCOBN,Male,0,No,No,63,Yes,Yes,DSL,No,Yes,No,Yes,Yes,No,One year,No,Credit card (automatic),59.38,3604.16,No
4799-FZGBJ,Male,0,No,No,15,Yes,No,DSL,Yes,No,Yes,Yes,No,No,Month-to-month,Yes,Bank transfer (automatic),58.54,898.13,Yes
7815-AMKWA,Female,1,Yes,Yes,36,Yes,Yes,Fiber optic,No,No,Yes,Yes,Yes,Yes,One year,No,Bank transfer (automatic),83.82,3019.47,No
1155-OESHO,Female,0,No,No,43,Yes,Yes,No,No internet service,No internet service,No internet service,No internet service,No internet service,No internet service,Two year,No,Credit card (automatic),24.6,1079.64,No
1339-SNAGB,Female,1,No,No,26,No,No phone service,DSL,No,No,Yes,Yes,No,No,Month-to-month,Yes,Bank transfer (automatic),58.81,1467.72,No
1403-SLUGS,Male,0,No,Yes,8,Yes,No,Fiber optic,Yes,No,Yes,Yes,Yes,No,Month-to-month,No,Mailed check,85.73,678.77,Yes
6535-RVSTT,Male,0,No,No,72,Yes,Yes,Fiber optic,Yes,Yes,No,Yes,No,No,One year,No,Mailed check,89.67,6495.53,No
5022-SVTPB,Female,0,Yes,No,49,Yes,Yes,DSL,No,No,No,No,No,Yes,Two year,No,Credit card (automatic),55.3,2829.71,No
4928-BCJMN,Male,0,Yes,No,20,Yes,Yes,DSL,No,Yes,Yes,No,No,Yes,One year,Yes,Electronic check,62.4,1186.02,No
9101-TKISH,Male,0,Yes,No,8,No,No phone service,No,No internet service,No internet service,No internet service,No internet service,No internet service,No internet service,Month-to-month,No,Bank transfer (automatic),18.25,150.65,No
8951-URGQV,Female,0,No,No,43,Yes,Yes,DSL,Yes,Yes,Yes,No,No,No,One year,Yes,Bank transfer (automatic),65.88,2858.83,No
1647-ENJSK,Female,0,Yes,Yes,42,Yes,No,Fiber optic,No,Yes,Yes,Yes,No,No,One year,Yes,Bank transfer (automatic),70.92,2912.84,No
9968-HJAGG,Female,0,Yes,No,30,Yes,Yes,DSL,No,Yes,No,Yes,Yes,No,Month-to-month,Yes,Credit card (automatic),63.96,2004.1,Yes
7864-IFIOU,Male,0,No,Yes,30,No,No phone service,DSL,No,Yes,No,Yes,No,No,One year,Yes,Electronic check,48.86,1413.76,No
9808-BVKVA,Female,0,Yes,No,6,Yes,Yes,Fiber optic,Yes,Yes,Yes,Yes,No,Yes,Month-to-month,Yes,Electronic check,82.63,512.46,Yes
6634-YBUCZ,Female,0,No,Yes,16,Yes,No,Fiber optic,Yes,No,Yes,No,Yes,Yes,Month-to-month,No,Bank transfer (automatic),83.94,1333.95,Yes
7698-XXIKR,Female,0,No,Yes,20,Yes,Yes,DSL,Yes,Yes,Yes,Yes,No,Yes,Month-to-month,No,Mailed check,55.42,1103.97,Yes
2573-HCXGK,Female,0,No,Yes,71,No,No phone service,No,No internet service,No internet service,No internet service,No internet service,No internet service,No internet service,Two year,No,Electronic check,18.25,1268.73,No
5072-JUXOV,Female,0,Yes,No,4,Yes,No,Fiber optic,No,Yes,No,Yes,Yes,No,Month-to-month,No,Credit card (automatic),84.58,343.93,Yes
1997-ZDBAG,Male,0,No,No,67,No,No phone service,Fiber optic,No,Yes,Yes,No,No,Yes,Month-to-month,Yes,Credit card (automatic),76.56,5140.22,No
8533-HULCM,Male,0,No,No,50,Yes,Yes,Fiber optic,No,No,No,Yes,No,No,One year,Yes,Mailed check,84.9,4275.34,No
3090-HNUPF,Female,0,Yes,No,14,Yes,No,Fiber optic,No,No,Yes,Yes,No,Yes,Month-to-month,Yes,Mailed check,88.86,1272.57,No
7456-SGWVP,Male,1,Yes,No,20,Yes,No,No,No internet service,No internet service,No internet service,No internet service,No internet service,No internet service,Month-to-month,No,Bank transfer (automatic),23.79,454.24,No
3665-JLEHD,Female,1,Yes,No,56,Yes,No,DSL,No,No,No,Yes,Yes,No,Two year,No,Mailed check,65.75,3552.02,No
2390-TDMLB,Male,0,Yes,No,62,Yes,Yes,Fiber optic,Yes,No,Yes,No,No,No,One year,Yes,Electronic check,77.01,4773.16,No
8481-ZQRGV,Male,0,No,Yes,19,Yes,No,DSL,Yes,No,No,Yes,Yes,Yes,Month-to-month,No,Credit card (automatic),72.61,1372.79,No
8057-LSYPF,Male,0,Yes,No,6,Yes,No,DSL,Yes,Yes,Yes,Yes,No,Yes,Month-to-month,No,Bank transfer (automatic),52.26,311.99,Yes
3973-EIXEX,Male,0,Yes,No,6,Yes,No,No,No internet service,No internet service,No internet service,No internet service,No internet service,No internet service,Month-to-month,No,Credit card (automatic),20.5,119.37,No
3565-MNDEH,Female,0,Yes,No,11,Yes,Yes,No,No internet service,No internet service,No internet service,No internet service,No internet service,No internet service,One year,Yes,Bank transfer (automatic),31.65,359.13,Yes
1539-TOVWJ,Female,0,No,Yes,22,Yes,Yes,DSL,No,Yes,Yes,No,Yes,Yes,Month-to-month,No,Bank transfer (automatic),64.07,1345.96,No
8353-BLRMT,Female,0,No,No,27,Yes,No,Fiber optic,No,Yes,Yes,No,No,Yes,Month-to-month,Yes,Mailed check,85.56,2322.32,Yes
8726-LHPWZ,Male,1,No,No,29,Yes,Yes,Fiber optic,No,No,Yes,Yes,No,No,Two year,No,Credit card (automatic),82.77,2479.48,No
8339-GFOKP,Female,0,Yes,No,50,Yes,No,Fiber optic,Yes,No,Yes,Yes,No,Yes,One year,Yes,Bank transfer (automatic),78.26,3967.89,Yes
9309-OJWLP,Male,0,Yes,Yes,43,Yes,No,No,No internet service,No internet service,No internet service,No internet service,No internet service,No internet service,Two year,Yes,Electronic check,18.25,822.61,No
2217-NLDFS,Female,0,Yes,Yes,57,Yes,No,Fiber optic,Yes,No,Yes,Yes,Yes,Yes,One year,Yes,Mailed check,86.33,4862.11,No
2625-DBALM,Male,0,No,No,70,Yes,No,Fiber optic,No,Yes,No,Yes,Yes,Yes,Two year,No,Electronic check,87.23,5802.68,No
6618-ONZGS,Male,0,Yes,No,7,No,No phone service,DSL,No,Yes,No,Yes,No,Yes,Month-to-month,Yes,Credit card (automatic),57.95,415.2,Yes
1716-WJJDN,Female,0,Yes,No,22,Yes,Yes,No,No internet service,No internet service,No internet service,No internet service,No internet service,No internet service,Month-to-month,No,Bank transfer (automatic),23.8,518.11,Yes
4595-ZEKXU,Female,0,No,No,55,Yes,Yes,Fiber optic,No,No,Yes,No,No,No,Month-to-month,No,Credit card (automatic),93.25,5197.35,No
7879-NWFVP,Male,0,Yes,Yes,9,Yes,Yes,Fiber optic,Yes,Yes,No,No,Yes,No,Month-to-month,Yes,Mailed check,86.11,747.05,Yes
4149-FNASG,Male,0,No,Yes,69,Yes,No,DSL,No,No,Yes,No,Yes,No,Two year,No,Electronic check,60.93,4327.0,No
4502-FMJEX,Male,0,Yes,No,35,Yes,No,DSL,No,No,Yes,Yes,Yes,No,One year,Yes,Mailed check,62.07,2126.67,No
7833-KBVSO,Female,0,Yes,Yes,72,Yes,Yes,DSL,Yes,No,No,No,Yes,Yes,Month-to-month,No,Bank transfer (automatic),72.0,5010.07,No
6441-AMEQY,Male,0,No,No,19,Yes,No,DSL,No,Yes,No,Yes,Yes,Yes,Month-to-month,Yes,Credit card (automatic),55.31,1086.17,No
5776-PRYAI,Female,1,Yes,No,31,Yes,Yes,Fiber optic,Yes,Yes,Yes,Yes,Yes,Yes,One year,Yes,Electronic check,78.52,2415.68,No
3414-SLUMZ,Female,0,No,Yes,5,Yes,No,Fiber optic,Yes,Yes,No,Yes,Yes,No,Month-to-month,No,Mailed check,83.96,403.4,Yes
7902-AZYBK,Female,1,No,No,27,Yes,Yes,DSL,No,No,No,Yes,Yes,Yes,Two year,No,Electronic check,59.73,1538.52,No
9734-VMOAO,Male,0,Yes,No,66,Yes,No,Fiber optic,Yes,Yes,Yes,No,No,No,Two year,Yes,Mailed check,87.61,5935.27,No
6996-JHVLG,Female,0,No,No,50,Yes,No,Fiber optic,No,No,No,Yes,Yes,Yes,One year,No,Electronic check,83.6,4320.77,Yes
4373-MGOWT,Female,0,Yes,No,9,Yes,Yes,DSL,Yes,No,No,Yes,No,Yes,Month-to-month,Yes,Mailed check,64.53,583.06,Yes
3081-MORTM,Male,0,Yes,Yes,46,Yes,Yes,DSL,Yes,No,No,Yes,No,No,One year,Yes,Credit card (automatic),67.1,3170.54,Yes
3835-RDRXS,Female,0,Yes,No,33,Yes,Yes,Fiber optic,No,Yes,No,Yes,Yes,No,One year,Yes,Credit card (automatic),82.21,2755.69,No
4902-VNOWF,Female,0,No,Yes,66,Yes,No,No,No internet service,No internet service,No internet service,No internet service,No internet service,No internet service,Two year,Yes,Bank transfer (automatic),35.24,2238.21,No
8017-RNCTF,Female,0,No,Yes,10,No,No phone service,DSL,No,Yes,No,Yes,Yes,No,Month-to-month,Yes,Credit card (automatic),54.75,568.2,No
9058-UJLAM,Male,0,No,No,31,Yes,Yes,Fiber optic,Yes,Yes,No,No,No,Yes,One year,Yes,Mailed check,86.99,2711.34,No
1521-ZQGUA,Female,0,Yes,No,22,Yes,No,DSL,No,Yes,No,No,No,Yes,One year,No,Credit card (automatic),59.65,1283.0,No
5943-CBGHS,Female,0,No,No,34,Yes,No,DSL,Yes,No,Yes,No,Yes,No,Month-to-month,Yes,Electronic check,53.59,1817.78,No
9016-UTOJG,Male,0,No,No,51,Yes,No,DSL,Yes,Yes,Yes,No,Yes,No,Month-to-month,Yes,Bank transfer (automatic),58.17,3020.89,No
9511-NOALR,Male,0,No,Yes,25,Yes,Yes,Fiber optic,Yes,Yes,No,No,No,No,Month-to-month,No,Electronic check,93.09,2421.31,Yes
5455-PVAXV,Male,0,Yes,Yes,54,Yes,No,Fiber optic,No,Yes,Yes,No,No,No,Two year,No,Mailed check,74.29,4128.1,No
4778-TBICQ,Female,0,No,No,20,No,No phone service,Fiber optic,Yes,No,No,No,No,No,Month-to-month,No,Mailed check,85.36,1783.42,Yes
8704-PSDYF,Male,0,No,No,33,Yes,No,Fiber optic,Yes,Yes,Yes,No,Yes,No,Month-to-month,Yes,Mailed check,72.4,2486.85,Yes
5736-RWYPO,Male,0,No,No,13,Yes,Yes,Fiber optic,Yes,Yes,Yes,Yes,No,No,Month-to-month,No,Bank transfer (automatic),84.43,1085.43,Yes
4753-ORQPL,Male,0,Yes,Yes,27,No,No phone service,Fiber optic,Yes,Yes,No,Yes,Yes,Yes,Month-to-month,No,Mailed check,85.34,2241.34,Yes
2761-BKKPX,Female,0,No,No,69,Yes,No,DSL,No,Yes,No,Yes,Yes,Yes,One year,No,Bank transfer (automatic),50.79,3391.43,No
7313-UPYYD,Female,0,Yes,Yes,3,Yes,No,DSL,Yes,No,No,No,No,No,Month-to-month,Yes,Mailed check,55.4,164.62,Yes
6752-NZPAF,Female,0,No,Yes,32,Yes,No,DSL,No,Yes,Yes,Yes,Yes,No,Month-to-month,No,Mailed check,67.95,2174.69,No
2165-FCUMR,Female,0,No,No,18,Yes,No,Fiber optic,Yes,Yes,No,Yes,Yes,No,Month-to-month,Yes,Bank transfer (automatic),79.68,1424.93,No
9998-QMGTN,Male,0,No,No,20,Yes,No,Fiber optic,No,No,No,No,Yes,Yes,Month-to-month,No,Credit card (automatic),81.76,1683.32,Yes
7811-AEDRN,Female,0,No,No,31,Yes,Yes,DSL,Yes,Yes,Yes,No,Yes,No,One year,Yes,Credit card (automatic),58.23,1870.06,No
3852-IPZZM,Female,0,No,No,49,Yes,Yes,DSL,Yes,Yes,Yes,Yes,No,No,Two year,No,Credit card (automatic),52.36,2530.43,No
7033-CYAIS,Male,0,No,No,9,Yes,No,Fiber optic,No,Yes,No,No,Yes,Yes,Month-to-month,No,Credit card (automatic),84.53,752.15,No
9726-EREBL,Female,0,Yes,No,50,Yes,No,No,No internet service,No internet service,No internet service,No internet service,No internet service,No internet service,Month-to-month,Yes,Credit card (automatic),33.08,1594.42,No
6189-GZQLM,Female,0,No,No,19,No,No phone service,DSL,No,No,Yes,No,No,No,Month-to-month,No,Bank transfer (automatic),56.23,1050.38,No
5177-CPUKL,Female,0,Yes,Yes,33,Yes,Yes,Fiber optic,Yes,No,Yes,Yes,Yes,No,Month-to-month,No,Electronic check,90.58,2862.34,Yes
9193-PHAVQ,Female,0,Yes,No,16,Yes,Yes,DSL,Yes,No,Yes,Yes,No,Yes,Month-to-month,No,Credit card (automatic),58.38,892.0,No
6634-HEMTH,Male,0,No,No,54,Yes,No,DSL,No,No,No,No,Yes,Yes,Two year,No,Credit card (automatic),61.68,3372.82,No
5742-ZFGGX,Male,0,No,No,27,Yes,No,DSL,Yes,Yes,No,Yes,No,No,Month-to-month,Yes,Credit card (automatic),65.85,1760.64,No
5758-XYKBH,Female,0,No,No,8,Yes,No,Fiber optic,Yes,Yes,Yes,No,No,Yes,Month-to-month,No,Credit card (automatic),84.15,662.69,Yes
5893-JAZHQ,Female,0,No,Yes,44,Yes,No,DSL,Yes,Yes,Yes,Yes,No,No,Two year,Yes,Credit card (automatic),53.77,2369.82,No
9519-OSASW,Male,0,No,Yes,55,Yes,No,Fiber optic,Yes,Yes,Yes,No,No,No,One year,Yes,Bank transfer (automatic),78.6,4352.43,No
9263-CFBXH,Male,0,No,No,3,Yes,No,No,No internet service,No internet service,No internet service,No internet service,No internet service,No internet service,Month-to-month,No,Mailed check,25.49,78.41,Yes
5782-MRXIU,Male,0,No,No,9,Yes,No,DSL,No,Yes,No,No,No,Yes,One year,Yes,Credit card (automatic),65.06,567.77,No
3618-FCJOU,Male,0,Yes,Yes,32,Yes,Yes,Fiber optic,Yes,No,No,Yes,Yes,Yes,One year,Yes,Mailed check,82.03,2739.41,No
8634-NKEXK,Male,0,Yes,No,45,Yes,No,DSL,Yes,Yes,No,Yes,No,Yes,Two year,Yes,Electronic check,65.95,2866.42,No
7881-QYZSR,Male,0,No,No,8,Yes,No,Fiber optic,No,Yes,Yes,No,No,Yes,Month-to-month,Yes,Bank transfer (automatic),94.2,755.33,Yes
2235-AOSTG,Female,0,Yes,No,4,Yes,Yes,No,No internet service,No internet service,No internet service,No internet service,No internet service,No internet service,Month-to-month,No,Bank transfer (automatic),31.87,133.08,No
5528-WCJYF,Female,0,No,Yes,29,Yes,No,DSL,Yes,No,Yes,No,Yes,Yes,One year,No,Credit card (automatic),57.39,1669.53,No
3849-MRGUG,Male,0,No,Yes,48,Yes,Yes,Fiber optic,Yes,No,No,Yes,No,No,Two year,Yes,Electronic check,81.21,4050.16,No
4313-OATRV,Female,0,Yes,No,47,No,No phone service,Fiber optic,No,No,No,Yes,No,Yes,One year,Yes,Mailed check,86.16,4250.89,No
3473-KXBMM,Female,0,No,No,27,Yes,Yes,No,No internet service,No internet service,No internet service,No internet service,No internet service,No internet service,Month-to-month,Yes,Mailed check,26.67,715.65,Yes
5026-LTFXX,Male,1,Yes,No,63,No,No phone service,DSL,Yes,No,No,Yes,No,Yes,Two year,Yes,Electronic check,55.25,3468.67,No
2614-ZGBKU,Male,1,Yes,Yes,10,No,No phone service,DSL,No,No,No,Yes,Yes,No,Month-to-month,No,Electronic check,53.94,529.94,No
8600-QVGWQ,Male,0,Yes,Yes,4,Yes,No,DSL,No,Yes,Yes,Yes,No,Yes,Month-to-month,Yes,Bank transfer (automatic),54.93,210.25,No
2202-DGBHZ,Male,0,No,Yes,9,Yes,Yes,Fiber optic,No,No,No,Yes,No,Yes,Month-to-month,Yes,Credit card (automatic),77.27,716.42,Yes
3160-QZGSL,Male,0,Yes,No,70,Yes,No,Fiber optic,No,No,No,No,No,Yes,Two year,Yes,Mailed check,80.34,5741.76,No
3567-YRLVX,Female,0,No,No,16,Yes,No,Fiber optic,Yes,No,No,No,Yes,No,Month-to-month,No,Bank transfer (automatic),80.31,1310.73,No
8032-WIIGS,Female,0,Yes,Yes,23,Yes,Yes,DSL,Yes,Yes,No,No,Yes,No,Two year,Yes,Mailed check,63.63,1398.07,No
8227-RPUEJ,Male,0,No,No,13,Yes,Yes,Fiber optic,Yes,Yes,Yes,Yes,No,No,Month-to-month,Yes,Credit card (automatic),81.01,1092.9,Yes
7362-BXEUQ,Female,0,Yes,Yes,7,No,No phone service,No,No internet service,No internet service,No internet service,No internet service,No internet service,No internet service,Month-to-month,No,Bank transfer (automatic),20.11,144.62,No
8627-UNTJP,Male,0,Yes,No,55,Yes,Yes,Fiber optic,No,No,No,Yes,No,No,Two year,Yes,Credit card (automatic),80.46,4223.91,No
9234-CJANU,Male,1,Yes,No,19,Yes,Yes,No,No internet service,No internet service,No internet service,No internet service,No internet service,No internet service,Month-to-month,Yes,Credit card (automatic),23.02,456.01,Yes
1346-OKUFE,Male,0,Yes,No,21,Yes,Yes,Fiber optic,No,Yes,Yes,No,No,Yes,Month-to-month,Yes,Bank transfer (automatic),84.75,1720.67,No
1852-KMXME,Female,1,No,Yes,72,Yes,No,Fiber optic,Yes,Yes,Yes,No,No,No,Two year,Yes,Mailed check,66.64,4836.31,No
7290-BIQGP,Male,0,No,No,45,Yes,No,No,No internet service,No internet service,No internet service,No internet service,No internet service,No internet service,Two year,No,Credit card (automatic),33.04,1444.84,No
5079-YHXQT,Female,0,Yes,No,32,Yes,No,Fiber optic,Yes,No,Yes,Yes,Yes,No,Two year,Yes,Mailed check,82.07,2630.38,No
2518-ASMIX,Male,0,Yes,Yes,1,Yes,Yes,Fiber optic,No,Yes,Yes,Yes,No,Yes,Month-to-month,Yes,Electronic check,77.13,74.47,No
3938-LSZXQ,Male,0,No,Yes,43,Yes,No,DSL,Yes,Yes,No,No,No,Yes,One year,Yes,Bank transfer (automatic),53.14,2232.06,No
1993-CSNDS,Female,1,No,No,41,Yes,Yes,DSL,Yes,No,Yes,Yes,Yes,No,One year,Yes,Mailed check,60.42,2424.82,Yes
9479-BVIKS,Female,0,No,No,8,Yes,No,Fiber optic,No,No,Yes,Yes,No,No,Month-to-month,No,Mailed check,65.56,527.83,Yes
3221-EZJER,Female,0,No,No,41,Yes,Yes,Fiber optic,Yes,Yes,Yes,No,Yes,No,Month-to-month,No,Credit card (automatic),90.59,3651.58,Yes
2950-UBNKY,Female,0,No,Yes,1,Yes,Yes,DSL,Yes,No,No,Yes,Yes,Yes,Month-to-month,No,Bank transfer (automatic),55.13,57.29,Yes
5691-YGMVE,Male,1,Yes,Yes,10,Yes,No,DSL,Yes,No,Yes,Yes,No,Yes,Month-to-month,Yes,Mailed check,67.79,680.1,Yes
9348-URGVV,Female,0,Yes,No,32,Yes,No,Fiber optic,Yes,No,Yes,Yes,Yes,No,Month-to-month,Yes,Electronic check,86.51,2667.57,Yes
3633-PBKDO,Male,0,No,Yes,45,Yes,No,Fiber optic,No,No,No,Yes,Yes,Yes,Month-to-month,No,Credit card (automatic),82.43,3524.4,No
5938-NRYFF,Male,0,No,Yes,61,Yes,Yes,DSL,Yes,No,No,Yes,Yes,No,Two year,No,Credit card (automatic),64.6,4022.35,No
2938-YCAET,Female,0,Yes,Yes,72,Yes,Yes,No,No internet service,No internet service,No internet service,No internet service,No internet service,No internet service,Two year,Yes,Mailed check,21.18,1532.97,No
6216-XFKOB,Male,1,Yes,No,6,Yes,No,Fiber optic,No,No,Yes,Yes,Yes,No,Month-to-month,No,Electronic check,81.22,485.7,Yes
9265-UDVLI,Male,0,No,No,56,Yes,Yes,DSL,Yes,Yes,No,Yes,Yes,Yes,Two year,Yes,Mailed check,70.9,4064.0,No
9514-NFVSE,Male,0,Yes,No,47,No,No phone service,DSL,Yes,No,No,No,Yes,No,Two year,No,Bank transfer (automatic),58.76,2782.64,No
7095-QHLVE,Male,0,No,No,72,Yes,No,No,No internet service,No internet service,No internet service,No internet service,No internet service,No internet service,Two year,Yes,Bank transfer (automatic),30.07,2232.93,No
7500-VYIGY,Female,0,Yes,No,53,Yes,No,Fiber optic,Yes,Yes,Yes,No,Yes,No,Two year,No,Electronic check,82.83,4414.31,No
5164-ONNQL,Male,0,No,Yes,28,Yes,No,DSL,No,No,Yes,Yes,Yes,No,Month-to-month,Yes,Electronic check,54.59,1493.63,No
4528-KRVOR,Female,0,No,Yes,50,No,No phone service,DSL,Yes,Yes,No,Yes,No,No,Two year,Yes,Bank transfer (automatic),54.04,2576.56,No
4717-UKKBG,Female,0,No,Yes,14,Yes,Yes,DSL,No,Yes,Yes,No,Yes,No,Month-to-month,Yes,Mailed check,52.89,725.6,No
7645-CFUWK,Male,0,Yes,No,31,No,No phone service,Fiber optic,Yes,No,No,Yes,No,Yes,Two year,Yes,Credit card (automatic),69.03,2216.12,No
4661-NUMEL,Female,0,No,No,33,Yes,No,Fiber optic,Yes,No,Yes,No,Yes,Yes,One year,No,Mailed check,83.29,2854.68,No
3291-RDPDZ,Female,0,Yes,No,41,Yes,Yes,Fiber optic,No,Yes,No,Yes,Yes,No,One year,No,Mailed check,78.43,3201.44,No
6759-DYOPB,Male,0,Yes,No,22,Yes,No,DSL,No,Yes,Yes,Yes,No,No,Month-to-month,No,Mailed check,62.66,1336.37,Yes
2689-VMQZL,Female,0,No,Yes,23,Yes,Yes,No,No internet service,No internet service,No internet service,No internet service,No internet service,No internet service,Month-to-month,Yes,Bank transfer (automatic),21.3,489.29,Yes
4427-UBLWF,Male,0,No,No,14,Yes,No,Fiber optic,No,Yes,No,No,Yes,No,Month-to-month,Yes,Credit card (automatic),72.24,1042.94,Yes
3735-MBBGX,Female,0,No,No,6,Yes,No,Fiber optic,Yes,No,No,Yes,Yes,Yes,Month-to-month,No,Electronic check,87.16,523.86,Yes
2996-TLTIW,Female,0,No,No,11,Yes,Yes,DSL,Yes,Yes,No,No,Yes,Yes,Month-to-month,No,Electronic check,63.8,696.51,No
4337-UVLRD,Male,1,No,No,14,Yes,No,No,No internet service,No internet service,No internet service,No internet service,No internet service,No internet service,Month-to-month,No,Credit card (automatic),28.07,377.07,No
5467-JYYUY,Male,0,No,No,66,Yes,Yes,Fiber optic,Yes,Yes,Yes,Yes,Yes,No,Two year,No,Electronic check,80.55,5089.67,No
9782-TPFVF,Male,0,Yes,No,59,Yes,No,DSL,Yes,Yes,No,Yes,No,Yes,Two year,Yes,Credit card (automatic),66.99,3912.12,No
2666-WCDNP,Male,0,No,No,24,Yes,No,No,No internet service,No internet service,No internet service,No internet service,No internet service,No internet service,Month-to-month,Yes,Credit card (automatic),24.25,586.06,Yes
1410-JFHER,Female,0,No,No,72,Yes,No,Fiber optic,Yes,No,Yes,Yes,Yes,No,Two year,Yes,Mailed check,83.58,6005.21,No
5256-YAUXM,Female,1,No,Yes,51,Yes,Yes,DSL,Yes,Yes,No,Yes,Yes,Yes,One year,Yes,Bank transfer (automatic),63.02,3133.07,No
7293-LPXNP,Male,0,Yes,No,57,Yes,No,Fiber optic,No,No,No,No,Yes,Yes,Two year,Yes,Credit card (automatic),75.51,4173.19,No
9879-MERSG,Male,0,Yes,No,54,Yes,Yes,No,No internet service,No internet service,No internet service,No internet service,No internet service,No internet service,One year,No,Mailed check,24.97,1336.8,No
7557-BIWQP,Female,0,Yes,Yes,13,Yes,Yes,Fiber optic,Yes,Yes,Yes,Yes,Yes,No,One year,Yes,Credit card (automatic),82.46,1063.59,No
6587-EYHUZ,Male,0,No,No,6,Yes,Yes,Fiber optic,No,Yes,Yes,Yes,No,Yes,Month-to-month,No,Credit card (automatic),86.11,533.22,No
3168-QBQLB,Female,0,Yes,No,55,Yes,Yes,Fiber optic,No,Yes,Yes,Yes,Yes,Yes,Two year,Yes,Bank transfer (automatic),85.27,4619.66,No
7047-ZCXVO,Female,0,Yes,No,49,Yes,Yes,No,No internet service,No internet service,No internet service,No internet service,No internet service,No internet service,Two year,Yes,Electronic check,32.17,1530.2,No
9111-ISSPV,Male,0,Yes,Yes,44,Yes,Yes,DSL,No,No,No,No,Yes,Yes,Month-to-month,Yes,Mailed check,69.44,3070.37,No
8885-UPZOQ,Female,0,No,Yes,27,Yes,No,DSL,Yes,Yes,No,Yes,No,No,Month-to-month,Yes,Credit card (automatic),58.13,1584.8,No
2699-IXMNV,Male,0,Yes,No,63,Yes,No,Fiber optic,No,Yes,No,Yes,Yes,No,Two year,No,Electronic check,71.49,4719.8,No
3934-GAGNS,Male,0,No,No,45,Yes,No,DSL,Yes,Yes,No,Yes,Yes,Yes,Two year,Yes,Credit card (automatic),47.36,2167.56,No
3961-LFVND,Female,1,No,No,51,Yes,Yes,Fiber optic,Yes,Yes,Yes,Yes,No,Yes,One year,Yes,Credit card (automatic),89.64,4618.79,No
6485-IWGWS,Male,0,No,No,15,Yes,Yes,No,No internet service,No internet service,No internet service,No internet service,No internet service,No internet service,Month-to-month,Yes,Bank transfer (automatic),18.79,284.06,Yes
2218-TSLEM,Female,0,Yes,No,16,Yes,Yes,DSL,Yes,Yes,No,No,No,No,Month-to-month,No,Mailed check,58.05,904.19,Yes
6476-DISOZ,Male,0,No,Yes,40,Yes,No,DSL,Yes,No,Yes,Yes,Yes,No,Month-to-month,No,Credit card (automatic),66.16,2600.19,No
2950-ULFYQ,Female,0,Yes,No,44,Yes,No,DSL,No,No,No,Yes,No,No,Two year,No,Electronic check,61.32,2605.59,No
5818-HWACE,Male,0,Yes,Yes,1,Yes,Yes,Fiber optic,Yes,No,Yes,Yes,Yes,No,Month-to-month,Yes,Bank transfer (automatic),96.25,100.91,Yes
6876-CUFRU,Female,0,Yes,No,33,Yes,Yes,Fiber optic,Yes,Yes,No,No,Yes,No,Month-to-month,Yes,Credit card (automatic),88.43,3060.08,No
8906-HBTLY,Male,0,Yes,No,51,Yes,Yes,No,No internet service,No internet service,No internet service,No internet service,No internet service,No internet service,One year,Yes,Electronic check,21.64,1144.46,No
2693-ODMAT,Male,0,Yes,No,39,Yes,Yes,DSL,Yes,Yes,Yes,Yes,No,Yes,One year,No,Mailed check,56.19,2263.5,No
6443-CMLRM,Male,0,Yes,Yes,61,Yes,No,DSL,No,Yes,Yes,No,No,No,Two year,No,Electronic check,65.59,4138.51,No
5130-VNVXW,Male,1,No,Yes,8,Yes,Yes,No,No internet service,No internet service,No internet service,No internet service,No internet service,No internet service,Month-to-month,Yes,Credit card (automatic),23.04,176.39,Yes
9598-SONFV,Male,0,No,No,21,Yes,Yes,Fiber optic,No,No,No,Yes,Yes,Yes,Month-to-month,No,Mailed check,87.2,1849.13,Yes
7238-WSMHZ,Male,0,Yes,No,8,Yes,Yes,Fiber optic,No,No,Yes,Yes,Yes,Yes,Month-to-month,Yes,Mailed check,93.79,745.06,Yes
7601-WPNAB,Male,0,Yes,No,16,Yes,No,No,No internet service,No internet service,No internet service,No internet service,No internet service,No internet service,One year,Yes,Bank transfer (automatic),18.25,298.27,Yes
7360-FCUQC,Male,0,No,No,6,Yes,No,DSL,No,No,No,No,Yes,No,Month-to-month,Yes,Electronic check,53.83,328.14,No
5498-MAPKW,Male,1,Yes,No,49,Yes,No,Fiber optic,No,Yes,No,Yes,No,Yes,One year,Yes,Bank transfer (automatic),74.22,3494.73,No
2041-WATUK,Male,0,Yes,No,72,Yes,No,Fiber optic,No,No,Yes,No,Yes,No,Month-to-month,No,Credit card (automatic),74.7,5414.01,No
3524-DIRSE,Female,0,Yes,No,10,Yes,Yes,Fiber optic,No,Yes,No,Yes,No,Yes,Month-to-month,Yes,Mailed check,78.46,803.87,No
1100-OPZTO,Male,0,Yes,No,13,Yes,Yes,DSL,No,No,No,No,Yes,Yes,Month-to-month,Yes,Electronic check,58.18,781.73,No
6325-QLRFV,Female,0,No,Yes,72,Yes,Yes,DSL,Yes,No,Yes,No,Yes,Yes,Two year,Yes,Credit card (automatic),57.02,3962.26,No
8754-LLMVE,Male,1,Yes,No,27,Yes,Yes,Fiber optic,Yes,Yes,No,Yes,No,Yes,One year,No,Mailed check,84.11,2252.78,No
4073-PSHDN,Female,0,Yes,No,6,Yes,Yes,DSL,No,Yes,No,Yes,No,Yes,Month-to-month,Yes,Credit card (automatic),58.34,355.31,No
6746-TAAKO,Male,1,Yes,No,6,Yes,Yes,DSL,Yes,No,Yes,Yes,No,Yes,Month-to-month,Yes,Bank transfer (automatic),65.59,392.4,No
1032-EKHSA,Female,0,Yes,No,6,Yes,Yes,DSL,No,No,Yes,Yes,No,No,Month-to-month,Yes,Electronic check,78.47,478.33,Yes
8994-ELZRZ,Male,0,No,No,60,Yes,Yes,Fiber optic,No,No,Yes,No,No,No,Month-to-month,Yes,Credit card (automatic),82.05,4724.74,Yes
1176-SBPIU,Female,0,Yes,No,60,Yes,Yes,No,No internet service,No internet service,No internet service,No internet service,No internet service,No internet service,Two year,Yes,Credit card (automatic),22.06,1329.06,No
2119-XMNOA,Female,0,Yes,No,5,Yes,No,Fiber optic,No,Yes,Yes,No,Yes,Yes,Month-to-month,No,Mailed check,78.07,373.97,Yes
3793-SYZNG,Male,1,Yes,No,10,No,No phone service,Fiber optic,No,Yes,No,Yes,No,No,Month-to-month,Yes,Electronic check,68.17,677.43,No
5297-MKJWK,Female,0,No,Yes,65,Yes,No,DSL,No,Yes,Yes,No,No,No,Two year,Yes,Electronic check,56.32,3681.04,No
1263-SRJQY,Female,0,No,No,72,Yes,No,DSL,Yes,No,No,No,Yes,No,One year,Yes,Bank transfer (automatic),60.72,4275.74,No
9318-UPANV,Male,0,No,Yes,25,Yes,Yes,DSL,No,No,No,No,Yes,No,Month-to-month,Yes,Credit card (automatic),59.37,1425.75,No
8603-UZNCM,Female,0,No,Yes,20,Yes,Yes,Fiber optic,No,No,Yes,Yes,No,Yes,Month-to-month,No,Credit card (automatic),93.38,1825.52,Yes
3868-VULKE,Male,0,Yes,No,7,Yes,Yes,Fiber optic,No,No,Yes,Yes,No,Yes,Month-to-month,No,Credit card (automatic),85.77,626.78,Yes
1388-IGGZR,Female,0,Yes,Yes,36,Yes,Yes,DSL,No,No,Yes,Yes,Yes,Yes,One year,Yes,Mailed check,67.19,2523.19,No
5961-EVQNM,Female,0,No,No,59,Yes,No,Fiber optic,Yes,Yes,Yes,No,Yes,Yes,Two year,Yes,Mailed check,80.47,4597.41,No
5972-VSMRY,Female,0,No,No,20,Yes,No,Fiber optic,Yes,No,Yes,No,No,Yes,Month-to-month,No,Credit card (automatic),73.62,1414.78,No
3935-XPEZR,Female,0,Yes,No,0,Yes,No,Fiber optic,Yes,Yes,Yes,Yes,No,No,Month-to-month,Yes,Electronic check,87.8, ,No
4473-FXVBQ,Male,0,No,No,6,Yes,Yes,No,No internet service,No internet service,No internet service,No internet service,No internet service,No internet service,Month-to-month,Yes,Electronic check,30.29,179.42,No
2031-HOGNL,Male,0,No,No,9,Yes,Yes,DSL,Yes,Yes,Yes,Yes,Yes,Yes,Month-to-month,No,Mailed check,53.84,461.05,Yes
6232-UEUFA,Female,0,Yes,No,25,Yes,No,Fiber optic,Yes,No,No,No,No,No,Two year,Yes,Bank transfer (automatic),71.29,1789.51,No
5017-HEKWP,Male,0,Yes,No,10,Yes,Yes,DSL,No,Yes,Yes,No,No,Yes,Month-to-month,Yes,Credit card (automatic),49.8,504.66,No
7549-DBIUX,Female,1,No,Yes,49,No,No phone service,DSL,No,No,Yes,No,No,Yes,Two year,No,Mailed check,60.94,2985.6,No
1915-MKTFM,Male,0,No,Yes,2,Yes,No,DSL,Yes,Yes,Yes,No,Yes,Yes,Month-to-month,Yes,Electronic check,60.69,121.2,Yes
8647-MUQPG,Female,0,Yes,No,49,Yes,Yes,DSL,No,No,No,No,No,Yes,One year,No,Bank transfer (automatic),59.24,2872.44,No
9931-GYZNW,Female,1,Yes,No,61,Yes,No,DSL,No,No,Yes,Yes,Yes,No,One year,Yes,Bank transfer (automatic),64.33,3734.02,No
7435-TBDBA,Male,0,No,Yes,15,Yes,No,No,No internet service,No internet service,No internet service,No internet service,No internet service,No internet service,Month-to-month,No,Bank transfer (automatic),23.46,360.07,Yes
8522-EAYHV,Female,0,No,No,30,Yes,Yes,Fiber optic,No,No,No,No,No,Yes,Two year,Yes,Electronic check,72.75,2171.51,No
9643-NYZDD,Male,0,No,No,40,Yes,No,Fiber optic,No,Yes,Yes,Yes,No,No,One year,Yes,Bank transfer (automatic),79.36,3034.31,No
4329-OUEFH,Female,1,Yes,No,53,Yes,Yes,Fiber optic,Yes,No,No,No,Yes,No,Two year,Yes,Mailed check,100.1,5516.1,No
3442-YKWBC,Female,0,No,No,8,Yes,No,No,No internet service,No internet service,No internet service,No internet service,No internet service,No internet service,One year,Yes,Bank transfer (automatic),32.42,251.1,No
8231-GCPDB,Male,0,No,Yes,51,Yes,No,DSL,Yes,Yes,No,No,No,Yes,One year,No,Bank transfer (automatic),62.15,3118.31,No
4654-ONPAH,Male,0,Yes,Yes,22,Yes,No,DSL,No,Yes,Yes,No,No,Yes,Month-to-month,No,Electronic check,55.7,1269.83,No
4090-HOFQY,Female,0,No,No,40,Yes,Yes,Fiber optic,Yes,Yes,No,Yes,Yes,Yes,One year,No,Credit card (automatic),85.75,3377.98,No
6946-KLPSH,Female,0,Yes,No,71,Yes,No,No,No internet service,No internet service,No internet service,No internet service,No internet service,No internet service,Two year,Yes,Bank transfer (automatic),31.47,2345.46,No
1345-SRCQB,Male,0,Yes,Yes,27,Yes,No,DSL,No,No,Yes,Yes,No,Yes,One year,Yes,Mailed check,62.5,1699.52,No
6787-TASDG,Male,0,Yes,No,44,Yes,No,Fiber optic,Yes,No,No,No,Yes,Yes,Two year,No,Mailed check,83.03,3640.07,No
7342-JZYZC,Male,0,No,Yes,70,Yes,Yes,Fiber optic,Yes,No,No,Yes,Yes,Yes,Two year,No,Electronic check,80.88,5555.11,No
2586-EPLTH,Male,0,Yes,Yes,33,Yes,Yes,No,No internet service,No internet service,No internet service,No internet service,No internet service,No internet service,Month-to-month,Yes,Electronic check,31.82,1053.89,No
2797-QQRIN,Female,0,No,No,6,Yes,Yes,Fiber optic,Yes,No,Yes,Yes,No,Yes,One year,Yes,Bank transfer (automatic),83.16,486.92,Yes
9354-PYLBT,Female,1,Yes,No,60,Yes,Yes,No,No internet service,No internet service,No internet service,No internet service,No internet service,No internet service,Two year,Yes,Electronic check,23.8,1370.47,No
5143-BDIER,Male,0,No,No,25,Yes,Yes,Fiber optic,Yes,No,No,Yes,No,Yes,Month-to-month,Yes,Credit card (automatic),81.98,1966.47,No
6499-ICCYI,Female,0,No,No,1,Yes,Yes,DSL,No,No,Yes,No,Yes,No,Month-to-month,Yes,Bank transfer (automatic),56.53,57.38,No
1965-SWDYS,Male,0,Yes,No,4,Yes,Yes,Fiber optic,No,Yes,No,No,Yes,Yes,Month-to-month,Yes,Bank transfer (automatic),84.2,326.64,Yes
3268-UKQDG,Female,0,No,No,55,Yes,Yes,Fiber optic,No,Yes,No,Yes,No,No,Two year,No,Electronic check,72.45,3874.33,No
7960-UAFPX,Male,0,No,Yes,55,Yes,Yes,Fiber optic,No,Yes,No,No,No,Yes,Two year,Yes,Electronic check,79.49,4343.18,No
7068-SKBTU,Female,1,No,No,38,Yes,Yes,DSL,Yes,No,No,Yes,Yes,No,Two year,No,Electronic check,55.49,2082.25,No
4989-NGLGK,Male,0,No,Yes,13,Yes,No,DSL,Yes,No,No,No,Yes,No,Month-to-month,Yes,Bank transfer (automatic),64.37,834.09,No
2206-PGSNX,Female,0,No,No,47,Yes,No,Fiber optic,No,Yes,Yes,No,No,Yes,One year,Yes,Bank transfer (automatic),85.34,4109.73,Yes
2990-HGQCR,Male,0,Yes,No,6,Yes,No,DSL,No,Yes,No,No,Yes,Yes,Month-to-month,Yes,Electronic check,74.57,455.31,Yes
8370-RDMNK,Female,0,No,No,57,Yes,Yes,DSL,No,Yes,No,Yes,Yes,Yes,Two year,No,Electronic check,58.55,3209.52,No
5196-TVHIF,Male,0,No,No,51,Yes,Yes,Fiber optic,No,Yes,Yes,No,No,No,Two year,Yes,Mailed check,87.5,4516.73,No
4615-OSGFA,Female,0,Yes,No,29,Yes,Yes,Fiber optic,Yes,Yes,No,No,Yes,Yes,One year,Yes,Electronic check,71.1,2067.35,No
1844-BFSUZ,Female,0,No,Yes,23,No,No phone service,Fiber optic,No,Yes,Yes,Yes,Yes,Yes,Month-to-month,No,Credit card (automatic),77.86,1873.36,Yes
5905-LXDQV,Female,0,Yes,No,56,Yes,Yes,Fiber optic,Yes,Yes,Yes,Yes,No,Yes,Two year,Yes,Credit card (automatic),79.26,4247.37,No
5522-GQZGO,Female,0,No,Yes,52,Yes,No,Fiber optic,Yes,No,No,Yes,Yes,Yes,Two year,No,Electronic check,75.49,4060.9,No
1456-GTMFI,Female,0,No,No,72,Yes,Yes,Fiber optic,No,Yes,No,Yes,No,No,Two year,No,Mailed check,84.27,5918.04,No
2088-UYCGW,Female,0,No,No,22,Yes,Yes,No,No internet service,No internet service,No internet service,No internet service,No internet service,No internet service,Month-to-month,Yes,Electronic check,35.4,765.22,No
8907-TSWJX,Female,0,No,Yes,10,Yes,No,DSL,No,Yes,Yes,Yes,Yes,No,Month-to-month,No,Electronic check,62.15,615.4,Yes
8978-FBNTW,Male,0,No,Yes,16,No,No phone service,DSL,No,Yes,No,Yes,No,Yes,Month-to-month,No,Bank transfer (automatic),46.35,777.75,Yes
2281-JTBSH,Female,0,No,No,2,No,No phone service,Fiber optic,Yes,No,Yes,Yes,No,Yes,Month-to-month,No,Mailed check,65.9,138.17,No
1201-GTWCM,Female,0,Yes,No,72,Yes,No,Fiber optic,No,No,Yes,No,No,Yes,Two year,No,Mailed check,84.11,6081.41,No
2810-RUZJH,Female,0,Yes,No,33,Yes,No,No,No internet service,No internet service,No internet service,No internet service,No internet service,No internet service,Month-to-month,Yes,Electronic check,21.36,705.37,No
3788-TLAYC,Female,0,No,No,38,Yes,Yes,Fiber optic,No,No,No,No,No,Yes,One year,Yes,Electronic check,75.1,2798.99,No
9352-ENIRK,Female,0,Yes,No,64,Yes,Yes,Fiber optic,Yes,No,Yes,Yes,Yes,Yes,Two year,No,Mailed check,86.84,5517.75,No
4305-MZGFB,Female,0,No,No,20,Yes,Yes,Fiber optic,No,No,No,Yes,Yes,No,Month-to-month,Yes,Electronic check,90.79,1893.29,Yes
7647-RPAUV,Female,1,No,No,34,No,No phone service,Fiber optic,Yes,Yes,Yes,Yes,Yes,No,Month-to-month,No,Mailed check,68.45,2271.57,No
9504-YGSKP,Male,0,Yes,No,64,No,No phone service,No,No internet service,No internet service,No internet service,No internet service,No internet service,No internet service,Two year,No,Credit card (automatic),25.92,1639.83,No
3992-RYQXY,Female,1,Yes,No,21,Yes,No,DSL,Yes,Yes,Yes,No,No,No,Month-to-month,No,Bank transfer (automatic),55.82,1195.84,No
2069-ZVLPQ,Male,0,Yes,Yes,50,Yes,Yes,Fiber optic,No,Yes,No,Yes,Yes,No,Month-to-month,Yes,Electronic check,82.35,4161.12,No
8076-UCAGN,Female,0,Yes,No,64,Yes,Yes,Fiber optic,Yes,No,No,No,No,No,Two year,No,Bank transfer (automatic),89.25,5452.21,No
8641-QDSMJ,Male,1,Yes,Yes,10,Yes,No,No,No internet service,No internet service,No internet service,No internet service,No internet service,No internet service,Month-to-month,Yes,Mailed check,19.97,199.68,Yes
7944-HQEJO,Male,0,Yes,No,12,Yes,No,DSL,No,Yes,No,Yes,No,Yes,One year,Yes,Bank transfer (automatic),59.35,688.39,No
6610-XHXVJ,Female,0,No,No,65,Yes,Yes,DSL,Yes,Yes,No,Yes,No,Yes,Two year,Yes,Credit card (automatic),54.13,3661.05,No
2260-GRUPS,Male,0,Yes,No,3,Yes,No,DSL,No,No,Yes,Yes,No,No,Month-to-month,Yes,Bank transfer (automatic),61.95,193.79,No
1915-NWKXD,Male,1,No,Yes,12,No,No phone service,DSL,No,No,Yes,Yes,No,No,Month-to-month,No,Bank transfer (automatic),57.68,701.53,Yes
9807-UQQYJ,Male,0,Yes,Yes,72,Yes,No,No,No internet service,No internet service,No internet service,No internet service,No internet service,No internet service,Month-to-month,No,Mailed check,18.25,1376.32,No
2484-XCRGY,Female,0,No,No,3,Yes,Yes,Fiber optic,Yes,No,No,Yes,No,No,One year,Yes,Mailed check,78.02,233.45,Yes
9762-MNLLY,Male,0,No,Yes,8,Yes,No,Fiber optic,No,No,Yes,Yes,No,Yes,Month-to-month,Yes,Mailed check,91.44,760.9,Yes
3583-YQYPV,Male,0,Yes,Yes,40,Yes,Yes,Fiber optic,No,Yes,No,Yes,Yes,Yes,Month-to-month,Yes,Credit card (automatic),86.57,3334.08,No
5409-MGFAJ,Male,0,Yes,No,26,Yes,Yes,DSL,Yes,No,No,No,Yes,Yes,One year,Yes,Mailed check,61.15,1636.63,Yes
9888-YRJNT,Female,0,Yes,No,6,Yes,Yes,Fiber optic,Yes,No,Yes,No,Yes,No,Month-to-month,Yes,Bank transfer (automatic),88.88,527.08,No
1018-XWZCY,Male,0,Yes,No,39,Yes,No,Fiber optic,Yes,Yes,No,Yes,No,Yes,One year,Yes,Credit card (automatic),78.16,2996.21,Yes
6520-OEMJZ,Female,0,Yes,Yes,34,Yes,No,No,No internet service,No internet service,No internet service,No internet service,No internet service,No internet service,Two year,Yes,Credit card (automatic),22.8,753.74,No
4057-FYEXZ,Male,0,Yes,No,6,Yes,No,DSL,No,No,No,Yes,No,No,Month-to-month,Yes,Bank transfer (automatic),54.55,327.76,No
3765-RUNSD,Female,0,No,No,46,Yes,Yes,DSL,No,Yes,No,Yes,No,Yes,Two year,Yes,Mailed check,50.81,2249.47,No
5643-NOYVP,Female,0,No,No,19,Yes,Yes,No,No internet service,No internet service,No internet service,No internet service,No internet service,No internet service,Month-to-month,No,Mailed check,20.53,372.21,No
4629-KAOGX,Female,0,No,No,30,Yes,No,No,No internet service,No internet service,No internet service,No internet service,No internet service,No internet service,Month-to-month,No,Electronic check,24.62,760.34,Yes
7961-XZKLP,Female,0,Yes,Yes,5,Yes,Yes,Fiber optic,No,Yes,Yes,Yes,No,No,Month-to-month,Yes,Credit card (automatic),86.41,414.47,Yes
4874-HSLYF,Male,0,No,No,48,Yes,Yes,DSL,No,No,No,Yes,Yes,Yes,One year,Yes,Bank transfer (automatic),67.26,3110.98,No
4993-NXPBI,Female,0,Yes,Yes,33,Yes,No,DSL,No,Yes,Yes,Yes,Yes,No,One year,No,Electronic check,60.51,1996.83,No
8973-HIDSD,Female,0,Yes,Yes,67,No,No phone service,DSL,Yes,No,Yes,Yes,No,Yes,Two year,Yes,Mailed check,58.64,3924.92,No
4309-SXFID,Male,0,Yes,No,7,Yes,No,No,No internet service,No internet service,No internet service,No internet service,No internet service,No internet service,Month-to-month,Yes,Bank transfer (automatic),30.42,208.74,No
4940-ZHGKX,Male,0,No,No,72,Yes,Yes,No,No internet service,No internet service,No internet service,No internet service,No internet service,No internet service,Two year,Yes,Mailed check,30.75,2177.31,No
5922-PUSPO,Male,0,Yes,No,24,Yes,No,Fiber optic,No,No,Yes,Yes,No,Yes,Month-to-month,Yes,Mailed check,79.3,1858.86,No
5798-EKWBV,Female,0,No,No,27,Yes,No,No,No internet service,No internet service,No internet service,No internet service,No internet service,No internet service,One year,No,Bank transfer (automatic),20.88,564.43,Yes
6092-JCTAO,Male,1,No,No,1,Yes,No,Fiber optic,Yes,Yes,Yes,No,Yes,Yes,Month-to-month,Yes,Electronic check,83.11,80.27,Yes
2461-XEUOB,Male,0,No,Yes,19,Yes,No,DSL,Yes,Yes,No,Yes,No,Yes,Month-to-month,No,Mailed check,72.4,1442.56,Yes
7479-WFZUT,Male,1,No,No,72,Yes,Yes,Fiber optic,No,No,Yes,No,Yes,Yes,Month-to-month,Yes,Credit card (automatic),88.52,6200.89,No
4024-DLUPQ,Female,0,No,No,15,Yes,Yes,No,No internet service,No internet service,No internet service,No internet service,No internet service,No internet service,Month-to-month,No,Electronic check,22.51,349.25,No
8028-IAWPO,Male,0,Yes,No,4,No,No phone service,No,No internet service,No internet service,No internet service,No internet service,No internet service,No internet service,Month-to-month,Yes,Electronic check,20.1,83.99,No
6158-WURUH,Male,0,No,No,13,Yes,No,DSL,No,No,No,Yes,Yes,No,Month-to-month,Yes,Bank transfer (automatic),61.67,785.3,Yes
7404-ZGORN,Female,0,Yes,No,15,Yes,Yes,No,No internet service,No internet service,No internet service,No internet service,No internet service,No internet service,Two year,Yes,Mailed check,18.25,264.39,No
9718-KFDWR,Male,0,No,No,57,Yes,Yes,Fiber optic,Yes,No,No,No,Yes,Yes,Two year,No,Mailed check,78.44,4565.32,No
6201-LKYRZ,Male,0,No,No,44,Yes,No,Fiber optic,No,No,No,Yes,Yes,No,Two year,No,Electronic check,85.73,3828.49,No
8212-TOGQS,Male,0,Yes,No,47,Yes,Yes,Fiber optic,Yes,No,No,Yes,No,Yes,Month-to-month,No,Credit card (automatic),87.34,3965.69,No
5697-AYVJM,Female,0,Yes,No,11,Yes,Yes,DSL,Yes,Yes,No,No,No,No,Month-to-month,Yes,Credit card (automatic),59.14,671.89,No
2110-YFJLG,Male,0,No,No,3,Yes,Yes,Fiber optic,No,Yes,Yes,Yes,Yes,No,Month-to-month,Yes,Bank transfer (automatic),80.26,250.33,Yes
6711-ZWNDW,Female,0,No,Yes,70,Yes,Yes,Fiber optic,Yes,Yes,Yes,Yes,No,Yes,One year,Yes,Electronic check,85.23,5725.12,No
3310-XKNLL,Male,0,No,No,72,Yes,Yes,No,No internet service,No internet service,No internet service,No internet service,No internet service,No internet service,Two year,Yes,Mailed check,19.04,1421.93,No
2484-OKWMZ,Male,1,Yes,No,13,Yes,No,No,No internet service,No internet service,No internet service,No internet service,No internet service,No internet service,Month-to-month,Yes,Bank transfer (automatic),19.55,252.24,Yes
3669-IATBH,Male,1,No,Yes,48,Yes,No,DSL,No,Yes,Yes,No,Yes,Yes,One year,Yes,Bank transfer (automatic),77.46,3775.24,No
9194-POUUX,Female,1,Yes,No,11,Yes,No,DSL,Yes,Yes,Yes,No,No,Yes,Month-to-month,Yes,Credit card (automatic),55.33,625.79,Yes
6986-LDJSG,Female,1,Yes,No,24,Yes,Yes,DSL,No,No,No,Yes,No,Yes,One year,Yes,Credit card (automatic),65.23,1621.23,No
7038-DBJFW,Female,0,No,No,68,Yes,No,DSL,No,Yes,Yes,Yes,Yes,Yes,Two year,No,Mailed check,57.7,4047.45,No
4404-KKIXT,Female,0,No,No,0,Yes,No,Fiber optic,No,No,No,Yes,Yes,Yes,One year,No,Mailed check,86.7, ,No
2429-FCGRY,Male,0,No,No,13,Yes,No,Fiber optic,No,Yes,Yes,No,Yes,Yes,One year,Yes,Credit card (automatic),88.63,1125.5,No
5334-CBKGO,Female,1,Yes,No,6,No,No phone service,DSL,No,No,No,No,Yes,No,Month-to-month,No,Electronic check,45.62,272.19,Yes
2064-FOHJF,Female,0,No,No,63,Yes,Yes,DSL,No,No,No,Yes,No,Yes,Month-to-month,Yes,Electronic check,59.48,3877.09,No
1463-IIXXL,Female,0,No,Yes,14,Yes,No,Fiber optic,Yes,Yes,No,No,No,Yes,Month-to-month,Yes,Bank transfer (automatic),75.84,1056.24,No
3591-KPKTZ,Female,0,No,Yes,46,Yes,Yes,No,No internet service,No internet service,No internet service,No internet service,No internet service,No internet service,Two year,Yes,Credit card (automatic),19.44,920.35,Yes
4629-DDWKI,Female,1,No,Yes,37,Yes,Yes,No,No internet service,No internet service,No internet service,No internet service,No internet service,No internet service,One year,No,Bank transfer (automatic),33.22,1279.64,No
6573-YLIWC,Female,0,No,No,12,No,No phone service,DSL,No,No,No,Yes,Yes,Yes,Month-to-month,Yes,Mailed check,50.2,616.47,No
8597-NAFRT,Female,1,Yes,No,6,Yes,No,Fiber optic,Yes,Yes,Yes,Yes,No,Yes,Month-to-month,Yes,Electronic check,78.68,465.1,Yes
2760-RZRSF,Female,1,Yes,Yes,4,Yes,Yes,No,No internet service,No internet service,No internet service,No internet service,No internet service,No internet service,Month-to-month,Yes,Bank transfer (automatic),28.81,114.97,Yes
6736-SCIWZ,Female,0,No,No,17,Yes,No,No,No internet service,No internet service,No internet service,No internet service,No internet service,No internet service,Month-to-month,Yes,Mailed check,42.39,726.85,No
2558-TNPNW,Male,0,Yes,Yes,17,Yes,No,No,No internet service,No internet service,No internet service,No internet service,No internet service,No internet service,Month-to-month,Yes,Mailed check,22.39,363.43,No
5005-PROWG,Male,0,No,Yes,45,Yes,No,No,No internet service,No internet service,No internet service,No internet service,No internet service,No internet service,Two year,No,Electronic check,20.36,954.32,No
9531-RYJMB,Male,0,Yes,No,17,Yes,No,Fiber optic,Yes,No,No,No,Yes,Yes,Month-to-month,Yes,Bank transfer (automatic),81.95,1372.36,Yes
9314-VHBSR,Female,0,No,No,70,Yes,Yes,No,No internet service,No internet service,No internet service,No internet service,No internet service,No internet service,Two year,Yes,Electronic check,29.27,1970.41,No
5748-EXLSW,Female,0,Yes,Yes,3,Yes,No,No,No internet service,No internet service,No internet service,No internet service,No internet service,No internet service,Month-to-month,Yes,Credit card (automatic),31.21,93.58,No
5934-CXRXP,Female,0,Yes,No,11,Yes,Yes,Fiber optic,Yes,No,No,Yes,Yes,No,Month-to-month,No,Mailed check,75.31,810.7,Yes
9166-WFEEU,Female,0,Yes,No,28,Yes,No,DSL,No,No,Yes,No,No,Yes,Two year,No,Mailed check,70.59,2002.19,No
3163-LULBJ,Female,0,No,No,26,Yes,Yes,DSL,Yes,Yes,No,No,No,No,Month-to-month,No,Bank transfer (automatic),63.46,1688.49,No
1851-KTNRC,Female,0,No,No,43,Yes,No,Fiber optic,Yes,Yes,No,Yes,Yes,No,Two year,Yes,Credit card (automatic),78.19,3484.81,No
7750-LHQDM,Male,0,No,No,50,Yes,No,Fiber optic,No,No,Yes,Yes,No,No,One year,Yes,Electronic check,81.61,4259.22,No
4799-EYJBL,Female,0,Yes,No,39,Yes,No,Fiber optic,No,Yes,Yes,No,No,Yes,Month-to-month,No,Electronic check,85.82,3431.6,No
9698-RQXCO,Female,0,No,No,72,Yes,No,DSL,No,No,No,No,No,No,Two year,No,Mailed check,60.03,4521.86,No
3887-RWCEY,Female,1,Yes,Yes,2,No,No phone service,DSL,Yes,Yes,No,No,No,Yes,Month-to-month,Yes,Mailed check,54.11,104.59,No
5427-IDJAF,Male,0,Yes,No,11,Yes,Yes,No,No internet service,No internet service,No internet service,No internet service,No internet service,No internet service,Month-to-month,Yes,Bank transfer (automatic),37.45,429.29,Yes
2646-CZUYG,Female,0,Yes,No,53,Yes,No,DSL,Yes,Yes,No,No,Yes,Yes,Two year,No,Mailed check,63.19,3503.97,No
3595-HOEGZ,Female,1,No,No,10,Yes,Yes,No,No internet service,No internet service,No internet service,No internet service,No internet service,No internet service,Month-to-month,Yes,Credit card (automatic),22.27,224.69,No
4169-UFYSW,Male,0,No,No,72,Yes,Yes,Fiber optic,Yes,No,Yes,No,Yes,No,One year,Yes,Mailed check,80.89,6114.47,No
5646-XJMBE,Male,0,Yes,No,7,Yes,No,DSL,No,Yes,Yes,No,Yes,Yes,Month-to-month,No,Credit card (automatic),70.36,508.24,No
7940-ICHJS,Male,1,No,No,48,Yes,Yes,Fiber optic,Yes,No,Yes,Yes,Yes,No,Two year,Yes,Electronic check,85.15,4049.82,No
1814-ASDKR,Male,0,No,No,1,No,No phone service,No,No internet service,No internet service,No internet service,No internet service,No internet service,No internet service,Month-to-month,Yes,Mailed check,18.25,17.99,No
5626-DSBGC,Male,0,Yes,No,42,Yes,Yes,Fiber optic,No,Yes,Yes,Yes,No,Yes,Month-to-month,No,Electronic check,81.61,3570.61,Yes
5612-RQDID,Male,0,Yes,No,72,Yes,No,No,No internet service,No internet service,No internet service,No internet service,No internet service,No internet service,Two year,No,Credit card (automatic),24.85,1855.11,No
4083-FTTVF,Male,1,Yes,No,48,Yes,No,No,No internet service,No internet service,No internet service,No internet service,No internet service,No internet service,One year,Yes,Credit card (automatic),18.83,907.92,No
1121-AVXFW,Female,0,Yes,No,65,Yes,Yes,No,No internet service,No internet service,No internet service,No internet service,No internet service,No internet service,Two year,Yes,Mailed check,34.85,2210.03,No
5767-EIGTE,Female,0,No,Yes,11,Yes,Yes,Fiber optic,Yes,No,No,No,No,No,Month-to-month,Yes,Electronic check,75.5,796.89,Yes
2647-SHGVY,Female,0,Yes,No,25,No,No phone service,DSL,Yes,Yes,Yes,Yes,No,No,One year,No,Bank transfer (automatic),64.9,1558.31,No
5997-VVPVA,Female,0,Yes,No,6,Yes,Yes,Fiber optic,Yes,Yes,No,Yes,No,Yes,Month-to-month,No,Credit card (automatic),75.94,438.18,Yes
1317-WDSKU,Male,0,No,Yes,5,No,No phone service,Fiber optic,No,Yes,No,Yes,No,No,Month-to-month,No,Bank transfer (automatic),79.8,402.99,Yes
6986-BISXU,Female,1,No,No,27,Yes,No,Fiber optic,No,Yes,No,No,Yes,Yes,Month-to-month,No,Bank transfer (automatic),90.46,2423.59,Yes
9025-YXPIN,Male,0,No,Yes,9,Yes,Yes,No,No internet service,No internet service,No internet service,No internet service,No internet service,No internet service,Month-to-month,No,Bank transfer (automatic),24.14,226.08,No
8160-LVSFX,Male,0,Yes,No,59,Yes,Yes,Fiber optic,Yes,Yes,Yes,Yes,No,Yes,Month-to-month,Yes,Electronic check,78.06,4515.58,No
8615-PFFVA,Female,0,No,Yes,48,Yes,No,Fiber optic,Yes,No,No,No,No,No,Two year,Yes,Electronic check,83.91,3893.67,No
5352-QGWNB,Male,0,Yes,No,20,Yes,No,Fiber optic,No,Yes,No,Yes,No,Yes,Month-to-month,Yes,Credit card (automatic),85.39,1737.21,Yes
3881-KFYJN,Male,0,Yes,No,9,Yes,No,Fiber optic,No,Yes,No,No,Yes,No,Month-to-month,No,Credit card (automatic),91.13,827.05,Yes
5816-FOJAK,Male,0,No,No,68,Yes,Yes,Fiber optic,Yes,No,No,Yes,Yes,Yes,One year,Yes,Electronic check,75.84,5042.8,No
6254-DURIP,Female,0,Yes,Yes,36,Yes,No,DSL,No,No,Yes,No,No,No,Month-to-month,Yes,Bank transfer (automatic),54.48,2024.09,No
3732-QEPBA,Female,0,Yes,No,36,Yes,No,Fiber optic,Yes,Yes,No,Yes,No,No,Month-to-month,No,Mailed check,95.31,3417.37,No
3288-EMEGC,Male,0,Yes,No,7,Yes,Yes,Fiber optic,Yes,Yes,No,No,Yes,Yes,Month-to-month,No,Mailed check,84.33,563.48,Yes
8981-TFDWR,Male,0,Yes,No,3,Yes,Yes,No,No internet service,No internet service,No internet service,No internet service,No internet service,No internet service,Month-to-month,No,Credit card (automatic),27.49,83.03,Yes
8971-EJDLE,Female,0,No,Yes,55,Yes,Yes,No,No internet service,No internet service,No internet service,No internet service,No internet service,No internet service,Two year,Yes,Electronic check,29.42,1537.94,No
1037-NZQTV,Male,1,No,No,15,Yes,Yes,No,No internet service,No internet service,No internet service,No internet service,No internet service,No internet service,Month-to-month,No,Bank transfer (automatic),25.74,389.56,No
9749-DGQVU,Female,1,Yes,Yes,31,Yes,Yes,Fiber optic,No,No,No,No,No,Yes,Month-to-month,Yes,Mailed check,90.49,2741.27,Yes
7547-IJCIE,Female,0,No,Yes,11,Yes,No,No,No internet service,No internet service,No internet service,No internet service,No internet service,No internet service,Month-to-month,No,Electronic check,28.98,304.18,No
9442-CJXYJ,Female,0,No,No,53,Yes,No,DSL,Yes,Yes,Yes,No,Yes,Yes,Month-to-month,No,Electronic check,60.36,3260.11,Yes
5188-NVTNJ,Male,0,No,No,23,Yes,Yes,Fiber optic,No,No,No,Yes,Yes,No,Month-to-month,No,Credit card (automatic),74.02,1703.54,Yes
4351-QVBTM,Female,0,Yes,No,60,Yes,Yes,No,No internet service,No internet service,No internet service,No internet service,No internet service,No internet service,Month-to-month,Yes,Mailed check,31.15,1821.96,No
2306-CIGCH,Female,0,Yes,Yes,3,Yes,Yes,DSL,Yes,No,No,No,No,Yes,Month-to-month,No,Electronic check,71.27,215.37,Yes
8502-SFRLT,Female,0,No,Yes,54,Yes,Yes,Fiber optic,Yes,Yes,Yes,Yes,Yes,Yes,One year,Yes,Electronic check,90.28,5094.94,No
3225-BIZOB,Male,0,Yes,No,50,No,No phone service,Fiber optic,Yes,No,Yes,No,Yes,Yes,Month-to-month,No,Bank transfer (automatic),64.73,3218.67,Yes
9777-VOTEP,Female,0,Yes,No,3,Yes,No,DSL,Yes,No,No,No,Yes,Yes,Month-to-month,Yes,Bank transfer (automatic),67.47,192.96,Yes
9216-LBTST,Male,0,No,Yes,34,No,No phone service,DSL,No,No,No,No,Yes,Yes,One year,Yes,Bank transfer (automatic),59.05,1956.74,No
6835-DCUWC,Female,0,Yes,No,1,Yes,No,DSL,Yes,No,Yes,Yes,No,Yes,Month-to-month,Yes,Bank transfer (automatic),60.36,58.79,Yes
6228-NJQXV,Female,0,Yes,No,4,Yes,Yes,Fiber optic,No,Yes,No,Yes,Yes,Yes,Month-to-month,No,Bank transfer (automatic),75.12,307.48,No
2377-MYGWM,Male,0,Yes,No,34,Yes,Yes,No,No internet service,No internet service,No internet service,No internet service,No internet service,No internet service,Two year,Yes,Electronic check,20.42,666.14,No
5691-GXNOM,Male,0,No,No,4,No,No phone service,No,No internet service,No internet service,No internet service,No internet service,No internet service,No internet service,Month-to-month,Yes,Electronic check,22.77,88.25,No
1803-UIGUF,Male,0,Yes,Yes,39,No,No phone service,Fiber optic,Yes,No,No,Yes,Yes,Yes,One year,No,Mailed check,75.38,3015.57,No
7144-MUBUF,Male,0,No,No,50,Yes,No,No,No internet service,No internet service,No internet service,No internet service,No internet service,No internet service,Two year,Yes,Credit card (automatic),37.35,1863.04,No
8834-JAMBH,Male,0,Yes,No,14,Yes,No,Fiber optic,Yes,No,No,No,No,Yes,Month-to-month,Yes,Bank transfer (automatic),73.41,1000.36,No
7449-OSWMO,Female,0,No,Yes,6,Yes,No,DSL,Yes,Yes,Yes,No,Yes,No,Month-to-month,No,Bank transfer (automatic),59.44,350.43,Yes
1524-HSBJD,Male,0,No,Yes,36,Yes,No,Fiber optic,Yes,Yes,No,Yes,No,Yes,One year,Yes,Credit card (automatic),73.28,2651.49,Yes
8715-OQRFB,Male,0,Yes,Yes,48,Yes,Yes,DSL,No,No,Yes,Yes,No,Yes,Month-to-month,Yes,Credit card (automatic),50.15,2492.39,No
4579-EIIUI,Female,1,No,No,3,Yes,No,No,No internet service,No internet service,No internet service,No internet service,No internet service,No internet service,Month-to-month,No,Credit card (automatic),18.25,55.0,Yes
2362-YBFJB,Male,0,No,No,67,No,No phone service,Fiber optic,No,Yes,No,Yes,Yes,Yes,Two year,Yes,Bank transfer (automatic),67.32,4598.24,No
9093-JUDND,Male,0,Yes,No,12,Yes,No,No,No internet service,No internet service,No internet service,No internet service,No internet service,No internet service,Month-to-month,No,Credit card (automatic),28.32,348.28,Yes
3084-KWHTC,Male,0,Yes,No,64,Yes,No,No,No internet service,No internet service,No internet service,No internet service,No internet service,No internet service,Two year,Yes,Credit card (automatic),20.19,1307.59,No
3263-PMNRC,Female,0,No,No,3,No,No phone service,Fiber optic,No,Yes,Yes,Yes,Yes,Yes,Month-to-month,Yes,Electronic check,71.43,223.56,Yes
7258-WTHJY,Female,1,Yes,No,38,Yes,Yes,DSL,Yes,No,Yes,No,No,No,One year,No,Bank transfer (automatic),59.79,2182.19,No
8109-YXLDF,Male,0,Yes,Yes,19,No,No phone service,DSL,Yes,No,No,Yes,Yes,Yes,Month-to-month,Yes,Bank transfer (automatic),53.74,977.72,No
3647-VHJWE,Female,1,No,No,27,Yes,Yes,Fiber optic,No,Yes,No,Yes,Yes,Yes,One year,No,Credit card (automatic),81.5,2127.48,Yes
6971-OZMNW,Female,0,No,No,41,Yes,Yes,DSL,Yes,Yes,No,Yes,Yes,No,Month-to-month,Yes,Bank transfer (automatic),57.51,2410.39,No
9924-SSWZT,Female,0,Yes,No,25,Yes,No,DSL,No,Yes,No,No,Yes,Yes,Month-to-month,Yes,Electronic check,62.23,1551.31,No
3631-QGNLZ,Female,0,Yes,No,19,Yes,Yes,Fiber optic,No,No,Yes,No,Yes,No,Two year,No,Mailed check,86.69,1647.52,No
5988-YVWEU,Female,0,Yes,Yes,66,Yes,Yes,Fiber optic,No,Yes,No,No,Yes,No,Two year,Yes,Bank transfer (automatic),76.8,5015.94,No
3263-PMGZW,Male,0,Yes,No,3,Yes,No,DSL,Yes,Yes,Yes,No,No,Yes,Month-to-month,Yes,Electronic check,69.86,218.99,Yes
6167-AEFZK,Male,0,Yes,No,44,Yes,Yes,Fiber optic,Yes,Yes,Yes,Yes,No,No,Month-to-month,Yes,Bank transfer (automatic),82.91,3676.36,Yes
1420-PYOLE,Male,0,No,Yes,52,No,No phone service,Fiber optic,Yes,Yes,No,No,No,No,Two year,No,Bank transfer (automatic),84.95,4234.11,No
8908-CYFDJ,Male,0,No,Yes,24,No,No phone service,Fiber optic,No,Yes,No,No,No,No,Month-to-month,No,Electronic check,78.6,1849.07,No
1044-AESVG,Male,0,Yes,Yes,50,Yes,No,Fiber optic,No,Yes,Yes,Yes,Yes,No,Two year,No,Electronic check,87.95,4315.11,No
6800-JLIXN,Female,0,No,No,42,Yes,Yes,No,No internet service,No internet service,No internet service,No internet service,No internet service,No internet service,Month-to-month,No,Electronic check,18.25,762.69,No
5555-WRDEI,Female,0,Yes,No,47,No,No phone service,DSL,Yes,Yes,No,No,Yes,No,Month-to-month,Yes,Mailed check,48.07,2237.39,No
1880-RMBKV,Male,0,Yes,Yes,23,No,No phone service,Fiber optic,Yes,Yes,Yes,No,No,No,Month-to-month,Yes,Bank transfer (automatic),74.35,1696.08,Yes
9162-ZXPYY,Female,1,No,No,24,No,No phone service,No,No internet service,No internet service,No internet service,No internet service,No internet service,No internet service,Month-to-month,No,Mailed check,18.25,446.27,No
6716-KZKEC,Female,0,No,Yes,64,Yes,No,DSL,No,No,No,No,Yes,No,One year,Yes,Credit card (automatic),61.63,4060.29,No
6106-ADGNM,Female,1,No,No,52,No,No phone service,DSL,Yes,No,No,Yes,No,No,Month-to-month,No,Mailed check,54.86,2817.83,No
5600-NZFMP,Female,0,Yes,No,51,Yes,No,Fiber optic,Yes,No,No,Yes,Yes,No,Two year,Yes,Mailed check,76.95,4089.14,No
3465-EBIGF,Female,1,No,No,56,No,No phone service,Fiber optic,Yes,No,No,Yes,No,Yes,Month-to-month,Yes,Electronic check,81.21,4580.03,No
3441-SVNBT,Female,0,Yes,No,20,Yes,No,No,No internet service,No internet service,No internet service,No internet service,No internet service,No internet service,One year,No,Bank transfer (automatic),29.71,569.5,No
2367-BOLIZ,Female,0,No,Yes,43,Yes,No,No,No internet service,No internet service,No internet service,No internet service,No internet service,No internet service,One year,Yes,Bank transfer (automatic),18.25,761.81,No
1820-BPKUB,Male,0,No,Yes,22,Yes,Yes,DSL,No,Yes,No,No,Yes,No,Month-to-month,Yes,Electronic check,66.15,1513.96,No
4773-DBMTE,Male,0,Yes,No,46,Yes,Yes,DSL,Yes,No,Yes,No,No,No,Two year,No,Mailed check,63.78,3000.18,No
8579-NMXIF,Female,1,No,No,12,Yes,No,DSL,Yes,No,No,Yes,Yes,Yes,Month-to-month,No,Electronic check,50.48,615.06,No
8075-CWVZL,Female,1,No,No,22,Yes,No,Fiber optic,No,Yes,No,Yes,No,Yes,One year,No,Electronic check,78.79,1687.41,No
6599-WDHMQ,Female,0,Yes,No,26,Yes,No,DSL,No,Yes,Yes,No,No,No,Month-to-month,Yes,Electronic check,55.97,1431.01,Yes
7111-YMEEU,Female,0,No,No,29,Yes,Yes,DSL,No,Yes,No,Yes,No,No,Month-to-month,No,Bank transfer (automatic),54.18,1587.21,No
5148-QOVFE,Male,0,Yes,Yes,14,Yes,No,No,No internet service,No internet service,No internet service,No internet service,No internet service,No internet service,Month-to-month,Yes,Mailed check,34.14,489.52,No
7601-LVDHY,Female,0,Yes,Yes,25,Yes,Yes,Fiber optic,No,Yes,No,No,No,No,Month-to-month,Yes,Bank transfer (automatic),79.9,2062.02,No
8592-BVBDX,Female,0,No,No,53,Yes,Yes,DSL,No,No,Yes,Yes,Yes,No,Two year,Yes,Electronic check,46.15,2562.49,No
2134-HDPBH,Female,0,Yes,No,55,Yes,No,DSL,No,No,Yes,No,Yes,No,Two year,No,Electronic check,58.12,3088.34,No
3936-QMFML,Male,0,No,Yes,63,Yes,No,Fiber optic,No,Yes,Yes,No,No,Yes,Two year,No,Credit card (automatic),79.33,4880.68,No
4183-NIIUG,Female,1,No,No,26,Yes,Yes,DSL,No,Yes,Yes,Yes,No,No,One year,Yes,Bank transfer (automatic),55.68,1491.15,No
3960-DSSRE,Male,0,Yes,Yes,20,Yes,Yes,DSL,Yes,No,Yes,No,Yes,No,One year,Yes,Credit card (automatic),61.91,1272.69,No
5063-HTIKL,Female,0,No,No,72,No,No phone service,DSL,Yes,Yes,No,No,No,No,Two year,Yes,Mailed check,46.48,3408.26,No
7846-SVLVW,Female,0,Yes,Yes,14,Yes,Yes,Fiber optic,Yes,Yes,No,No,No,No,Month-to-month,Yes,Electronic check,93.65,1251.52,Yes
5714-RXVHS,Female,0,Yes,No,36,Yes,Yes,Fiber optic,No,Yes,No,No,Yes,Yes,Two year,Yes,Bank transfer (automatic),82.23,2862.06,No
5013-DJZYU,Female,0,Yes,Yes,33,No,No phone service,Fiber optic,No,Yes,No,No,No,No,Month-to-month,Yes,Mailed check,78.19,2515.55,No
9912-OTEHE,Female,0,No,No,16,Yes,Yes,Fiber optic,Yes,No,No,Yes,Yes,No,One year,No,Electronic check,80.33,1348.82,Yes
9437-PYKKR,Male,0,Yes,No,71,Yes,Yes,Fiber optic,No,Yes,Yes,No,No,No,Month-to-month,Yes,Credit card (automatic),92.33,6458.58,No
6110-JINBE,Male,0,Yes,No,56,Yes,No,Fiber optic,No,Yes,No,Yes,Yes,Yes,Month-to-month,No,Electronic check,78.85,4490.04,Yes
1393-EFBBV,Male,0,Yes,Yes,0,Yes,No,DSL,No,Yes,Yes,No,Yes,Yes,Month-to-month,No,Credit card (automatic),61.26, ,No
2643-OCYGT,Male,1,Yes,Yes,52,Yes,Yes,DSL,No,No,Yes,Yes,No,No,Two year,Yes,Electronic check,62.12,3316.9,No
6770-TQNUV,Female,0,No,Yes,45,Yes,Yes,Fiber optic,No,No,No,No,Yes,No,One year,Yes,Electronic check,81.65,3808.95,No
4418-YZSYC,Male,0,No,No,28,Yes,No,DSL,Yes,No,Yes,Yes,No,Yes,Month-to-month,Yes,Mailed check,63.4,1797.86,No
5862-QYDUC,Male,0,No,No,40,Yes,Yes,DSL,No,Yes,Yes,No,Yes,No,Two year,No,Mailed check,65.22,2713.73,No
4222-SHVYE,Female,0,Yes,Yes,68,Yes,No,DSL,No,No,No,No,No,No,Two year,Yes,Electronic check,64.39,4422.71,No
3322-BSXPD,Female,0,No,No,29,Yes,No,DSL,Yes,Yes,Yes,Yes,Yes,No,One year,No,Mailed check,59.37,1718.48,No
2563-AMSDW,Male,0,Yes,No,10,Yes,Yes,No,No internet service,No internet service,No internet service,No internet service,No internet service,No internet service,Month-to-month,No,Bank transfer (automatic),23.44,242.54,No
3273-NROMI,Female,0,Yes,Yes,32,Yes,No,Fiber optic,No,No,No,No,Yes,Yes,Month-to-month,Yes,Credit card (automatic),83.8,2552.86,No
4869-GHTWW,Female,0,No,No,37,Yes,No,DSL,No,No,No,No,No,No,Two year,No,Credit card (automatic),57.57,2222.65,No
3978-IBHPG,Male,0,Yes,No,7,Yes,No,Fiber optic,No,No,Yes,No,Yes,Yes,Month-to-month,No,Mailed check,76.69,550.14,Yes
7600-BKHMA,Male,1,Yes,No,32,Yes,Yes,DSL,Yes,No,No,No,No,No,Month-to-month,Yes,Mailed check,60.94,2025.58,No
4768-UWGLR,Female,0,Yes,No,41,Yes,Yes,No,No internet service,No internet service,No internet service,No internet service,No internet service,No internet service,Month-to-month,Yes,Credit card (automatic),33.83,1355.96,No
5173-OIVQY,Female,0,No,No,37,No,No phone service,No,No internet service,No internet service,No internet service,No internet service,No internet service,No internet service,One year,No,Bank transfer (automatic),23.04,864.76,No
8017-JICQT,Male,0,No,No,28,Yes,Yes,Fiber optic,Yes,No,Yes,No,No,Yes,Month-to-month,Yes,Credit card (automatic),75.03,2122.32,No
4187-AVFPB,Male,0,No,Yes,56,Yes,Yes,DSL,Yes,Yes,Yes,Yes,Yes,Yes,Two year,Yes,Bank transfer (automatic),60.52,3542.91,No
1564-XRACM,Male,0,No,Yes,42,Yes,Yes,No,No internet service,No internet service,No internet service,No internet service,No internet service,No internet service,Two year,Yes,Credit card (automatic),30.5,1217.88,No
7122-LWQPH,Male,0,No,No,62,Yes,Yes,DSL,Yes,Yes,No,Yes,Yes,No,Two year,Yes,Credit card (automatic),58.98,3734.46,No
7136-WBTWL,Female,0,No,Yes,24,Yes,No,DSL,Yes,Yes,No,Yes,Yes,No,Month-to-month,No,Bank transfer (automatic),61.06,1420.46,No
7892-JFVIT,Female,0,No,No,6,Yes,Yes,Fiber optic,Yes,Yes,No,Yes,Yes,No,Month-to-month,No,Mailed check,104.33,643.4,No
3838-KRIVB,Male,0,No,No,44,Yes,Yes,Fiber optic,No,Yes,No,No,Yes,No,One year,Yes,Mailed check,94.22,4122.17,No
1105-CGBJA,Male,0,No,Yes,37,Yes,No,DSL,Yes,No,No,Yes,Yes,No,Two year,No,Electronic check,60.08,2166.89,No
7805-DZWSU,Male,0,Yes,No,51,Yes,Yes,Fiber optic,No,No,No,No,No,Yes,Month-to-month,No,Bank transfer (automatic),87.44,4428.78,No
7974-VOQMQ,Female,0,No,Yes,20,Yes,No,No,No internet service,No internet service,No internet service,No internet service,No internet service,No internet service,Month-to-month,Yes,Credit card (automatic),23.75,465.6,No
4431-DYSSH,Female,1,No,Yes,49,Yes,No,No,No internet service,No internet service,No internet service,No internet service,No internet service,No internet service,One year,No,Electronic check,23.33,1173.21,No
7936-NBYZW,Female,0,No,Yes,64,No,No phone service,DSL,No,Yes,No,Yes,Yes,Yes,One year,No,Electronic check,60.93,3943.18,No
5274-GATXC,Male,0,No,Yes,6,No,No phone service,Fiber optic,No,Yes,Yes,Yes,Yes,No,Month-to-month,No,Mailed check,83.8,487.05,Yes
7158-AUAZE,Male,0,Yes,Yes,15,Yes,Yes,No,No internet service,No internet service,No internet service,No internet service,No internet service,No internet service,Month-to-month,Yes,Mailed check,29.18,416.66,No
4602-SWJZA,Male,0,No,No,48,Yes,No,Fiber optic,No,No,Yes,No,Yes,Yes,Month-to-month,Yes,Bank transfer (automatic),81.9,4045.39,Yes
5242-ZHNLK,Female,0,No,No,10,Yes,No,No,No internet service,No internet service,No internet service,No internet service,No internet service,No internet service,Month-to-month,No,Electronic check,36.27,369.5,No
7909-NSNZM,Female,0,No,Yes,23,Yes,Yes,DSL,No,No,No,No,No,No,Month-to-month,Yes,Credit card (automatic),53.64,1279.76,No
8163-PUXFH,Male,0,Yes,Yes,31,Yes,No,DSL,Yes,Yes,No,Yes,No,Yes,One year,Yes,Credit card (automatic),60.83,1854.82,Yes
3713-MMAXW,Male,0,No,No,28,Yes,No,DSL,Yes,No,No,Yes,No,No,Month-to-month,Yes,Credit card (automatic),53.34,1527.95,No
6408-HVHHZ,Male,0,Yes,Yes,13,Yes,No,DSL,Yes,Yes,Yes,Yes,Yes,Yes,Month-to-month,No,Bank transfer (automatic),60.93,806.69,No
9314-PEDZG,Male,0,Yes,Yes,23,Yes,No,No,No internet service,No internet service,No internet service,No internet service,No internet service,No internet service,Month-to-month,No,Credit card (automatic),23.49,539.28,Yes
7132-JMZPL,Female,0,No,No,54,Yes,No,DSL,Yes,Yes,No,Yes,Yes,Yes,Month-to-month,Yes,Bank transfer (automatic),68.45,3673.74,No
4740-FOOCK,Male,0,No,No,36,Yes,Yes,No,No internet service,No internet service,No internet service,No internet service,No internet service,No internet service,One year,No,Electronic check,25.25,874.58,No
6802-BZWQA,Female,0,Yes,Yes,63,Yes,Yes,Fiber optic,Yes,No,Yes,No,Yes,No,One year,Yes,Credit card (automatic),91.64,5489.65,No
5661-XAUVB,Female,0,No,No,18,Yes,Yes,Fiber optic,Yes,No,Yes,Yes,Yes,No,One year,No,Electronic check,82.17,1532.37,No
3073-SXUNP,Male,0,Yes,No,18,Yes,Yes,Fiber optic,Yes,Yes,No,No,Yes,No,Month-to-month,No,Electronic check,80.36,1442.17,No
5721-PUBFB,Male,0,Yes,No,32,Yes,No,Fiber optic,Yes,No,Yes,No,Yes,Yes,Month-to-month,Yes,Electronic check,85.83,2683.93,No
8166-SBCGG,Male,0,No,Yes,20,Yes,No,DSL,Yes,Yes,Yes,Yes,No,Yes,One year,Yes,Mailed check,47.66,973.85,No
5673-MJEQU,Female,0,Yes,No,52,Yes,Yes,No,No internet service,No internet service,No internet service,No internet service,No internet service,No internet service,Month-to-month,Yes,Electronic check,23.24,1262.8,Yes
6762-UXVQB,Female,0,Yes,No,34,Yes,Yes,DSL,No,No,Yes,No,Yes,Yes,Month-to-month,Yes,Bank transfer (automatic),61.59,2064.71,No
4010-LSWQJ,Male,0,No,Yes,59,Yes,Yes,DSL,Yes,Yes,Yes,Yes,Yes,No,Two year,Yes,Bank transfer (automatic),73.92,4418.76,No
8088-SUPQJ,Male,0,No,No,16,Yes,No,Fiber optic,No,Yes,Yes,No,Yes,Yes,Month-to-month,Yes,Mailed check,87.14,1352.48,No
4598-HGQJD,Female,1,Yes,No,4,Yes,No,DSL,No,Yes,No,Yes,No,No,Month-to-month,No,Bank transfer (automatic),49.47,188.28,No
1315-WLOXC,Male,1,No,No,11,Yes,No,DSL,Yes,Yes,Yes,Yes,No,No,Month-to-month,No,Electronic check,56.23,617.94,Yes
9435-SQLSF,Female,0,Yes,Yes,2,Yes,No,Fiber optic,No,Yes,No,Yes,No,Yes,Month-to-month,No,Electronic check,76.54,148.31,No
3718-YHSYP,Female,0,No,No,45,Yes,Yes,No,No internet service,No internet service,No internet service,No internet service,No internet service,No internet service,Two year,Yes,Mailed check,28.05,1272.1,No
3678-WVOCL,Female,0,No,No,26,Yes,No,Fiber optic,No,No,No,No,Yes,No,One year,Yes,Bank transfer (automatic),88.89,2287.61,Yes
4884-EKDSL,Female,0,Yes,Yes,18,No,No phone service,Fiber optic,Yes,No,No,No,Yes,No,Month-to-month,Yes,Bank transfer (automatic),69.33,1202.35,Yes
7574-LSTEL,Female,0,Yes,No,4,Yes,No,Fiber optic,Yes,Yes,No,No,Yes,Yes,Month-to-month,Yes,Bank transfer (automatic),90.24,369.08,Yes
7749-PFVFZ,Male,0,No,No,23,Yes,Yes,Fiber optic,No,No,No,No,No,Yes,Month-to-month,Yes,Bank transfer (automatic),77.89,1858.95,Yes
7360-IFXNU,Male,1,No,No,43,Yes,Yes,Fiber optic,No,No,Yes,Yes,Yes,No,One year,Yes,Credit card (automatic),78.02,3320.2,No
8484-BRIXF,Female,0,Yes,No,52,Yes,Yes,Fiber optic,Yes,No,Yes,No,Yes,No,One year,Yes,Bank transfer (automatic),76.03,4076.96,No
1301-ROOGM,Male,0,No,No,3,No,No phone service,Fiber optic,Yes,Yes,Yes,No,Yes,Yes,Month-to-month,Yes,Credit card (automatic),74.84,231.33,Yes
9676-TZIWJ,Male,0,No,No,51,Yes,Yes,No,No internet service,No internet service,No internet service,No internet service,No internet service,No internet service,Two year,No,Credit card (automatic),25.41,1328.69,No
9420-WEZPU,Male,1,No,No,56,Yes,Yes,Fiber optic,Yes,No,Yes,Yes,No,No,Two year,No,Bank transfer (automatic),90.43,5077.1,No
6210-FZCVF,Male,0,Yes,No,32,Yes,No,Fiber optic,Yes,Yes,Yes,Yes,No,Yes,One year,Yes,Credit card (automatic),75.56,2439.27,No
8070-KGGIX,Male,1,No,No,48,Yes,No,DSL,Yes,Yes,Yes,No,Yes,Yes,Two year,Yes,Credit card (automatic),52.84,2642.39,No
7923-RQKXH,Female,0,Yes,No,31,Yes,No,DSL,Yes,Yes,Yes,Yes,Yes,Yes,Month-to-month,No,Electronic check,65.66,1977.73,Yes
9485-JIMTS,Male,0,No,No,7,Yes,Yes,DSL,No,Yes,No,Yes,No,No,Month-to-month,Yes,Electronic check,58.3,413.13,Yes
7899-CEWZD,Male,0,Yes,No,5,Yes,No,Fiber optic,Yes,No,No,Yes,No,No,Month-to-month,No,Credit card (automatic),79.18,414.63,Yes
9136-GZZQE,Female,0,Yes,No,25,Yes,No,DSL,Yes,No,Yes,Yes,Yes,Yes,Month-to-month,No,Electronic check,61.63,1507.6,No
8093-CIQBK,Female,0,No,No,10,No,No phone service,DSL,No,No,Yes,Yes,No,No,Month-to-month,No,Electronic check,51.94,511.81,No
8174-CJARC,Male,0,No,No,72,Yes,No,DSL,No,No,Yes,No,Yes,No,Two year,No,Bank transfer (automatic),54.64,4073.36,No
3528-NFGVU,Female,0,Yes,Yes,59,Yes,No,No,No internet service,No internet service,No internet service,No internet service,No internet service,No internet service,Two year,No,Bank transfer (automatic),23.42,1357.5,No
1727-WMDXI,Female,0,Yes,No,8,Yes,Yes,DSL,Yes,Yes,No,No,No,No,Month-to-month,Yes,Mailed check,61.64,514.72,Yes
3931-DXHPG,Male,0,Yes,No,34,Yes,No,Fiber optic,Yes,No,Yes,Yes,Yes,Yes,One year,No,Electronic check,76.52,2705.84,No
9058-UNIRM,Female,0,Yes,No,4,Yes,No,No,No internet service,No internet service,No internet service,No internet service,No internet service,No internet service,Month-to-month,No,Electronic check,31.24,118.76,No
9467-RAVFH,Male,0,Yes,Yes,11,Yes,No,DSL,No,Yes,Yes,No,Yes,Yes,Month-to-month,No,Credit card (automatic),59.23,648.35,No
4923-FYZEI,Male,0,Yes,No,2,Yes,No,DSL,No,Yes,No,No,Yes,No,Month-to-month,No,Electronic check,59.07,115.77,Yes
4336-RPRAN,Male,0,No,Yes,56,Yes,No,Fiber optic,No,No,No,Yes,No,No,One year,Yes,Credit card (automatic),79.64,4345.22,No
2898-FUDAM,Male,1,Yes,No,64,Yes,No,Fiber optic,Yes,No,Yes,No,Yes,Yes,One year,Yes,Electronic check,80.67,5044.63,No
7621-NEUJS,Female,0,No,No,38,Yes,Yes,No,No internet service,No internet service,No internet service,No internet service,No internet service,No internet service,One year,No,Electronic check,20.57,775.81,No
2818-XHZJS,Female,0,Yes,No,48,Yes,No,Fiber optic,No,Yes,Yes,No,No,Yes,Two year,Yes,Mailed check,89.9,4213.69,No
5518-BCKFP,Male,0,Yes,No,5,Yes,Yes,DSL,No,No,Yes,No,Yes,Yes,Month-to-month,Yes,Credit card (automatic),61.03,299.15,No
2241-PFEJP,Male,0,No,No,54,Yes,No,DSL,Yes,No,Yes,Yes,Yes,No,Month-to-month,No,Electronic check,57.17,3181.43,No
4594-JIIKV,Female,0,Yes,Yes,4,Yes,Yes,Fiber optic,No,No,No,No,Yes,Yes,Month-to-month,No,Bank transfer (automatic),77.98,318.96,No
6201-KTNYO,Male,0,No,No,34,Yes,Yes,DSL,Yes,No,Yes,No,Yes,Yes,Two year,No,Bank transfer (automatic),57.25,1854.03,No
2943-OUFFP,Male,0,Yes,No,48,Yes,Yes,DSL,Yes,No,No,Yes,No,No,Month-to-month,Yes,Mailed check,62.97,3000.2,No
8959-INRRD,Female,1,No,No,1,Yes,No,No,No internet service,No internet service,No internet service,No internet service,No internet service,No internet service,Month-to-month,No,Electronic check,22.89,22.62,No
4556-ZXUAK,Male,0,No,No,34,Yes,No,Fiber optic,Yes,No,No,Yes,Yes,Yes,Two year,Yes,Mailed check,81.69,2750.26,No
1460-HWKES,Female,0,Yes,Yes,3,Yes,No,DSL,Yes,No,Yes,No,No,No,Month-to-month,Yes,Bank transfer (automatic),60.74,176.7,Yes
7830-RVSQX,Female,0,No,No,25,Yes,Yes,Fiber optic,Yes,Yes,Yes,No,Yes,No,Month-to-month,No,Bank transfer (automatic),79.66,2069.61,No
3916-LORML,Male,0,No,No,8,Yes,No,No,No internet service,No internet service,No internet service,No internet service,No internet service,No internet service,Month-to-month,No,Mailed check,24.4,203.74,No
2487-QDMKU,Female,0,No,No,5,Yes,Yes,Fiber optic,Yes,No,Yes,No,No,No,Month-to-month,No,Mailed check,95.34,491.6,Yes
5288-ANFJH,Male,0,No,No,19,Yes,Yes,Fiber optic,No,Yes,Yes,No,Yes,Yes,One year,No,Electronic check,84.12,1607.75,Yes
2499-YGNVJ,Female,0,No,Yes,66,Yes,Yes,Fiber optic,Yes,No,Yes,No,Yes,No,Two year,No,Credit card (automatic),84.34,5683.77,No
9434-KYLAW,Male,0,No,No,42,Yes,No,Fiber optic,Yes,Yes,No,No,Yes,No,Month-to-month,No,Mailed check,78.59,3194.39,Yes
8775-ZDVIV,Female,0,Yes,No,59,Yes,No,No,No internet service,No internet service,No internet service,No internet service,No internet service,No internet service,One year,Yes,Electronic check,30.21,1733.3,No
9670-FJGHP,Male,0,No,No,6,Yes,Yes,DSL,No,Yes,Yes,Yes,No,Yes,Month-to-month,No,Electronic check,56.13,333.35,No
4711-RRFBT,Female,0,No,No,52,Yes,Yes,Fiber optic,No,No,No,No,No,No,Two year,Yes,Bank transfer (automatic),84.98,4416.67,No
2634-FPGEH,Male,0,Yes,No,22,Yes,Yes,Fiber optic,Yes,Yes,No,No,No,Yes,Month-to-month,Yes,Credit card (automatic),70.57,1586.27,Yes
5703-VZTXN,Male,0,No,Yes,12,Yes,No,No,No internet service,No internet service,No internet service,No internet service,No internet service,No internet service,Month-to-month,Yes,Electronic check,20.22,234.1,Yes
4674-VHVZK,Female,0,No,No,45,Yes,No,Fiber optic,Yes,Yes,Yes,Yes,Yes,No,Month-to-month,Yes,Credit card (automatic),79.66,3661.22,No
6700-UUFZN,Female,0,No,No,25,Yes,No,DSL,Yes,Yes,Yes,Yes,Yes,No,Two year,No,Mailed check,58.16,1519.17,No
1376-DSLCN,Female,0,No,Yes,23,Yes,Yes,Fiber optic,Yes,Yes,Yes,No,No,Yes,Month-to-month,No,Credit card (automatic),80.52,1874.15,Yes
6395-CJMUQ,Female,0,Yes,No,18,Yes,No,Fiber optic,No,No,No,No,Yes,Yes,Month-to-month,Yes,Mailed check,90.28,1560.19,Yes
1783-PXBZC,Male,1,No,Yes,19,Yes,Yes,Fiber optic,Yes,Yes,Yes,No,No,No,Month-to-month,No,Electronic check,82.6,1631.3,Yes
6603-JTVWW,Male,0,No,No,72,Yes,Yes,DSL,Yes,Yes,No,Yes,No,No,Two year,Yes,Bank transfer (automatic),67.33,4750.23,No
8345-IMSEP,Female,0,Yes,No,19,Yes,No,Fiber optic,Yes,No,No,No,Yes,No,Month-to-month,No,Mailed check,77.38,1529.06,Yes
5771-ZBCAO,Male,0,No,Yes,72,No,No phone service,Fiber optic,No,Yes,No,Yes,No,No,Two year,No,Credit card (automatic),70.7,5007.12,No
5956-PGHKB,Female,0,No,Yes,8,Yes,Yes,DSL,No,No,Yes,No,Yes,Yes,Month-to-month,No,Credit card (automatic),68.98,570.61,No
7771-BRLZS,Male,0,Yes,No,10,Yes,Yes,Fiber optic,Yes,Yes,No,Yes,Yes,No,Month-to-month,No,Bank transfer (automatic),77.57,800.0,Yes
5279-SDEMW,Male,1,No,No,65,Yes,Yes,No,No internet service,No internet service,No internet service,No internet service,No internet service,No internet service,Month-to-month,Yes,Mailed check,26.7,1696.17,No
8379-JHZOD,Female,0,Yes,Yes,0,Yes,Yes,DSL,Yes,Yes,Yes,No,No,No,Month-to-month,Yes,Mailed check,58.45, ,No
3024-VXXAV,Female,0,No,Yes,8,Yes,No,Fiber optic,Yes,Yes,No,No,Yes,Yes,Month-to-month,Yes,Bank transfer (automatic),76.19,579.59,No
2007-VWJFS,Male,0,No,No,10,Yes,Yes,No,No internet service,No internet service,No internet service,No internet service,No internet service,No internet service,Month-to-month,No,Mailed check,18.25,185.04,No
1615-PILVZ,Female,1,No,Yes,22,Yes,No,DSL,No,Yes,Yes,No,Yes,No,Month-to-month,No,Electronic check,55.06,1177.2,No
4619-HVKFX,Female,0,No,No,7,Yes,No,DSL,Yes,Yes,Yes,No,Yes,Yes,Month-to-month,Yes,Mailed check,57.38,405.89,No
9924-HEDPI,Female,0,Yes,Yes,36,Yes,Yes,Fiber optic,No,No,Yes,Yes,No,No,One year,Yes,Bank transfer (automatic),85.47,3146.78,No
6607-TAWAC,Female,1,Yes,Yes,40,Yes,Yes,No,No internet service,No internet service,No internet service,No internet service,No internet service,No internet service,Month-to-month,Yes,Mailed check,25.42,983.67,No
7523-QZOKR,Male,0,Yes,No,51,Yes,No,Fiber optic,Yes,No,No,No,Yes,Yes,Month-to-month,Yes,Credit card (automatic),80.96,3938.94,No
7857-RJYHJ,Male,0,No,Yes,72,Yes,Yes,No,No internet service,No internet service,No internet service,No internet service,No internet service,No internet service,Two year,Yes,Electronic check,31.2,2212.2,No
3499-HFPSL,Female,0,Yes,No,72,Yes,No,No,No internet service,No internet service,No internet service,No internet service,No internet service,No internet service,One year,Yes,Bank transfer (automatic),32.94,2376.23,No
9304-MMBXD,Male,0,Yes,No,34,Yes,Yes,Fiber optic,No,Yes,No,Yes,Yes,No,One year,Yes,Mailed check,83.94,2962.44,No
2479-YNBLP,Male,1,Yes,No,15,Yes,Yes,DSL,Yes,Yes,No,Yes,Yes,Yes,Month-to-month,Yes,Bank transfer (automatic),57.13,886.11,Yes
1090-TRAQF,Female,0,Yes,No,21,Yes,Yes,DSL,Yes,No,No,No,Yes,Yes,One year,No,Electronic check,59.9,1313.98,No
7609-JFNLI,Male,0,No,No,24,Yes,Yes,Fiber optic,Yes,Yes,Yes,No,No,Yes,Month-to-month,No,Mailed check,84.54,2123.62,Yes
8905-QMFOA,Female,0,Yes,Yes,24,Yes,No,Fiber optic,Yes,Yes,Yes,Yes,Yes,Yes,Month-to-month,Yes,Bank transfer (automatic),74.26,1711.82,Yes
8961-ASISJ,Female,0,Yes,Yes,18,Yes,No,DSL,No,Yes,Yes,Yes,No,Yes,Month-to-month,Yes,Mailed check,59.59,1038.39,No
1235-YTBAN,Male,0,No,No,37,Yes,No,Fiber optic,No,Yes,No,Yes,Yes,No,Two year,Yes,Mailed check,83.21,2945.07,No
9608-PASLQ,Female,0,No,No,32,Yes,Yes,DSL,Yes,Yes,No,Yes,No,Yes,Month-to-month,Yes,Mailed check,54.0,1798.55,No
4152-AAQQI,Male,0,Yes,No,44,Yes,No,Fiber optic,No,No,Yes,Yes,Yes,Yes,Month-to-month,Yes,Electronic check,79.66,3649.41,Yes
1740-UDELS,Female,1,Yes,No,67,Yes,Yes,Fiber optic,Yes,No,Yes,Yes,No,Yes,Month-to-month,No,Bank transfer (automatic),78.49,5004.69,No
9955-QYQWE,Male,0,No,Yes,23,Yes,No,Fiber optic,Yes,Yes,Yes,Yes,No,No,Month-to-month,Yes,Mailed check,90.26,2139.93,Yes
1507-RZTIM,Male,0,No,No,14,Yes,No,Fiber optic,No,Yes,Yes,Yes,No,No,Month-to-month,No,Credit card (automatic),75.64,1037.37,Yes
2009-IREMH,Male,0,Yes,No,9,Yes,No,No,No internet service,No internet service,No internet service,No internet service,No internet service,No internet service,Month-to-month,Yes,Bank transfer (automatic),27.27,235.65,Yes
5416-TXKVS,Male,0,Yes,No,48,Yes,No,DSL,Yes,Yes,No,No,Yes,No,Two year,Yes,Bank transfer (automatic),69.76,3482.93,No
9295-TORIR,Female,0,Yes,No,6,Yes,No,Fiber optic,Yes,Yes,Yes,No,No,No,Month-to-month,Yes,Bank transfer (automatic),82.44,481.98,No
7379-PCNSF,Female,0,Yes,Yes,43,Yes,Yes,DSL,Yes,No,Yes,Yes,No,No,One year,Yes,Electronic check,68.33,2934.59,No
8085-VOZWM,Male,0,Yes,No,7,No,No phone service,Fiber optic,No,No,Yes,Yes,Yes,No,Month-to-month,Yes,Electronic check,78.61,538.43,Yes
8958-YCZAM,Female,0,No,No,15,Yes,Yes,DSL,Yes,Yes,No,No,Yes,Yes,Month-to-month,Yes,Electronic check,62.92,959.94,No
9440-SGQFG,Female,1,Yes,No,6,No,No phone service,No,No internet service,No internet service,No internet service,No internet service,No internet service,No internet service,Month-to-month,Yes,Credit card (automatic),18.25,114.87,Yes
9203-BZLBU,Female,0,Yes,No,10,Yes,No,DSL,No,Yes,No,Yes,Yes,Yes,Month-to-month,Yes,Bank transfer (automatic),67.7,650.6,Yes
1434-IGUKR,Female,0,Yes,No,22,No,No phone service,DSL,Yes,No,No,No,Yes,Yes,Month-to-month,No,Bank transfer (automatic),53.2,1114.86,Yes
1649-SSHWM,Male,0,No,No,35,No,No phone service,Fiber optic,No,Yes,Yes,Yes,Yes,No,Month-to-month,Yes,Mailed check,77.57,2587.27,No
7004-EYGQC,Male,0,Yes,Yes,11,Yes,No,DSL,Yes,No,No,No,No,Yes,Month-to-month,Yes,Electronic check,57.88,617.97,No
1402-DYFWP,Female,0,No,Yes,59,Yes,No,Fiber optic,Yes,No,No,No,No,Yes,Two year,Yes,Electronic check,78.45,4661.83,No
1797-LMGPW,Female,0,Yes,No,49,No,No phone service,No,No internet service,No internet service,No internet service,No internet service,No internet service,No internet service,Two year,Yes,Bank transfer (automatic),24.88,1201.16,No
8952-NXYCQ,Male,0,No,No,47,Yes,No,Fiber optic,No,No,Yes,No,No,No,Month-to-month,Yes,Mailed check,80.76,3618.9,No
7958-APXGW,Female,1,No,No,72,Yes,Yes,No,No internet service,No internet service,No internet service,No internet service,No internet service,No internet service,Month-to-month,Yes,Electronic check,20.22,1491.53,No
9404-QQNKL,Male,1,No,No,14,Yes,No,DSL,Yes,Yes,Yes,Yes,No,Yes,Month-to-month,No,Mailed check,55.57,761.39,Yes
5700-MVTJN,Male,0,No,No,53,Yes,Yes,Fiber optic,No,Yes,No,Yes,Yes,No,One year,No,Credit card (automatic),77.29,4299.39,No
2936-EJBWD,Female,0,Yes,No,5,Yes,Yes,No,No internet service,No internet service,No internet service,No internet service,No internet service,No internet service,Month-to-month,Yes,Mailed check,33.99,171.65,No
3938-GFJSX,Female,0,No,Yes,4,Yes,No,DSL,Yes,Yes,Yes,Yes,Yes,No,Month-to-month,No,Electronic check,60.77,251.74,Yes
2698-GMIUF,Male,0,Yes,No,36,Yes,Yes,Fiber optic,No,Yes,Yes,Yes,No,No,One year,Yes,Bank transfer (automatic),78.21,2950.79,No
4621-OJQUN,Female,0,Yes,No,45,Yes,Yes,No,No internet service,No internet service,No internet service,No internet service,No internet service,No internet service,One year,Yes,Mailed check,20.07,933.42,No
5111-YZZAV,Female,0,No,Yes,72,Yes,Yes,Fiber optic,Yes,No,No,Yes,No,No,Month-to-month,Yes,Credit card (automatic),89.2,6406.34,No
9087-UTJSP,Male,0,Yes,Yes,37,Yes,No,DSL,No,No,No,Yes,No,Yes,One year,No,Mailed check,61.61,2283.75,No
8482-JTUVE,Female,0,Yes,No,5,Yes,No,DSL,Yes,Yes,Yes,No,No,No,Month-to-month,No,Mailed check,51.04,266.37,No
8772-FYBFP,Male,0,Yes,Yes,10,Yes,No,No,No internet service,No internet service,No internet service,No internet service,No internet service,No internet service,Month-to-month,No,Mailed check,18.25,186.87,No
5889-RKAQN,Female,0,No,No,58,Yes,No,Fiber optic,No,Yes,No,No,No,Yes,One year,Yes,Credit card (automatic),83.85,4821.6,No
5577-JXUEB,Female,0,No,No,50,Yes,Yes,Fiber optic,No,No,No,No,No,Yes,One year,No,Mailed check,91.21,4394.07,No
2632-BSQMP,Male,0,Yes,Yes,16,Yes,Yes,DSL,No,No,Yes,No,No,Yes,Month-to-month,Yes,Mailed check,55.32,928.89,Yes
8274-VLPOY,Female,0,Yes,No,28,Yes,No,Fiber optic,Yes,No,Yes,Yes,No,Yes,Month-to-month,No,Mailed check,86.66,2499.92,No
7852-IXKTZ,Male,1,Yes,Yes,21,Yes,No,Fiber optic,Yes,Yes,Yes,No,Yes,No,Month-to-month,No,Bank transfer (automatic),93.67,2048.03,Yes
8279-CFUDA,Male,1,No,No,68,Yes,Yes,No,No internet service,No internet service,No internet service,No internet service,No internet service,No internet service,Two year,No,Credit card (automatic),18.25,1277.54,No
3322-MDDIP,Female,0,No,Yes,13,Yes,No,DSL,No,Yes,Yes,No,No,Yes,Month-to-month,No,Electronic check,54.19,674.0,Yes
5899-UZARE,Female,0,Yes,No,39,Yes,Yes,Fiber optic,Yes,No,No,Yes,Yes,Yes,Two year,Yes,Electronic check,80.89,3278.89,No
4243-ISGXJ,Female,0,Yes,No,29,Yes,No,No,No internet service,No internet service,No internet service,No internet service,No internet service,No internet service,Two year,No,Electronic check,27.29,769.07,No
8334-YNCSL,Male,0,No,No,6,Yes,Yes,DSL,Yes,No,No,No,Yes,No,Month-to-month,Yes,Mailed check,62.05,358.1,No
4044-LHHZH,Female,0,Yes,No,43,Yes,Yes,Fiber optic,No,No,No,No,Yes,No,Two year,No,Credit card (automatic),82.26,3381.51,No
5127-SFQXV,Female,0,No,No,5,Yes,No,DSL,No,No,No,Yes,Yes,Yes,Month-to-month,Yes,Credit card (automatic),75.46,374.31,No
1257-KAPIX,Male,0,No,No,17,Yes,Yes,Fiber optic,No,No,Yes,No,No,No,Month-to-month,No,Mailed check,87.93,1522.78,Yes
2579-WIXFG,Male,0,Yes,No,23,No,No phone service,Fiber optic,No,Yes,Yes,Yes,Yes,No,Month-to-month,Yes,Mailed check,75.97,1742.92,Yes
4158-ZTVOU,Female,0,No,No,28,Yes,Yes,Fiber optic,Yes,No,No,Yes,Yes,No,One year,Yes,Bank transfer (automatic),81.87,2276.99,No
6641-RVZOL,Male,0,Yes,No,42,Yes,Yes,No,No internet service,No internet service,No internet service,No internet service,No internet service,No internet service,Two year,Yes,Credit card (automatic),22.77,993.8,No
6877-TZSYT,Male,0,Yes,No,6,Yes,No,Fiber optic,Yes,Yes,No,Yes,Yes,No,Month-to-month,Yes,Mailed check,90.51,527.44,Yes
9564-TXEZJ,Male,0,Yes,No,5,Yes,Yes,DSL,Yes,No,No,Yes,No,No,Month-to-month,No,Electronic check,50.9,247.94,Yes
8177-KLTOS,Male,0,Yes,Yes,10,Yes,No,No,No internet service,No internet service,No internet service,No internet service,No internet service,No internet service,Month-to-month,No,Electronic check,23.58,227.53,No
1711-VKUHP,Male,0,No,Yes,13,Yes,Yes,DSL,Yes,No,No,Yes,Yes,Yes,Month-to-month,No,Electronic check,48.68,661.93,No
6293-DMQVX,Male,0,Yes,No,34,Yes,Yes,Fiber optic,No,No,No,No,No,Yes,One year,No,Bank transfer (automatic),84.84,3014.07,No
4460-QEXWZ,Female,0,No,Yes,37,Yes,Yes,DSL,Yes,Yes,No,No,No,Yes,One year,Yes,Electronic check,63.07,2235.28,No
5375-JTSFO,Male,0,No,No,45,No,No phone service,No,No internet service,No internet service,No internet service,No internet service,No internet service,No internet service,Two year,Yes,Credit card (automatic),18.25,824.37,No
6793-LJGKG,Male,1,Yes,No,9,Yes,Yes,No,No internet service,No internet service,No internet service,No internet service,No internet service,No internet service,Month-to-month,Yes,Credit card (automatic),18.25,158.46,No
3703-EJQJD,Male,0,No,No,19,Yes,No,Fiber optic,Yes,No,Yes,Yes,No,No,Month-to-month,No,Electronic check,83.14,1605.65,Yes
8209-LPNNL,Female,0,Yes,No,26,Yes,No,DSL,No,Yes,No,Yes,No,No,Month-to-month,No,Mailed check,62.11,1562.41,No
7800-WXLIC,Male,0,Yes,No,46,Yes,Yes,DSL,Yes,No,No,No,No,No,One year,No,Mailed check,51.3,2334.34,No
4984-ZGVTR,Male,0,Yes,Yes,54,Yes,Yes,DSL,Yes,No,Yes,No,Yes,No,Two year,Yes,Credit card (automatic),58.37,3279.67,No
6086-TCDFT,Male,1,Yes,Yes,17,Yes,Yes,DSL,Yes,No,Yes,No,Yes,Yes,Month-to-month,Yes,Electronic check,63.97,1091.13,Yes
4888-FBMKE,Female,0,Yes,No,2,Yes,No,Fiber optic,Yes,Yes,No,Yes,Yes,No,Month-to-month,No,Bank transfer (automatic),85.89,169.51,Yes
1209-TUGMG,Female,0,No,No,18,Yes,Yes,DSL,Yes,No,Yes,No,No,Yes,Month-to-month,No,Mailed check,57.5,1014.51,No
4679-CYSXH,Female,0,No,No,64,Yes,Yes,Fiber optic,No,Yes,Yes,No,Yes,Yes,Two year,No,Credit card (automatic),78.84,5016.97,No
8855-NFIVU,Male,0,Yes,No,12,Yes,No,Fiber optic,No,No,Yes,Yes,Yes,Yes,One year,Yes,Credit card (automatic),68.13,810.67,No
7481-FQYBI,Female,0,Yes,Yes,64,Yes,No,Fiber optic,Yes,No,No,Yes,Yes,Yes,Two year,No,Electronic check,78.4,5127.29,No
1723-CZGEB,Female,0,Yes,No,1,Yes,Yes,Fiber optic,No,No,Yes,No,Yes,No,Month-to-month,Yes,Bank transfer (automatic),84.96,87.32,Yes
9828-MUGQX,Female,1,Yes,No,24,No,No phone service,DSL,No,Yes,Yes,Yes,Yes,Yes,Month-to-month,Yes,Mailed check,54.74,1255.48,No
7039-NFGPL,Female,0,No,No,22,No,No phone service,Fiber optic,No,No,Yes,No,Yes,Yes,Month-to-month,No,Bank transfer (automatic),82.5,1792.42,Yes
1417-FLEOH,Male,0,No,No,51,No,No phone service,Fiber optic,Yes,Yes,No,Yes,Yes,Yes,Month-to-month,Yes,Bank transfer (automatic),89.27,4454.55,No
3623-CNEQY,Male,0,No,No,20,Yes,No,Fiber optic,No,Yes,No,Yes,Yes,Yes,Month-to-month,Yes,Bank transfer (automatic),83.0,1587.54,No
9209-RUXRG,Male,0,Yes,No,8,Yes,Yes,Fiber optic,No,Yes,Yes,No,No,No,Month-to-month,No,Credit card (automatic),70.68,577.4,No
5507-WRJED,Female,0,Yes,Yes,1,Yes,No,DSL,No,Yes,No,Yes,Yes,Yes,Month-to-month,No,Mailed check,56.98,58.77,Yes
4392-UOBXK,Male,0,Yes,Yes,2,Yes,Yes,DSL,No,No,No,No,Yes,Yes,Month-to-month,Yes,Bank transfer (automatic),66.92,132.69,Yes
4514-VJQXN,Male,1,Yes,Yes,10,Yes,No,Fiber optic,Yes,No,Yes,Yes,Yes,No,Month-to-month,No,Credit card (automatic),90.3,904.68,Yes
6526-JXBHZ,Female,0,Yes,No,40,Yes,Yes,DSL,No,Yes,No,No,Yes,Yes,One year,Yes,Mailed check,50.07,2000.92,No
5356-EKGNG,Male,0,Yes,No,45,Yes,No,DSL,No,Yes,Yes,Yes,Yes,Yes,Two year,Yes,Bank transfer (automatic),54.81,2555.48,No
4593-XCTCL,Male,0,No,No,18,Yes,Yes,Fiber optic,No,Yes,No,No,Yes,Yes,Month-to-month,Yes,Mailed check,81.73,1413.4,Yes
7014-YGBTX,Female,0,Yes,No,52,Yes,Yes,Fiber optic,Yes,No,Yes,Yes,No,Yes,Two year,Yes,Bank transfer (automatic),88.47,4566.8,No
6084-BNKLB,Male,0,No,No,48,Yes,Yes,DSL,No,No,Yes,No,No,Yes,Two year,No,Bank transfer (automatic),54.62,2581.04,No
3855-ZBXNP,Female,1,No,No,23,Yes,Yes,Fiber optic,No,No,No,Yes,No,No,One year,No,Bank transfer (automatic),86.51,1964.59,No
9400-FZHJL,Male,0,No,No,72,No,No phone service,No,No internet service,No internet service,No internet service,No internet service,No internet service,No internet service,Two year,Yes,Mailed check,18.25,1317.63,No
6413-IUARR,Male,0,Yes,No,9,Yes,Yes,No,No internet service,No internet service,No internet service,No internet service,No internet service,No internet service,Month-to-month,No,Bank transfer (automatic),24.06,225.69,Yes
5810-PTXFM,Male,0,No,Yes,24,No,No phone service,Fiber optic,No,No,Yes,Yes,Yes,No,Month-to-month,Yes,Electronic check,70.82,1668.78,Yes
6059-IZNPF,Female,0,No,No,25,Yes,No,No,No internet service,No internet service,No internet service,No internet service,No internet service,No internet service,Month-to-month,Yes,Credit card (automatic),23.25,567.1,No
4741-QLUDD,Female,0,No,No,5,Yes,No,No,No internet service,No internet service,No internet service,No internet service,No internet service,No internet service,Month-to-month,Yes,Electronic check,18.25,89.81,No
4050-IVWMN,Female,0,No,No,17,Yes,Yes,DSL,Yes,No,Yes,No,No,No,Month-to-month,Yes,Credit card (automatic),60.14,986.35,No
3649-NSSZP,Female,0,No,Yes,52,No,No phone service,DSL,Yes,Yes,No,Yes,No,No,Two year,No,Electronic check,58.31,2937.35,No
4062-BRUOX,Male,0,No,Yes,72,No,No phone service,DSL,No,Yes,No,No,Yes,Yes,Two year,No,Mailed check,56.28,4242.56,No
3851-BQDCS,Male,1,Yes,No,22,Yes,No,DSL,No,No,Yes,Yes,Yes,Yes,Month-to-month,No,Bank transfer (automatic),66.7,1495.58,Yes
4909-PTJPO,Male,0,Yes,No,57,Yes,No,Fiber optic,No,No,No,Yes,Yes,No,One year,No,Mailed check,83.73,4877.48,No
6219-SJNPD,Male,0,Yes,No,47,Yes,Yes,Fiber optic,Yes,Yes,Yes,No,Yes,No,Two year,Yes,Electronic check,83.96,3769.89,Yes
2904-CFLYX,Female,1,Yes,No,49,Yes,No,DSL,No,Yes,No,No,Yes,Yes,One year,Yes,Mailed check,56.44,2636.84,No
7864-OFJTX,Male,0,Yes,No,34,Yes,Yes,Fiber optic,Yes,No,No,No,Yes,No,Month-to-month,Yes,Mailed check,85.47,2835.65,No
9661-KMNBD,Female,0,Yes,No,43,Yes,No,DSL,Yes,Yes,No,Yes,No,Yes,Two year,Yes,Mailed check,56.83,2334.51,No
1406-TFSJU,Female,0,Yes,No,72,Yes,No,DSL,No,No,Yes,Yes,No,Yes,One year,Yes,Electronic check,58.06,4069.53,No
2039-IFLOE,Female,0,Yes,Yes,16,Yes,Yes,DSL,Yes,No,Yes,Yes,No,Yes,Month-to-month,Yes,Mailed check,66.43,1092.55,Yes
7002-ZBCYQ,Male,0,No,No,11,Yes,No,DSL,No,No,No,No,Yes,Yes,Month-to-month,No,Electronic check,70.24,794.95,Yes
9275-SSENJ,Female,0,Yes,No,72,Yes,Yes,Fiber optic,Yes,No,No,Yes,Yes,Yes,Two year,Yes,Electronic check,80.98,5568.4,No
8501-BAOZZ,Female,1,No,No,29,Yes,No,DSL,No,Yes,Yes,Yes,No,Yes,Month-to-month,Yes,Electronic check,62.37,1829.14,No
6341-LHZED,Female,0,No,No,65,Yes,Yes,No,No internet service,No internet service,No internet service,No internet service,No internet service,No internet service,Two year,Yes,Mailed check,20.43,1279.96,No
5574-KMXHW,Female,1,No,Yes,49,Yes,No,No,No internet service,No internet service,No internet service,No internet service,No internet service,No internet service,Two year,Yes,Electronic check,21.09,1049.73,No
2905-IARWX,Male,0,No,No,7,Yes,No,DSL,No,Yes,No,No,No,Yes,Month-to-month,No,Mailed check,45.2,313.96,Yes
2506-TDQSD,Male,0,Yes,No,22,Yes,No,No,No internet service,No internet service,No internet service,No internet service,No internet service,No internet service,Month-to-month,No,Credit card (automatic),28.38,616.9,No
1994-BSPDN,Female,0,No,Yes,12,Yes,Yes,Fiber optic,No,Yes,No,Yes,Yes,No,Month-to-month,Yes,Electronic check,80.26,996.42,Yes
8161-GPHGK,Female,0,Yes,No,4,Yes,Yes,Fiber optic,Yes,Yes,Yes,No,Yes,Yes,Month-to-month,No,Credit card (automatic),93.0,366.73,Yes
4169-MFKQK,Female,0,Yes,No,21,Yes,Yes,DSL,No,Yes,No,Yes,No,Yes,One year,Yes,Bank transfer (automatic),55.58,1155.47,No
6906-DDWMP,Male,0,No,No,53,Yes,Yes,Fiber optic,Yes,Yes,No,No,Yes,Yes,Two year,Yes,Electronic check,82.92,4246.34,No
7657-DZLXK,Female,0,Yes,No,41,Yes,Yes,No,No internet service,No internet service,No internet service,No internet service,No internet service,No internet service,One year,Yes,Bank transfer (automatic),29.42,1227.31,No
4649-PEPZQ,Male,0,Yes,No,1,Yes,No,DSL,No,No,No,Yes,No,Yes,Month-to-month,Yes,Credit card (automatic),75.0,77.07,No
1630-SACHH,Female,0,Yes,No,40,No,No phone service,No,No internet service,No internet service,No internet service,No internet service,No internet service,No internet service,Two year,Yes,Mailed check,18.25,707.56,No
1031-AULFL,Male,0,No,Yes,61,Yes,Yes,Fiber optic,No,Yes,No,No,Yes,No,Two year,Yes,Bank transfer (automatic),80.15,4951.69,No
7235-THEYQ,Female,0,No,No,46,No,No phone service,DSL,No,Yes,No,Yes,No,Yes,Two year,Yes,Electronic check,55.97,2471.2,No
9845-HCJIS,Female,1,Yes,No,6,Yes,No,Fiber optic,Yes,Yes,Yes,Yes,Yes,Yes,Month-to-month,No,Mailed check,81.09,501.52,Yes
7444-BPIPK,Male,0,Yes,No,66,Yes,Yes,DSL,Yes,No,Yes,Yes,No,Yes,Month-to-month,No,Credit card (automatic),64.16,4125.67,No
5836-SHFSY,Male,0,No,No,21,Yes,Yes,Fiber optic,No,Yes,Yes,No,No,No,One year,No,Electronic check,83.99,1823.84,No
4995-ZEVZH,Female,0,Yes,No,6,Yes,No,DSL,Yes,No,No,Yes,No,Yes,Month-to-month,Yes,Bank transfer (automatic),67.53,409.64,Yes
2330-RWCQW,Male,0,Yes,No,5,Yes,No,Fiber optic,Yes,Yes,Yes,No,Yes,Yes,Month-to-month,Yes,Bank transfer (automatic),81.48,421.03,Yes
1288-NCEMI,Male,0,Yes,No,72,Yes,No,DSL,Yes,Yes,Yes,Yes,No,Yes,Two year,Yes,Electronic check,65.12,4687.49,No
1766-UFWEN,Male,0,No,No,60,Yes,No,No,No internet service,No internet service,No internet service,No internet service,No internet service,No internet service,Two year,No,Bank transfer (automatic),24.83,1454.77,No
7542-MKTAV,Male,0,No,Yes,39,Yes,No,DSL,No,Yes,No,No,Yes,Yes,Month-to-month,No,Credit card (automatic),63.41,2578.41,No
7208-TKJOQ,Female,0,Yes,No,55,Yes,Yes,Fiber optic,Yes,Yes,No,No,No,Yes,Two year,Yes,Credit card (automatic),84.38,4726.86,No
9325-WBDYK,Male,0,Yes,No,7,No,No phone service,DSL,No,Yes,Yes,Yes,Yes,No,Month-to-month,Yes,Credit card (automatic),54.6,385.8,Yes
6221-BCKSU,Female,0,Yes,No,46,Yes,Yes,Fiber optic,Yes,No,No,No,Yes,No,One year,Yes,Bank transfer (automatic),78.58,3533.08,No
9051-FFOOA,Male,0,Yes,No,34,Yes,Yes,DSL,No,Yes,No,No,Yes,No,Month-to-month,Yes,Mailed check,65.09,2222.96,No
5024-XEVLN,Female,0,No,No,43,Yes,No,Fiber optic,Yes,Yes,Yes,Yes,Yes,Yes,Month-to-month,Yes,Bank transfer (automatic),76.72,3147.09,No
6773-SQCHV,Female,1,No,No,72,Yes,No,DSL,Yes,No,Yes,Yes,Yes,No,Two year,No,Mailed check,63.84,4756.62,No
1361-SNDDZ,Female,0,Yes,No,57,Yes,No,No,No internet service,No internet service,No internet service,No internet service,No internet service,No internet service,One year,No,Bank transfer (automatic),28.69,1654.44,No
1279-AAQYE,Male,0,No,No,71,Yes,Yes,Fiber optic,No,Yes,No,Yes,Yes,No,Two year,Yes,Bank transfer (automatic),96.23,6752.55,No
8160-SFBMC,Male,0,Yes,Yes,60,Yes,No,No,No internet service,No internet service,No internet service,No internet service,No internet service,No internet service,Month-to-month,Yes,Bank transfer (automatic),30.09,1727.17,No
2022-MVZQH,Male,0,No,No,17,Yes,No,DSL,Yes,Yes,Yes,No,Yes,No,Month-to-month,Yes,Bank transfer (automatic),48.78,855.13,No
3954-PENTV,Female,0,No,Yes,5,Yes,No,DSL,No,No,No,No,Yes,Yes,Month-to-month,Yes,Credit card (automatic),54.26,276.86,No
1532-HGOEY,Female,0,No,No,13,Yes,No,Fiber optic,Yes,No,No,No,No,No,One year,Yes,Credit card (automatic),82.87,1094.43,No
9252-IKLBX,Female,0,Yes,Yes,63,Yes,No,Fiber optic,No,Yes,Yes,No,Yes,Yes,One year,No,Credit card (automatic),80.54,5151.89,No
8013-IOJFH,Female,0,No,No,17,Yes,No,No,No internet service,No internet service,No internet service,No internet service,No internet service,No internet service,Month-to-month,Yes,Credit card (automatic),27.14,447.83,No
1963-VRYAQ,Male,0,Yes,No,68,No,No phone service,DSL,Yes,Yes,No,No,Yes,Yes,Month-to-month,No,Bank transfer (automatic),47.48,3179.29,No
6042-QZKDA,Female,1,No,No,18,Yes,No,Fiber optic,Yes,Yes,Yes,No,Yes,Yes,Month-to-month,No,Credit card (automatic),72.26,1311.92,Yes
5427-EDDHD,Female,0,Yes,No,46,Yes,Yes,Fiber optic,Yes,Yes,No,Yes,No,No,Month-to-month,Yes,Credit card (automatic),77.3,3554.44,Yes
5372-RHDOC,Female,0,Yes,Yes,10,Yes,No,No,No internet service,No internet service,No internet service,No internet service,No internet service,No internet service,Month-to-month,No,Bank transfer (automatic),37.87,391.79,Yes
7637-JKGHD,Female,0,No,Yes,47,No,No phone service,No,No internet service,No internet service,No internet service,No internet service,No internet service,No internet service,Two year,No,Mailed check,26.51,1227.68,No
6021-DRGON,Female,0,No,No,20,No,No phone service,DSL,No,No,No,Yes,No,No,Month-to-month,No,Credit card (automatic),51.63,1076.3,No
6700-TOWGT,Male,1,Yes,No,37,No,No phone service,DSL,Yes,No,No,No,Yes,Yes,Month-to-month,No,Bank transfer (automatic),56.06,2022.96,No
4086-QMXHN,Female,0,Yes,No,52,Yes,Yes,Fiber optic,Yes,No,Yes,Yes,No,No,Two year,Yes,Bank transfer (automatic),77.05,4190.46,No
2480-QAKAI,Male,0,No,No,29,Yes,Yes,Fiber optic,No,Yes,Yes,No,Yes,No,Two year,No,Credit card (automatic),88.08,2674.8,Yes
5355-IKDSU,Male,0,Yes,Yes,40,Yes,No,No,No internet service,No internet service,No internet service,No internet service,No internet service,No internet service,One year,Yes,Mailed check,18.68,722.06,No
5092-BBRYW,Male,0,No,No,7,Yes,Yes,DSL,No,No,Yes,Yes,No,Yes,Month-to-month,Yes,Bank transfer (automatic),57.65,404.11,No
4649-MEBTL,Male,0,Yes,Yes,8,Yes,Yes,Fiber optic,Yes,No,No,Yes,Yes,No,Month-to-month,Yes,Credit card (automatic),78.42,623.9,No
5471-IIZVR,Male,0,Yes,No,72,Yes,Yes,No,No internet service,No internet service,No internet service,No internet service,No internet service,No internet service,Month-to-month,Yes,Credit card (automatic),23.55,1671.1,No
4501-SINDS,Male,0,Yes,Yes,7,Yes,Yes,DSL,No,Yes,Yes,Yes,No,No,Month-to-month,Yes,Bank transfer (automatic),61.73,420.77,No
1544-SPBNF,Male,0,No,No,67,Yes,Yes,DSL,Yes,No,No,No,Yes,No,One year,Yes,Bank transfer (automatic),59.87,4143.48,No
5284-ASNJW,Female,0,No,No,71,Yes,No,DSL,Yes,Yes,Yes,No,Yes,No,Two year,Yes,Electronic check,65.95,4806.66,No
6803-PDNSY,Female,0,No,No,9,Yes,Yes,DSL,Yes,No,Yes,Yes,No,No,Month-to-month,Yes,Mailed check,54.02,485.69,Yes
6437-ERBIX,Female,0,No,No,35,Yes,No,DSL,Yes,No,Yes,Yes,No,No,One year,Yes,Mailed check,45.05,1564.89,No
8215-XJRSG,Female,1,No,No,50,Yes,No,Fiber optic,No,No,Yes,Yes,Yes,Yes,One year,Yes,Credit card (automatic),84.03,4084.88,Yes
9482-ZCTLR,Female,0,Yes,Yes,31,Yes,No,Fiber optic,Yes,Yes,Yes,No,No,No,Month-to-month,Yes,Electronic check,92.73,2967.13,No
5989-FCNVV,Female,0,Yes,No,0,Yes,No,DSL,Yes,No,No,Yes,Yes,No,Month-to-month,Yes,Bank transfer (automatic),53.89, ,No
3472-WJOIN,Female,0,Yes,No,72,Yes,Yes,Fiber optic,No,Yes,No,Yes,No,Yes,Two year,No,Bank transfer (automatic),86.47,5953.41,No
5764-SMNQK,Male,0,No,Yes,11,Yes,No,Fiber optic,Yes,Yes,No,No,Yes,Yes,Month-to-month,No,Mailed check,80.26,856.77,Yes
5719-CWDWT,Female,0,Yes,Yes,4,Yes,No,Fiber optic,Yes,Yes,No,Yes,No,Yes,Month-to-month,No,Mailed check,78.26,308.16,No
9528-AFBKX,Male,0,Yes,Yes,4,Yes,Yes,DSL,Yes,Yes,No,Yes,No,Yes,Month-to-month,No,Credit card (automatic),55.26,214.7,Yes
7895-SWAUI,Male,0,No,No,62,Yes,Yes,DSL,No,No,No,Yes,No,Yes,One year,No,Electronic check,63.0,3835.79,No
7217-TRKPM,Male,0,Yes,Yes,41,Yes,Yes,DSL,Yes,No,No,No,Yes,No,Two year,No,Bank transfer (automatic),68.09,2806.35,No
6654-LKFKS,Male,0,Yes,Yes,20,Yes,Yes,DSL,Yes,No,No,No,No,No,Month-to-month,No,Mailed check,67.14,1294.34,Yes
8831-CENSE,Male,0,Yes,Yes,21,Yes,No,No,No internet service,No internet service,No internet service,No internet service,No internet service,No internet service,Month-to-month,No,Electronic check,30.16,644.34,Yes
3923-BBDSW,Female,0,Yes,No,72,Yes,No,DSL,No,No,No,No,No,Yes,Two year,Yes,Bank transfer (automatic),60.84,4203.31,No
5489-EXHED,Female,0,No,No,48,Yes,No,DSL,Yes,No,No,Yes,No,Yes,One year,Yes,Electronic check,56.14,2676.13,No
4177-TKLIY,Male,0,Yes,No,72,Yes,Yes,Fiber optic,No,Yes,Yes,Yes,Yes,Yes,Two year,No,Electronic check,88.6,6686.41,No
7151-RLNXR,Male,0,Yes,Yes,72,Yes,No,No,No internet service,No internet service,No internet service,No internet service,No internet service,No internet service,One year,Yes,Credit card (automatic),33.02,2460.05,No
8323-BWYRY,Female,0,Yes,No,65,Yes,Yes,Fiber optic,No,Yes,No,No,Yes,No,Two year,No,Electronic check,80.45,4990.2,No
6109-HPQDF,Female,0,No,No,21,Yes,Yes,Fiber optic,Yes,Yes,No,No,Yes,Yes,Month-to-month,Yes,Credit card (automatic),80.34,1719.87,Yes
3622-ODUCY,Male,0,No,No,36,No,No phone service,Fiber optic,Yes,Yes,Yes,No,Yes,Yes,Month-to-month,Yes,Electronic check,80.54,2905.27,Yes
7081-IJSCS,Male,0,Yes,No,17,Yes,Yes,Fiber optic,No,Yes,Yes,Yes,Yes,Yes,One year,Yes,Electronic check,76.92,1286.65,Yes
5968-FXQER,Male,0,No,No,5,Yes,Yes,No,No internet service,No internet service,No internet service,No internet service,No internet service,No internet service,Month-to-month,Yes,Mailed check,26.35,134.55,Yes
4700-TMZYB,Female,0,Yes,No,70,Yes,No,DSL,No,Yes,Yes,No,Yes,Yes,Month-to-month,No,Mailed check,48.07,3500.26,No
4698-FLDNE,Female,0,Yes,No,37,Yes,No,Fiber optic,Yes,No,Yes,No,Yes,No,Month-to-month,Yes,Credit card (automatic),89.18,3413.89,No
6607-LZWPL,Male,0,Yes,No,13,Yes,Yes,Fiber optic,Yes,No,Yes,No,Yes,No,Month-to-month,No,Electronic check,83.74,1064.68,Yes
7442-RDJZI,Male,0,Yes,Yes,9,No,No phone service,Fiber optic,Yes,Yes,Yes,Yes,Yes,Yes,One year,No,Mailed check,78.79,682.85,No
1119-VYRQJ,Female,0,Yes,Yes,4,Yes,Yes,No,No internet service,No internet service,No internet service,No internet service,No internet service,No internet service,Month-to-month,Yes,Bank transfer (automatic),28.17,110.22,Yes
4234-XWMIE,Female,0,No,No,37,Yes,No,Fiber optic,Yes,No,Yes,No,No,No,Two year,Yes,Mailed check,80.13,3026.64,No
1098-MORUJ,Female,0,No,No,14,Yes,No,Fiber optic,No,Yes,Yes,Yes,No,No,Month-to-month,No,Mailed check,88.77,1222.39,No
2501-VTNBM,Male,0,Yes,No,26,Yes,Yes,DSL,No,No,Yes,Yes,No,No,One year,No,Bank transfer (automatic),67.11,1707.89,No
6572-WNMJK,Female,0,No,No,21,Yes,No,No,No internet service,No internet service,No internet service,No internet service,No internet service,No internet service,Month-to-month,No,Mailed check,29.49,640.18,No
1147-CTJWK,Male,0,No,No,16,Yes,Yes,DSL,Yes,No,Yes,No,Yes,No,Month-to-month,Yes,Electronic check,64.57,1080.48,Yes
9970-EEPUD,Male,0,Yes,No,13,No,No phone service,Fiber optic,No,No,Yes,Yes,No,Yes,Month-to-month,Yes,Electronic check,97.14,1271.76,Yes
5525-FTORG,Female,0,No,No,4,Yes,Yes,DSL,Yes,Yes,Yes,No,Yes,No,Month-to-month,Yes,Bank transfer (automatic),69.64,284.77,Yes
3599-QJREH,Female,0,Yes,No,64,Yes,Yes,Fiber optic,Yes,No,Yes,Yes,Yes,No,One year,No,Electronic check,79.29,4965.05,No
1914-CGMDC,Male,1,No,No,49,No,No phone service,Fiber optic,Yes,No,Yes,No,Yes,No,Month-to-month,Yes,Mailed check,79.09,3706.73,No
8894-NSSCQ,Female,0,Yes,No,60,Yes,No,Fiber optic,No,Yes,Yes,Yes,Yes,Yes,Two year,Yes,Electronic check,72.85,4198.86,No
8745-LWYOC,Female,0,No,No,46,Yes,Yes,Fiber optic,No,Yes,No,No,Yes,Yes,Month-to-month,Yes,Bank transfer (automatic),87.34,3904.24,No
6556-WPUNK,Male,0,No,No,48,No,No phone service,No,No internet service,No internet service,No internet service,No internet service,No internet service,No internet service,Month-to-month,No,Electronic check,18.25,836.92,No
9509-DLERX,Male,0,Yes,No,18,Yes,No,Fiber optic,No,Yes,No,No,Yes,No,One year,Yes,Bank transfer (automatic),93.64,1667.92,Yes
9979-GSWVN,Female,1,Yes,No,19,Yes,Yes,Fiber optic,No,No,No,Yes,No,No,Month-to-month,Yes,Credit card (automatic),87.14,1584.15,Yes
2570-MUQKF,Female,0,No,Yes,17,Yes,Yes,Fiber optic,Yes,No,No,Yes,No,No,Month-to-month,No,Credit card (automatic),80.15,1379.81,Yes
6866-LMYAG,Female,1,No,No,23,Yes,Yes,Fiber optic,No,Yes,No,No,Yes,Yes,Month-to-month,No,Credit card (automatic),83.53,1831.9,No
9277-XHZFB,Male,0,Yes,Yes,11,Yes,Yes,No,No internet service,No internet service,No internet service,No internet service,No internet service,No internet service,Month-to-month,No,Electronic check,31.55,364.06,No
3763-NAEUQ,Male,1,Yes,Yes,28,Yes,Yes,Fiber optic,Yes,Yes,Yes,No,Yes,No,Month-to-month,Yes,Electronic check,87.81,2480.39,Yes
6446-ZFXJY,Male,0,Yes,No,42,No,No phone service,Fiber optic,No,Yes,No,No,Yes,Yes,Two year,Yes,Electronic check,73.82,3071.72,No
8047-FFONG,Male,0,Yes,No,32,Yes,Yes,DSL,No,Yes,Yes,Yes,Yes,Yes,Month-to-month,Yes,Credit card (automatic),68.45,2106.76,Yes
3343-XTESE,Female,0,No,Yes,52,Yes,Yes,DSL,No,Yes,Yes,No,No,No,Two year,No,Credit card (automatic),46.67,2404.51,No
5004-AQEGE,Male,0,No,Yes,72,Yes,No,No,No internet service,No internet service,No internet service,No internet service,No internet service,No internet service,Two year,Yes,Mailed check,18.25,1305.49,No
2650-COWHU,Female,1,Yes,No,18,Yes,No,No,No internet service,No internet service,No internet service,No internet service,No internet service,No internet service,Month-to-month,No,Electronic check,24.65,434.49,No
5891-GBUAK,Male,0,No,No,50,Yes,Yes,Fiber optic,Yes,Yes,Yes,Yes,Yes,No,One year,No,Credit card (automatic),80.56,4208.26,No
1308-UZIIO,Female,0,No,No,50,Yes,No,DSL,Yes,Yes,Yes,No,Yes,No,Two year,Yes,Bank transfer (automatic),61.7,2940.89,No
5517-JJEGP,Female,1,Yes,No,11,Yes,Yes,No,No internet service,No internet service,No internet service,No internet service,No internet service,No internet service,Month-to-month,No,Credit card (automatic),18.25,193.17,No
7608-TNTPJ,Female,0,Yes,No,25,Yes,Yes,No,No internet service,No internet service,No internet service,No internet service,No internet service,No internet service,Month-to-month,No,Bank transfer (automatic),20.61,540.43,No
4179-NHTEB,Female,0,Yes,No,5,Yes,No,Fiber optic,No,No,Yes,Yes,No,No,One year,Yes,Mailed check,76.51,369.55,Yes
5419-BEJAF,Female,0,No,Yes,53,Yes,No,Fiber optic,No,Yes,No,No,Yes,Yes,One year,No,Credit card (automatic),76.06,3979.37,No
5902-JXCSP,Male,0,Yes,No,71,Yes,Yes,Fiber optic,Yes,No,No,Yes,No,No,Two year,Yes,Mailed check,82.43,6075.38,No
6797-RBUIQ,Male,0,Yes,No,1,Yes,Yes,No,No internet service,No internet service,No internet service,No internet service,No internet service,No internet service,Month-to-month,Yes,Electronic check,18.65,18.3,No
3645-KSYWS,Male,0,Yes,No,20,No,No phone service,DSL,Yes,Yes,Yes,No,No,Yes,Month-to-month,No,Mailed check,52.12,1079.34,No
5846-NZFYQ,Female,0,No,No,30,Yes,Yes,DSL,No,No,No,Yes,Yes,Yes,One year,Yes,Mailed check,57.34,1724.62,No
6544-PVRCU,Male,0,No,Yes,70,No,No phone service,No,No internet service,No internet service,No internet service,No internet service,No internet service,No internet service,Month-to-month,No,Credit card (automatic),19.89,1323.42,No
7557-XYYBQ,Female,0,No,No,37,Yes,Yes,Fiber optic,No,No,Yes,No,Yes,Yes,One year,Yes,Bank transfer (automatic),72.77,2665.83,No
9408-ZOXWA,Female,1,No,No,6,Yes,Yes,Fiber optic,No,No,Yes,No,No,Yes,Month-to-month,Yes,Electronic check,85.43,514.44,Yes
8964-QOEXH,Female,0,No,No,44,Yes,Yes,DSL,Yes,No,Yes,Yes,Yes,No,Month-to-month,No,Bank transfer (automatic),56.12,2469.94,No
4759-HZMCA,Female,0,Yes,No,55,Yes,Yes,Fiber optic,No,Yes,No,No,Yes,No,Two year,No,Credit card (automatic),84.79,4684.0,No
9820-GUAXQ,Female,0,No,No,0,Yes,No,Fiber optic,Yes,No,No,No,Yes,No,One year,No,Electronic check,82.02, ,Yes
3022-XHZPL,Male,1,Yes,No,23,Yes,Yes,DSL,No,No,Yes,No,No,Yes,One year,Yes,Mailed check,61.88,1370.18,No
1526-GBWCC,Male,1,Yes,Yes,69,Yes,No,Fiber optic,No,Yes,Yes,No,Yes,No,Two year,Yes,Electronic check,84.21,5804.01,No
2120-ZZSBN,Male,0,No,No,33,Yes,No,No,No internet service,No internet service,No internet service,No internet service,No internet service,No internet service,Month-to-month,No,Bank transfer (automatic),35.47,1142.05,No
9534-CUAUO,Female,0,Yes,No,44,Yes,No,No,No internet service,No internet service,No internet service,No internet service,No internet service,No internet service,One year,Yes,Mailed check,18.25,840.71,No
8990-KUVIQ,Male,1,No,Yes,23,Yes,No,DSL,Yes,No,No,Yes,Yes,Yes,Month-to-month,Yes,Mailed check,70.32,1560.18,Yes
5147-LUFDM,Female,1,No,No,0,Yes,Yes,DSL,No,Yes,Yes,No,No,No,One year,Yes,Mailed check,67.33, ,No
8394-EIRMP,Male,0,No,Yes,72,Yes,Yes,Fiber optic,Yes,No,No,Yes,No,No,Two year,No,Credit card (automatic),80.91,6075.46,No
5751-VWLLH,Male,0,Yes,No,47,Yes,No,Fiber optic,No,No,No,Yes,No,Yes,Two year,Yes,Credit card (automatic),87.62,4132.05,No
4993-VNRKS,Male,0,No,No,19,Yes,No,No,No internet service,No internet service,No internet service,No internet service,No internet service,No internet service,Month-to-month,Yes,Electronic check,38.14,719.07,No
7411-NYWEF,Female,0,No,No,55,Yes,Yes,Fiber optic,No,No,No,Yes,Yes,No,Two year,Yes,Bank transfer (automatic),74.56,4038.14,No
9592-KIUPD,Male,0,Yes,Yes,9,Yes,Yes,No,No internet service,No internet service,No internet service,No internet service,No internet service,No internet service,Month-to-month,No,Bank transfer (automatic),26.34,245.04,No
1825-VTJWD,Female,0,No,Yes,33,Yes,Yes,Fiber optic,No,Yes,No,No,No,Yes,One year,Yes,Mailed check,76.23,2486.71,No
8820-CQVQU,Female,0,No,Yes,41,Yes,Yes,Fiber optic,Yes,No,Yes,No,Yes,No,Two year,No,Bank transfer (automatic),85.22,3406.74,No
4093-HGDHG,Female,0,No,No,72,Yes,Yes,DSL,No,No,No,No,No,No,One year,No,Electronic check,65.89,4550.18,Yes
7809-FETNF,Male,0,Yes,No,21,Yes,No,Fiber optic,No,Yes,No,Yes,No,No,One year,No,Bank transfer (automatic),77.07,1578.85,Yes
7352-FUAPP,Female,1,Yes,Yes,51,No,No phone service,Fiber optic,No,Yes,No,Yes,Yes,No,Two year,No,Electronic check,74.67,3951.11,No
4355-RJQFO,Male,0,No,Yes,3,Yes,No,Fiber optic,No,No,Yes,Yes,Yes,Yes,Month-to-month,Yes,Bank transfer (automatic),82.79,257.92,Yes
7805-ZJMMW,Male,1,Yes,Yes,66,Yes,Yes,DSL,No,No,Yes,Yes,No,Yes,One year,No,Bank transfer (automatic),65.62,4130.16,No
9662-QVCTV,Male,0,Yes,No,28,Yes,No,DSL,Yes,Yes,Yes,Yes,No,No,One year,Yes,Mailed check,66.53,1831.34,No
7433-PXQWE,Male,0,No,No,3,Yes,No,DSL,Yes,No,No,No,No,No,Month-to-month,No,Credit card (automatic),63.17,186.96,Yes
6987-LWWVF,Female,0,No,No,43,Yes,No,DSL,Yes,No,No,No,Yes,No,Two year,Yes,Mailed check,61.94,2728.46,No
5430-AZGQM,Male,0,No,Yes,1,Yes,No,Fiber optic,Yes,Yes,Yes,Yes,No,Yes,Month-to-month,Yes,Credit card (automatic),83.31,80.9,Yes
9140-VUQDX,Male,0,Yes,No,9,Yes,No,Fiber optic,No,No,Yes,Yes,No,Yes,Month-to-month,No,Credit card (automatic),88.75,832.78,No
1563-LJKZG,Female,0,No,No,1,Yes,Yes,No,No internet service,No internet service,No internet service,No internet service,No internet service,No internet service,Two year,Yes,Bank transfer (automatic),28.42,27.59,No
6219-FXTKC,Female,0,Yes,Yes,72,Yes,Yes,DSL,Yes,Yes,Yes,Yes,Yes,No,Month-to-month,No,Mailed check,64.74,4708.45,No
2374-GKXDO,Male,0,Yes,Yes,41,Yes,No,No,No internet service,No internet service,No internet service,No internet service,No internet service,No internet service,One year,Yes,Mailed check,26.51,1114.14,No
4125-BQSYN,Male,0,Yes,Yes,60,Yes,No,Fiber optic,No,No,No,No,Yes,No,Two year,No,Mailed check,75.58,4598.57,No
3928-WGRYA,Female,0,Yes,No,56,Yes,Yes,No,No internet service,No internet service,No internet service,No internet service,No internet service,No internet service,Two year,No,Mailed check,18.29,1070.52,No
9325-FMGDS,Male,0,No,No,55,Yes,No,DSL,Yes,Yes,No,No,No,No,One year,Yes,Electronic check,63.15,3359.96,No
5339-NMTZN,Female,0,No,No,50,Yes,No,DSL,Yes,Yes,Yes,No,No,Yes,Two year,Yes,Credit card (automatic),57.35,2898.71,No
2400-IMCFF,Male,0,No,No,17,Yes,No,DSL,No,No,Yes,Yes,No,No,Month-to-month,Yes,Credit card (automatic),63.04,1093.33,No
9755-KWONY,Female,0,No,Yes,40,Yes,Yes,Fiber optic,Yes,No,Yes,No,Yes,Yes,Month-to-month,Yes,Credit card (automatic),80.52,3314.66,No
7226-GHRAD,Female,0,Yes,No,26,Yes,No,Fiber optic,No,Yes,Yes,Yes,No,Yes,One year,Yes,Electronic check,78.5,2043.07,No
1668-SLATR,Male,0,Yes,No,57,No,No phone service,DSL,No,Yes,No,No,No,No,One year,Yes,Mailed check,59.42,3407.32,No
7467-EWEOO,Female,0,Yes,Yes,49,Yes,No,No,No internet service,No internet service,No internet service,No internet service,No internet service,No internet service,Two year,Yes,Mailed check,18.25,934.01,No
2968-JBMRI,Male,0,Yes,No,8,Yes,No,No,No internet service,No internet service,No internet service,No internet service,No internet service,No internet service,Month-to-month,No,Credit card (automatic),28.61,236.76,No
5839-YGHDO,Female,0,Yes,No,37,No,No phone service,DSL,No,No,No,No,No,Yes,Month-to-month,Yes,Bank transfer (automatic),52.9,2029.6,No
2834-WHREI,Female,0,No,No,38,Yes,No,Fiber optic,Yes,Yes,Yes,No,Yes,Yes,Month-to-month,Yes,Mailed check,78.58,3103.71,Yes
2540-OACNO,Male,1,No,No,4,Yes,No,DSL,No,Yes,No,Yes,No,No,Month-to-month,Yes,Electronic check,57.69,237.85,No
3967-LKTLW,Female,0,Yes,No,55,Yes,Yes,No,No internet service,No internet service,No internet service,No internet service,No internet service,No internet service,Two year,No,Electronic check,25.93,1387.95,No
2953-FKCRK,Male,1,No,Yes,32,Yes,Yes,Fiber optic,Yes,Yes,Yes,No,Yes,No,Month-to-month,Yes,Bank transfer (automatic),93.66,2870.87,Yes
4297-NCJZQ,Male,0,Yes,Yes,10,Yes,Yes,No,No internet service,No internet service,No internet service,No internet service,No internet service,No internet service,Month-to-month,No,Mailed check,28.01,292.79,Yes
6165-NMYYK,Female,1,No,No,19,Yes,Yes,Fiber optic,No,Yes,Yes,Yes,No,No,Month-to-month,No,Mailed check,89.69,1752.98,No
9321-CIHSP,Male,0,No,No,29,Yes,Yes,Fiber optic,No,No,Yes,Yes,No,Yes,Month-to-month,No,Bank transfer (automatic),87.39,2658.6,Yes
5253-GNGMI,Male,0,No,No,41,Yes,Yes,DSL,Yes,Yes,Yes,No,No,Yes,Month-to-month,No,Bank transfer (automatic),61.29,2486.93,No
8996-TEYRJ,Female,0,No,Yes,50,Yes,No,DSL,No,No,Yes,No,No,Yes,Two year,No,Credit card (automatic),57.63,2941.5,No
5773-FBKUJ,Male,1,No,No,72,Yes,Yes,Fiber optic,No,No,No,No,Yes,No,Two year,Yes,Mailed check,80.61,5914.56,No
4457-ZZMBR,Female,0,Yes,No,44,Yes,Yes,Fiber optic,No,No,Yes,No,Yes,Yes,One year,Yes,Electronic check,81.93,3574.05,No
7431-XYQCG,Female,0,Yes,Yes,4,Yes,Yes,No,No internet service,No internet service,No internet service,No internet service,No internet service,No internet service,Month-to-month,No,Credit card (automatic),31.37,126.23,No
7449-PLKSK,Female,0,Yes,Yes,0,Yes,No,Fiber optic,No,No,No,No,Yes,No,Month-to-month,Yes,Electronic check,97.01, ,Yes
2392-ZJHBM,Male,0,No,No,28,Yes,No,DSL,No,No,No,No,Yes,Yes,Month-to-month,No,Mailed check,58.09,1641.82,No
9874-EGECP,Male,0,Yes,Yes,24,Yes,Yes,Fiber optic,No,Yes,No,Yes,No,No,One year,No,Credit card (automatic),84.38,1974.77,Yes
3683-TKQCI,Male,0,Yes,Yes,4,Yes,Yes,DSL,No,No,No,Yes,No,Yes,Month-to-month,Yes,Bank transfer (automatic),60.57,237.73,Yes
4725-BKMKN,Female,0,Yes,Yes,30,Yes,Yes,Fiber optic,Yes,Yes,Yes,Yes,Yes,Yes,Month-to-month,No,Electronic check,80.64,2404.09,No
8174-UAQXW,Female,0,No,No,60,Yes,No,DSL,Yes,No,No,No,Yes,No,Two year,Yes,Electronic check,48.23,3016.34,No
3909-UUJWQ,Male,0,Yes,No,23,Yes,No,Fiber optic,Yes,No,Yes,Yes,No,Yes,One year,Yes,Mailed check,91.57,2182.88,No
7759-TUYWK,Male,0,No,Yes,29,Yes,Yes,DSL,Yes,No,Yes,Yes,No,No,Month-to-month,No,Credit card (automatic),63.34,1883.08,Yes
6057-QWKIT,Female,0,No,No,35,Yes,Yes,Fiber optic,No,No,Yes,No,No,No,One year,No,Credit card (automatic),86.62,2914.97,No
9586-XDXUE,Male,0,No,Yes,12,Yes,Yes,Fiber optic,No,Yes,Yes,Yes,Yes,No,Month-to-month,No,Credit card (automatic),80.01,926.18,Yes
1058-FYTOQ,Male,0,Yes,No,36,Yes,No,DSL,Yes,Yes,Yes,No,No,Yes,Month-to-month,No,Mailed check,64.03,2261.28,No
4719-XEIFW,Male,0,Yes,Yes,72,Yes,No,DSL,No,No,No,Yes,Yes,No,Two year,No,Bank transfer (automatic),53.23,3721.39,No
5859-RXFZD,Male,0,Yes,No,6,Yes,No,DSL,No,No,Yes,Yes,Yes,Yes,Month-to-month,No,Mailed check,61.94,366.69,Yes
7787-SVEYU,Female,1,No,No,8,Yes,No,No,No internet service,No internet service,No internet service,No internet service,No internet service,No internet service,Month-to-month,Yes,Mailed check,18.97,152.75,Yes
1995-OVMJH,Male,0,No,No,36,Yes,Yes,No,No internet service,No internet service,No internet service,No internet service,No internet service,No internet service,One year,Yes,Credit card (automatic),19.22,670.29,No
5642-ZPSUU,Male,0,No,Yes,31,Yes,Yes,Fiber optic,Yes,Yes,No,Yes,No,No,Month-to-month,Yes,Credit card (automatic),82.75,2507.05,Yes
4603-TIPHY,Male,0,No,No,24,Yes,No,No,No internet service,No internet service,No internet service,No internet service,No internet service,No internet service,One year,Yes,Electronic check,23.17,566.07,No
7570-PLNUH,Female,0,No,No,62,Yes,No,DSL,Yes,No,No,No,No,Yes,Two year,Yes,Bank transfer (automatic),69.76,4164.36,No
8455-HDTSI,Male,0,Yes,No,25,Yes,No,DSL,Yes,No,No,No,Yes,Yes,Month-to-month,No,Bank transfer (automatic),49.83,1244.99,No
6838-SUYWL,Female,0,Yes,No,3,Yes,Yes,Fiber optic,No,No,No,No,Yes,No,Month-to-month,No,Bank transfer (automatic),86.23,245.93,Yes
3071-CORRA,Female,0,Yes,No,26,Yes,No,No,No internet service,No internet service,No internet service,No internet service,No internet service,No internet service,Month-to-month,Yes,Credit card (automatic),31.46,792.13,No
7311-USNAM,Male,0,No,No,30,Yes,Yes,DSL,Yes,Yes,Yes,No,Yes,Yes,Month-to-month,Yes,Credit card (automatic),56.0,1698.67,No
6802-OONOI,Male,0,No,Yes,31,Yes,Yes,No,No internet service,No internet service,No internet service,No internet service,No internet service,No internet service,Two year,No,Credit card (automatic),23.35,755.7,No
6444-HMKSX,Male,0,Yes,Yes,33,Yes,No,DSL,No,Yes,Yes,Yes,No,Yes,Month-to-month,No,Mailed check,64.36,2037.53,No
6698-DRIBE,Female,0,No,No,14,Yes,Yes,Fiber optic,No,No,No,No,No,Yes,Month-to-month,No,Mailed check,77.52,1088.73,No
9993-LFDQT,Female,0,No,No,57,Yes,Yes,Fiber optic,No,Yes,No,Yes,Yes,Yes,One year,No,Mailed check,83.16,4957.57,Yes
4177-CJRCG,Male,0,No,No,72,Yes,Yes,Fiber optic,Yes,No,No,No,No,No,Two year,Yes,Electronic check,82.26,6208.94,No
1018-MEFCS,Male,0,No,No,36,Yes,No,Fiber optic,No,Yes,Yes,Yes,No,No,Two year,No,Electronic check,85.3,2997.62,No
5405-YKFFY,Male,0,Yes,No,39,Yes,Yes,DSL,Yes,No,No,Yes,Yes,No,Month-to-month,No,Mailed check,61.0,2428.81,No
6306-IROCS,Female,0,No,No,34,Yes,Yes,Fiber optic,Yes,Yes,Yes,Yes,Yes,No,One year,Yes,Bank transfer (automatic),82.44,2710.19,Yes
2072-FSLFB,Female,0,No,No,42,Yes,No,No,No internet service,No internet service,No internet service,No internet service,No internet service,No internet service,Month-to-month,Yes,Credit card (automatic),24.79,1011.95,No
6342-SFKIX,Male,0,Yes,Yes,72,Yes,Yes,DSL,No,No,No,Yes,Yes,No,Two year,No,Bank transfer (automatic),57.38,4265.3,No
8117-HNYID,Female,0,No,Yes,62,Yes,Yes,DSL,Yes,Yes,No,No,No,No,Two year,Yes,Electronic check,64.8,4157.03,Yes
3684-PZIBE,Female,1,No,No,24,Yes,Yes,DSL,No,Yes,Yes,Yes,No,No,One year,Yes,Credit card (automatic),61.24,1533.55,No
4712-CARVG,Male,1,No,No,28,Yes,Yes,Fiber optic,Yes,Yes,No,Yes,No,Yes,One year,No,Bank transfer (automatic),83.81,2260.12,Yes
5703-ORZXI,Male,0,No,Yes,13,Yes,No,DSL,Yes,Yes,Yes,Yes,No,Yes,One year,Yes,Credit card (automatic),69.25,899.63,Yes
9780-AZDCD,Female,0,No,No,30,Yes,No,Fiber optic,Yes,No,No,Yes,No,Yes,One year,Yes,Credit card (automatic),87.95,2590.81,No
2098-MQTAH,Male,0,Yes,No,15,Yes,Yes,DSL,Yes,Yes,Yes,Yes,No,Yes,Month-to-month,No,Electronic check,56.9,843.1,Yes
2190-DTQFH,Male,0,Yes,No,35,Yes,No,No,No internet service,No internet service,No internet service,No internet service,No internet service,No internet service,One year,Yes,Mailed check,38.15,1379.69,No
9323-OGYFH,Female,0,No,No,60,Yes,No,No,No internet service,No internet service,No internet service,No internet service,No internet service,No internet service,Two year,Yes,Credit card (automatic),22.71,1400.62,No
7234-NBUFR,Male,0,No,No,17,Yes,No,Fiber optic,No,Yes,No,Yes,No,Yes,One year,Yes,Credit card (automatic),98.66,1752.77,Yes
4009-TXUXO,Male,0,No,No,8,Yes,No,No,No internet service,No internet service,No internet service,No internet service,No internet service,No internet service,Month-to-month,No,Mailed check,18.25,150.56,No
1585-NLSGS,Male,1,No,No,39,Yes,No,No,No internet service,No internet service,No internet service,No internet service,No internet service,No internet service,Month-to-month,No,Credit card (automatic),22.07,866.55,No
4974-RKJFV,Female,0,Yes,No,7,Yes,No,Fiber optic,No,No,No,Yes,Yes,Yes,One year,Yes,Mailed check,82.39,588.59,No
1618-GLEXI,Female,0,Yes,No,72,Yes,No,Fiber optic,No,No,Yes,No,No,Yes,Month-to-month,Yes,Credit card (automatic),81.99,6134.44,Yes
3181-GERMG,Male,1,No,Yes,20,Yes,Yes,No,No internet service,No internet service,No internet service,No internet service,No internet service,No internet service,Month-to-month,Yes,Electronic check,23.31,450.39,No
8858-RKNRD,Male,1,Yes,No,14,Yes,No,DSL,Yes,Yes,No,No,No,No,Month-to-month,No,Mailed check,63.11,881.54,Yes
8274-GANWT,Female,0,Yes,No,2,Yes,Yes,DSL,Yes,No,No,No,Yes,Yes,Month-to-month,Yes,Electronic check,56.9,111.78,No
3775-KPGVH,Male,0,No,Yes,16,Yes,No,Fiber optic,No,Yes,No,No,No,No,Month-to-month,Yes,Credit card (automatic),83.55,1352.13,Yes
2949-CSAUZ,Female,0,No,Yes,13,Yes,No,DSL,Yes,Yes,No,No,Yes,Yes,Month-to-month,Yes,Electronic check,61.93,780.65,No
1999-CYDKW,Male,0,No,No,58,No,No phone service,DSL,Yes,Yes,Yes,Yes,Yes,No,Two year,No,Credit card (automatic),74.37,4242.98,No
2250-RJLYQ,Male,0,Yes,No,14,Yes,Yes,Fiber optic,Yes,No,No,Yes,No,No,Month-to-month,Yes,Mailed check,92.64,1310.68,No
3874-YPCKG,Male,0,Yes,No,3,Yes,Yes,DSL,Yes,No,No,Yes,No,Yes,Month-to-month,No,Electronic check,63.77,198.69,Yes
6781-WBUXZ,Male,1,No,No,12,Yes,No,No,No internet service,No internet service,No internet service,No internet service,No internet service,No internet service,Month-to-month,No,Bank transfer (automatic),33.93,407.21,Yes
6949-IDYKI,Male,0,Yes,No,26,Yes,Yes,No,No internet service,No internet service,No internet service,No internet service,No internet service,No internet service,One year,No,Bank transfer (automatic),18.25,493.89,No
7604-SVWWE,Male,0,Yes,Yes,45,Yes,No,Fiber optic,Yes,No,No,Yes,No,No,Two year,No,Credit card (automatic),74.17,3323.71,No
2526-FQPWV,Female,0,No,No,35,Yes,Yes,DSL,No,No,No,Yes,Yes,Yes,One year,No,Mailed check,58.79,1980.81,No
8319-CSWZI,Male,0,No,No,57,Yes,No,DSL,No,No,Yes,Yes,Yes,No,Two year,Yes,Mailed check,53.63,3065.22,No
7989-KEIGX,Female,1,Yes,Yes,40,Yes,Yes,Fiber optic,Yes,Yes,No,No,No,Yes,Month-to-month,Yes,Credit card (automatic),86.38,3468.92,No
2580-DPOOD,Female,0,No,No,17,Yes,Yes,DSL,Yes,No,Yes,No,Yes,Yes,Month-to-month,No,Mailed check,65.41,1097.73,Yes
5486-YCUDG,Male,0,No,No,36,Yes,No,Fiber optic,Yes,No,Yes,No,No,Yes,Two year,Yes,Electronic check,81.81,2900.74,No
9082-HNJPK,Female,0,No,No,47,Yes,No,DSL,Yes,Yes,Yes,No,No,No,Month-to-month,No,Credit card (automatic),55.41,2486.16,Yes
4994-VOOUL,Male,1,No,No,8,Yes,Yes,Fiber optic,Yes,No,Yes,No,Yes,Yes,Month-to-month,No,Credit card (automatic),91.35,738.67,No
8411-SWLOD,Male,0,Yes,No,18,No,No phone service,No,No internet service,No internet service,No internet service,No internet service,No internet service,No internet service,Month-to-month,No,Electronic check,18.25,317.4,No
2001-CQIHP,Male,0,Yes,No,42,Yes,No,No,No internet service,No internet service,No internet service,No internet service,No internet service,No internet service,Two year,Yes,Bank transfer (automatic),23.29,999.71,No
4585-DOODH,Male,0,No,Yes,13,Yes,No,DSL,No,No,No,No,Yes,Yes,Month-to-month,No,Electronic check,54.01,703.93,Yes
3135-SGAGM,Female,0,Yes,Yes,72,No,No phone service,DSL,Yes,No,No,Yes,No,Yes,Two year,Yes,Credit card (automatic),54.73,3817.55,No
7923-BWIIA,Male,1,No,Yes,0,Yes,Yes,Fiber optic,No,Yes,No,No,Yes,Yes,One year,Yes,Bank transfer (automatic),80.94, ,No
3486-MQTNC,Female,0,No,No,18,Yes,Yes,DSL,No,No,Yes,Yes,Yes,Yes,Month-to-month,Yes,Mailed check,58.84,1079.42,Yes
4522-TQPNN,Female,0,Yes,No,5,Yes,No,Fiber optic,Yes,Yes,Yes,Yes,Yes,No,Month-to-month,Yes,Bank transfer (automatic),84.71,434.11,No
9936-PPIMS,Male,1,Yes,No,15,Yes,No,Fiber optic,No,Yes,Yes,Yes,No,Yes,Month-to-month,No,Bank transfer (automatic),94.65,1446.58,No
8721-URUAH,Male,0,Yes,No,10,Yes,Yes,Fiber optic,Yes,No,No,No,No,Yes,Month-to-month,Yes,Credit card (automatic),89.54,865.84,Yes
3187-RTDFM,Female,0,No,No,16,No,No phone service,Fiber optic,Yes,Yes,Yes,No,No,Yes,Month-to-month,Yes,Electronic check,76.22,1235.27,Yes
9713-AWFGQ,Male,0,Yes,No,5,Yes,No,Fiber optic,No,No,No,No,No,No,Month-to-month,Yes,Electronic check,79.84,414.33,Yes
7558-WABMO,Male,1,No,No,31,Yes,No,DSL,No,Yes,Yes,No,Yes,Yes,One year,Yes,Credit card (automatic),62.6,1920.3,Yes
3347-QGYER,Female,1,No,No,21,Yes,Yes,Fiber optic,No,No,Yes,Yes,Yes,No,Month-to-month,Yes,Bank transfer (automatic),73.84,1595.87,Yes
5772-CPDOQ,Male,0,No,Yes,63,Yes,Yes,No,No internet service,No internet service,No internet service,No internet service,No internet service,No internet service,Two year,No,Credit card (automatic),18.25,1093.61,No
1649-FHYFX,Female,0,Yes,Yes,19,Yes,Yes,No,No internet service,No internet service,No internet service,No internet service,No internet service,No internet service,Month-to-month,No,Bank transfer (automatic),25.9,472.84,No
5805-YVHOS,Female,0,Yes,No,61,Yes,Yes,Fiber optic,Yes,Yes,Yes,No,No,No,Two year,No,Credit card (automatic),82.41,4835.57,No
1705-RLAWG,Male,0,No,No,30,Yes,Yes,DSL,Yes,Yes,No,No,No,No,One year,Yes,Electronic check,68.51,2109.02,Yes
8866-FOJXY,Female,0,Yes,No,59,Yes,Yes,Fiber optic,No,No,Yes,Yes,No,Yes,Two year,Yes,Electronic check,82.14,4919.91,No
7929-VTHXN,Male,1,No,No,33,Yes,Yes,Fiber optic,Yes,No,No,Yes,No,Yes,One year,Yes,Mailed check,87.85,2771.13,Yes
4090-ESHQB,Female,0,Yes,No,38,Yes,No,Fiber optic,Yes,No,Yes,No,Yes,No,Month-to-month,No,Bank transfer (automatic),85.91,3284.84,Yes
6712-QNRZV,Female,0,Yes,No,60,Yes,Yes,DSL,Yes,No,No,No,No,No,One year,Yes,Credit card (automatic),59.89,3529.59,No
4955-WYEJT,Female,0,Yes,No,61,Yes,No,Fiber optic,No,Yes,No,No,Yes,No,Two year,No,Mailed check,76.32,4520.43,No
5634-DMJTN,Male,0,Yes,Yes,0,Yes,No,DSL,No,Yes,No,No,No,Yes,One year,No,Credit card (automatic),59.65, ,No
2259-BHEWH,Female,0,Yes,Yes,19,Yes,No,No,No internet service,No internet service,No internet service,No internet service,No internet service,No internet service,Two year,Yes,Mailed check,18.25,348.69,No
6709-DLYQH,Female,0,Yes,Yes,13,No,No phone service,DSL,No,Yes,No,No,Yes,Yes,Month-to-month,Yes,Electronic check,50.8,658.84,Yes
7728-NGZYO,Male,0,Yes,No,66,No,No phone service,DSL,No,Yes,Yes,Yes,Yes,Yes,Two year,Yes,Mailed check,47.23,3160.83,No
1298-KNYTF,Male,1,Yes,No,72,Yes,Yes,Fiber optic,Yes,No,Yes,No,No,Yes,Two year,No,Electronic check,90.31,6613.06,No
5589-EMNNL,Male,0,Yes,No,59,Yes,Yes,Fiber optic,Yes,No,No,No,Yes,Yes,Two year,Yes,Electronic check,82.31,4682.56,No
4934-UNBTQ,Female,0,Yes,No,37,No,No phone service,Fiber optic,Yes,No,Yes,Yes,Yes,Yes,One year,No,Mailed check,71.97,2676.6,No
7260-SEZZD,Male,0,No,No,72,Yes,Yes,DSL,No,No,No,Yes,Yes,Yes,Two year,No,Bank transfer (automatic),52.58,3729.17,No
2970-GZYGQ,Male,0,No,No,34,Yes,No,Fiber optic,No,No,No,No,No,No,One year,No,Electronic check,88.94,2986.77,No
3190-AFCWU,Female,0,No,No,19,Yes,No,Fiber optic,Yes,No,No,No,Yes,No,Month-to-month,Yes,Mailed check,87.55,1583.17,Yes
2658-OFOXW,Male,0,No,Yes,52,Yes,No,No,No internet service,No internet service,No internet service,No internet service,No internet service,No internet service,Two year,No,Bank transfer (automatic),18.25,910.47,No
8496-GEEDP,Male,0,No,Yes,21,Yes,No,Fiber optic,Yes,No,No,No,Yes,Yes,Month-to-month,Yes,Bank transfer (automatic),86.48,1740.0,Yes
6925-WCGSR,Male,0,Yes,No,61,Yes,Yes,DSL,Yes,Yes,Yes,No,Yes,Yes,Two year,No,Credit card (automatic),56.26,3272.9,No
4846-DMENX,Male,1,No,Yes,8,Yes,No,Fiber optic,No,No,No,Yes,No,No,Month-to-month,Yes,Bank transfer (automatic),87.66,667.92,Yes
2761-DTAZU,Female,0,Yes,No,21,Yes,No,Fiber optic,No,Yes,Yes,Yes,Yes,Yes,Month-to-month,No,Electronic check,73.68,1570.45,No
4629-JKKVU,Male,0,No,No,32,Yes,No,DSL,Yes,Yes,No,Yes,Yes,Yes,Month-to-month,Yes,Mailed check,60.03,1972.82,Yes
2841-EOQSI,Female,0,No,No,38,Yes,Yes,No,No internet service,No internet service,No internet service,No internet service,No internet service,No internet service,One year,Yes,Mailed check,27.02,1016.85,No
5341-CLRHI,Male,0,No,No,37,Yes,No,DSL,No,No,No,No,No,No,Month-to-month,Yes,Electronic check,69.19,2558.61,No
5160-WPXBW,Male,1,No,Yes,39,Yes,No,DSL,Yes,Yes,No,No,Yes,Yes,One year,Yes,Bank transfer (automatic),55.68,2265.5,Yes
1393-ILGZX,Female,1,No,No,19,Yes,No,DSL,No,No,No,No,Yes,No,Month-to-month,Yes,Credit card (automatic),54.03,1025.79,Yes
6140-LTSMV,Female,0,No,No,35,Yes,Yes,DSL,Yes,No,No,Yes,Yes,No,One year,Yes,Electronic check,52.73,1923.09,No
2736-HADFQ,Male,0,No,No,22,Yes,No,No,No internet service,No internet service,No internet service,No internet service,No internet service,No internet service,Month-to-month,No,Credit card (automatic),19.56,449.39,No
8698-PLHCP,Female,0,No,No,53,Yes,No,Fiber optic,Yes,No,Yes,Yes,Yes,No,Month-to-month,Yes,Electronic check,90.72,4663.95,Yes
2267-UKJAG,Female,1,Yes,No,12,Yes,Yes,DSL,Yes,No,Yes,Yes,Yes,No,Month-to-month,Yes,Mailed check,53.9,674.73,Yes
1120-SMUOY,Female,1,Yes,No,62,Yes,Yes,No,No internet service,No internet service,No internet service,No internet service,No internet service,No internet service,Month-to-month,Yes,Credit card (automatic),26.52,1600.73,No
8053-DDXGT,Female,0,No,No,52,Yes,No,Fiber optic,Yes,No,No,No,No,Yes,Two year,Yes,Electronic check,84.44,4337.25,No
6656-SGIOA,Female,0,No,No,45,Yes,No,Fiber optic,Yes,Yes,No,Yes,Yes,No,Month-to-month,No,Bank transfer (automatic),75.96,3541.46,Yes
3804-NFHZH,Male,0,No,No,44,Yes,Yes,DSL,No,Yes,No,No,Yes,No,Two year,Yes,Mailed check,63.08,2741.52,No
9120-YRDFY,Female,0,Yes,No,59,No,No phone service,No,No internet service,No internet service,No internet service,No internet service,No internet service,No internet service,One year,No,Electronic check,25.4,1486.18,No
1013-NPVXH,Female,0,No,No,3,Yes,No,Fiber optic,No,No,Yes,No,No,Yes,Month-to-month,Yes,Mailed check,79.63,240.64,Yes
5522-QZODY,Male,0,Yes,No,40,Yes,Yes,DSL,No,No,Yes,Yes,No,No,Two year,Yes,Electronic check,58.74,2374.39,No
5611-EEFSY,Male,0,Yes,Yes,61,No,No phone service,Fiber optic,No,Yes,Yes,No,Yes,No,Two year,Yes,Electronic check,75.63,4590.17,No
4971-CXQOB,Male,0,No,No,32,Yes,Yes,DSL,Yes,No,Yes,Yes,No,Yes,Month-to-month,Yes,Electronic check,52.84,1624.89,No
9734-CPPNO,Female,0,Yes,No,42,Yes,Yes,DSL,Yes,No,No,No,Yes,No,One year,No,Mailed check,62.41,2701.93,No
4580-OJMRT,Male,0,No,Yes,19,Yes,No,DSL,No,Yes,No,Yes,Yes,No,Month-to-month,No,Electronic check,59.64,1124.88,Yes
2379-ZCHJI,Female,0,Yes,Yes,3,Yes,No,Fiber optic,No,No,Yes,No,Yes,No,Month-to-month,No,Credit card (automatic),84.16,265.04,Yes
4166-ILTVJ,Male,0,No,No,23,Yes,No,No,No internet service,No internet service,No internet service,No internet service,No internet service,No internet service,Month-to-month,No,Bank transfer (automatic),18.25,422.23,No
3325-RBLFP,Male,0,Yes,No,35,Yes,Yes,Fiber optic,No,No,Yes,Yes,No,No,Month-to-month,Yes,Credit card (automatic),85.03,2866.82,No
1704-VHNOM,Male,0,No,Yes,1,Yes,Yes,Fiber optic,No,No,Yes,No,No,No,Month-to-month,No,Bank transfer (automatic),90.65,93.11,Yes
5031-GUNFG,Male,0,No,Yes,11,Yes,Yes,DSL,Yes,Yes,Yes,No,Yes,No,Month-to-month,Yes,Electronic check,56.32,613.79,No
4947-VYKKD,Female,0,No,No,7,No,No phone service,DSL,No,No,Yes,Yes,No,Yes,Month-to-month,Yes,Electronic check,49.62,352.82,Yes
5910-GVNFX,Female,0,Yes,Yes,70,Yes,No,Fiber optic,Yes,Yes,Yes,No,Yes,No,One year,Yes,Bank transfer (automatic),87.26,6332.78,No
8338-HDGJK,Female,1,Yes,Yes,26,Yes,Yes,No,No internet service,No internet service,No internet service,No internet service,No internet service,No internet service,Month-to-month,Yes,Bank transfer (automatic),18.25,466.7,No
8399-ZTVDD,Female,0,No,No,32,Yes,No,Fiber optic,No,Yes,No,No,No,Yes,Month-to-month,No,Electronic check,68.13,2257.32,No
9172-PGUET,Female,0,Yes,No,18,Yes,No,DSL,Yes,Yes,Yes,No,No,Yes,Month-to-month,No,Bank transfer (automatic),60.92,1068.86,No
8947-MRTWP,Female,1,No,No,1,Yes,Yes,DSL,No,No,Yes,Yes,No,No,Month-to-month,No,Electronic check,56.34,58.56,No
3641-FJBSJ,Female,0,No,No,47,Yes,Yes,DSL,Yes,No,No,No,Yes,Yes,One year,Yes,Mailed check,63.72,2964.18,No
7403-BIKCV,Male,0,No,No,72,Yes,No,DSL,Yes,Yes,Yes,Yes,Yes,Yes,One year,No,Electronic check,60.32,4203.83,No
6377-VUAWB,Female,1,Yes,Yes,26,Yes,No,Fiber optic,Yes,Yes,Yes,No,Yes,No,Month-to-month,Yes,Bank transfer (automatic),86.87,2338.81,No
8839-RVMED,Male,0,No,No,53,Yes,Yes,DSL,Yes,Yes,Yes,Yes,Yes,Yes,One year,Yes,Bank transfer (automatic),60.74,3218.97,No
2068-UNFDC,Male,0,Yes,No,5,Yes,No,DSL,Yes,Yes,Yes,No,Yes,No,Month-to-month,No,Bank transfer (automatic),64.97,331.32,No
3322-TXPZK,Female,0,Yes,No,42,No,No phone service,Fiber optic,No,No,No,Yes,Yes,No,Month-to-month,Yes,Bank transfer (automatic),96.79,4024.83,Yes
3992-SDXUA,Male,0,Yes,No,37,Yes,Yes,DSL,No,No,No,No,No,Yes,One year,Yes,Credit card (automatic),57.43,2096.76,No
2684-QTFTM,Male,1,Yes,No,40,Yes,Yes,DSL,Yes,No,Yes,No,No,No,One year,Yes,Mailed check,58.81,2343.88,No
7076-LLKEE,Male,0,No,Yes,33,Yes,No,No,No internet service,No internet service,No internet service,No internet service,No internet service,No internet service,One year,Yes,Credit card (automatic),18.25,618.72,No
2508-ULJWX,Female,0,Yes,No,45,Yes,Yes,No,No internet service,No internet service,No internet service,No internet service,No internet service,No internet service,Two year,No,Credit card (automatic),23.43,1011.61,No
3105-JKVRO,Female,0,No,No,23,Yes,Yes,No,No internet service,No internet service,No internet service,No internet service,No internet service,No internet service,Month-to-month,No,Credit card (automatic),24.96,568.59,No
3115-KASXU,Female,0,Yes,No,61,Yes,Yes,DSL,No,No,Yes,No,Yes,Yes,Two year,No,Electronic check,57.52,3521.33,No
3783-MYLVP,Male,0,No,No,45,Yes,Yes,No,No internet service,No internet service,No internet service,No internet service,No internet service,No internet service,Two year,No,Bank transfer (automatic),25.49,1197.77,No
5489-PFLHT,Female,0,Yes,Yes,18,Yes,No,Fiber optic,No,Yes,No,Yes,Yes,No,Month-to-month,No,Bank transfer (automatic),83.68,1561.46,No
6510-KVLYP,Female,0,No,No,61,Yes,Yes,DSL,Yes,Yes,No,Yes,Yes,No,Two year,No,Credit card (automatic),61.39,3677.88,No
8970-ZIGVG,Male,1,Yes,No,8,Yes,No,DSL,Yes,Yes,Yes,No,No,No,Month-to-month,Yes,Electronic check,57.44,461.03,No
7768-EWRNL,Male,0,No,No,72,Yes,No,DSL,No,No,Yes,No,Yes,No,Two year,No,Credit card (automatic),50.29,3677.13,No
6734-KKFEX,Female,0,Yes,No,55,Yes,No,DSL,No,Yes,No,Yes,No,Yes,Two year,Yes,Mailed check,64.03,3351.08,No
7742-LVPPC,Male,0,Yes,No,31,No,No phone service,DSL,No,Yes,No,Yes,Yes,No,Month-to-month,No,Bank transfer (automatic),52.99,1568.52,No
5843-CRBNJ,Female,0,No,No,24,Yes,Yes,DSL,No,Yes,No,No,No,No,Month-to-month,No,Bank transfer (automatic),64.54,1535.07,No
2177-MFGXJ,Male,0,No,No,70,Yes,Yes,DSL,Yes,Yes,Yes,Yes,No,No,One year,Yes,Electronic check,57.65,3925.0,No
4635-AHJSD,Female,0,No,Yes,23,Yes,No,DSL,Yes,Yes,No,Yes,No,No,Month-to-month,Yes,Mailed check,51.5,1146.18,No
9367-DQAVS,Male,0,No,Yes,45,Yes,Yes,Fiber optic,Yes,Yes,Yes,No,No,No,One year,Yes,Bank transfer (automatic),81.01,3670.8,No
8537-YVQVC,Female,1,Yes,Yes,23,Yes,No,No,No internet service,No internet service,No internet service,No internet service,No internet service,No internet service,Month-to-month,No,Mailed check,18.25,436.95,No
6806-ZJZNM,Female,0,No,No,11,Yes,No,DSL,No,No,Yes,No,Yes,No,Month-to-month,Yes,Credit card (automatic),54.13,579.71,No
3700-CWSKY,Male,0,No,No,10,Yes,Yes,No,No internet service,No internet service,No internet service,No internet service,No internet service,No internet service,Month-to-month,Yes,Electronic check,23.07,236.12,No
2654-ULQAP,Male,0,Yes,No,63,Yes,No,No,No internet service,No internet service,No internet service,No internet service,No internet service,No internet service,Two year,No,Mailed check,18.25,1115.53,No
7111-ZIBBD,Male,1,Yes,No,40,Yes,No,Fiber optic,Yes,No,Yes,Yes,Yes,Yes,One year,No,Bank transfer (automatic),81.54,3356.11,No
3694-VFDAJ,Female,0,No,Yes,72,Yes,No,Fiber optic,No,Yes,No,No,Yes,Yes,One year,Yes,Credit card (automatic),77.18,5313.66,No
6430-HMGUA,Female,0,Yes,No,57,Yes,Yes,Fiber optic,Yes,Yes,Yes,Yes,Yes,No,Two year,Yes,Electronic check,86.32,5048.77,No
2806-OVKBO,Female,0,No,Yes,28,Yes,No,No,No internet service,No internet service,No internet service,No internet service,No internet service,No internet service,Two year,Yes,Bank transfer (automatic),18.25,487.23,No
3433-HXYGP,Male,0,Yes,No,4,Yes,Yes,No,No internet service,No internet service,No internet service,No internet service,No internet service,No internet service,Month-to-month,No,Credit card (automatic),26.48,110.81,No
5866-YYJAA,Female,0,Yes,No,7,Yes,Yes,Fiber optic,No,No,No,No,No,No,Month-to-month,No,Credit card (automatic),82.1,577.71,Yes
1041-UTVDB,Male,0,Yes,Yes,18,Yes,Yes,No,No internet service,No internet service,No internet service,No internet service,No internet service,No internet service,Month-to-month,Yes,Mailed check,20.57,360.38,No
2533-QARXD,Male,1,No,No,35,Yes,No,No,No internet service,No internet service,No internet service,No internet service,No internet service,No internet service,One year,No,Credit card (automatic),23.78,811.96,No
7648-OYGFA,Male,0,No,No,6,Yes,Yes,Fiber optic,Yes,No,No,Yes,Yes,No,Month-to-month,Yes,Mailed check,85.1,485.79,Yes
7345-WAMSU,Female,0,Yes,Yes,53,Yes,No,DSL,No,No,No,No,No,Yes,Two year,No,Mailed check,45.45,2435.09,No
9371-SXZYL,Female,1,No,No,13,Yes,No,Fiber optic,Yes,Yes,Yes,Yes,Yes,Yes,Month-to-month,Yes,Credit card (automatic),86.5,1086.94,Yes
4662-LYHTQ,Female,0,No,Yes,26,Yes,Yes,DSL,No,Yes,Yes,No,No,No,Month-to-month,Yes,Credit card (automatic),69.53,1867.15,No
1555-MFSLJ,Female,0,Yes,No,41,Yes,No,Fiber optic,No,No,Yes,Yes,Yes,No,One year,No,Credit card (automatic),74.71,3055.24,No
1590-DTWHV,Female,0,Yes,Yes,21,Yes,No,DSL,Yes,No,Yes,Yes,No,No,One year,No,Credit card (automatic),70.57,1471.76,No
5967-JLRXM,Female,0,No,No,7,Yes,Yes,Fiber optic,Yes,No,Yes,No,No,No,Month-to-month,Yes,Bank transfer (automatic),88.37,623.99,Yes
4119-TNKLN,Male,0,No,Yes,53,Yes,No,DSL,Yes,Yes,No,Yes,No,Yes,One year,No,Bank transfer (automatic),55.43,3028.69,No
2261-BRENU,Male,0,Yes,No,72,Yes,No,DSL,Yes,No,Yes,No,Yes,No,Two year,No,Bank transfer (automatic),60.58,4298.71,No
2934-JZATE,Male,0,No,Yes,27,Yes,No,No,No internet service,No internet service,No internet service,No internet service,No internet service,No internet service,Month-to-month,Yes,Electronic check,21.35,582.11,No
9150-KASDJ,Male,1,No,No,68,Yes,No,Fiber optic,No,Yes,Yes,No,Yes,No,Two year,Yes,Bank transfer (automatic),83.81,5880.88,No
5520-TKWMI,Female,0,No,No,72,Yes,Yes,DSL,No,No,Yes,Yes,Yes,No,Month-to-month,Yes,Bank transfer (automatic),70.06,5113.42,No
4033-URDTK,Male,0,Yes,Yes,12,Yes,Yes,Fiber optic,No,Yes,No,No,No,No,Month-to-month,Yes,Credit card (automatic),86.23,1000.34,Yes
4139-CZBZB,Male,0,Yes,Yes,61,Yes,No,DSL,Yes,No,Yes,Yes,Yes,Yes,Two year,Yes,Credit card (automatic),58.1,3443.91,No
5547-CMVPO,Female,0,No,Yes,67,Yes,No,DSL,No,No,No,Yes,No,No,Two year,Yes,Electronic check,62.32,4019.65,No
2070-YJNXQ,Male,1,No,No,1,Yes,No,DSL,No,Yes,No,No,Yes,Yes,One year,Yes,Mailed check,51.57,52.85,Yes
7613-ELOEK,Male,0,No,No,2,Yes,Yes,No,No internet service,No internet service,No internet service,No internet service,No internet service,No internet service,Month-to-month,Yes,Credit card (automatic),34.52,67.02,Yes
8482-YVYZF,Female,0,No,No,40,Yes,No,No,No internet service,No internet service,No internet service,No internet service,No internet service,No internet service,Month-to-month,No,Mailed check,23.63,920.1,No
8698-QWQDO,Female,0,Yes,No,13,No,No phone service,No,No internet service,No internet service,No internet service,No internet service,No internet service,No internet service,Month-to-month,No,Mailed check,18.55,230.5,No
7842-DNRMU,Female,0,No,Yes,42,Yes,No,Fiber optic,Yes,No,Yes,No,Yes,Yes,One year,No,Bank transfer (automatic),84.28,3539.16,No
2142-IYNED,Male,0,No,No,45,Yes,No,Fiber optic,No,Yes,Yes,No,Yes,No,One year,Yes,Mailed check,80.02,3637.75,No
6337-YBCJF,Female,1,Yes,No,69,No,No phone service,DSL,Yes,Yes,Yes,No,No,No,Two year,Yes,Bank transfer (automatic),49.9,3331.44,No
2089-HQVHS,Female,0,Yes,Yes,7,Yes,Yes,Fiber optic,Yes,Yes,Yes,Yes,Yes,No,Month-to-month,Yes,Bank transfer (automatic),84.97,595.41,Yes
8407-AWERT,Female,0,No,No,46,Yes,No,Fiber optic,No,Yes,Yes,No,Yes,Yes,One year,Yes,Mailed check,80.92,3810.68,No
8606-KRALZ,Female,0,Yes,Yes,41,Yes,Yes,No,No internet service,No internet service,No internet service,No internet service,No internet service,No internet service,One year,Yes,Credit card (automatic),18.25,756.3,No
2426-DSNLG,Female,0,No,No,49,Yes,No,No,No internet service,No internet service,No internet service,No internet service,No internet service,No internet service,One year,Yes,Credit card (automatic),30.93,1464.76,No
2541-TJULK,Female,0,Yes,No,59,No,No phone service,No,No internet service,No internet service,No internet service,No internet service,No internet service,No internet service,Two year,Yes,Bank transfer (automatic),18.25,1115.02,No
3070-RHXKV,Male,0,No,No,52,Yes,Yes,No,No internet service,No internet service,No internet service,No internet service,No internet service,No internet service,Two year,Yes,Bank transfer (automatic),18.25,939.31,No
5229-KLLMX,Female,0,No,No,8,Yes,No,No,No internet service,No internet service,No internet service,No internet service,No internet service,No internet service,Month-to-month,Yes,Electronic check,29.78,248.19,Yes
7326-ABARF,Female,0,Yes,No,52,Yes,No,DSL,Yes,No,No,Yes,No,Yes,Two year,No,Bank transfer (automatic),58.24,3138.77,No
4467-VDDCH,Female,0,Yes,No,43,Yes,Yes,DSL,No,Yes,Yes,No,No,No,Two year,Yes,Mailed check,67.33,2935.73,No
1806-QTENH,Female,0,No,No,10,Yes,No,Fiber optic,No,No,No,Yes,Yes,No,Month-to-month,No,Electronic check,89.81,898.26,Yes
1722-MSFUZ,Female,0,No,No,30,Yes,No,DSL,No,Yes,Yes,Yes,No,No,One year,Yes,Credit card (automatic),65.69,2043.65,No
1506-EHWDM,Female,0,Yes,No,12,Yes,No,No,No internet service,No internet service,No internet service,No internet service,No internet service,No internet service,One year,No,Credit card (automatic),34.03,412.17,No
5835-DBDBN,Male,0,No,Yes,11,Yes,No,Fiber optic,Yes,No,Yes,Yes,Yes,Yes,Month-to-month,No,Bank transfer (automatic),81.48,900.85,Yes
9428-JGGZY,Male,0,No,No,47,Yes,Yes,DSL,No,No,No,No,Yes,No,Two year,Yes,Electronic check,59.23,2746.13,No
6836-MEYAE,Female,0,Yes,No,60,Yes,No,Fiber optic,Yes,No,Yes,No,Yes,No,Two year,Yes,Mailed check,83.21,5139.56,No
7107-ECPAH,Female,0,No,No,10,No,No phone service,Fiber optic,No,No,No,No,No,Yes,Month-to-month,Yes,Mailed check,84.03,871.08,Yes
6783-ETCPB,Female,0,Yes,Yes,8,Yes,Yes,Fiber optic,Yes,No,Yes,Yes,Yes,No,Month-to-month,Yes,Mailed check,79.6,643.21,Yes
7585-TUHGZ,Male,0,Yes,No,3,Yes,No,DSL,No,No,Yes,No,No,Yes,Month-to-month,Yes,Bank transfer (automatic),65.42,198.03,Yes
7564-EAJRJ,Male,1,Yes,No,61,Yes,No,Fiber optic,No,No,No,Yes,No,Yes,Two year,No,Bank transfer (automatic),83.47,5207.19,No
8268-NZWMV,Male,0,Yes,Yes,4,Yes,No,DSL,Yes,Yes,No,Yes,No,No,Month-to-month,No,Bank transfer (automatic),66.03,268.39,No
5032-AIKZV,Male,0,No,Yes,31,No,No phone service,Fiber optic,No,Yes,No,Yes,No,Yes,One year,Yes,Electronic check,83.45,2624.98,Yes
2319-ANNTG,Female,0,No,No,25,Yes,No,Fiber optic,Yes,Yes,No,No,Yes,Yes,One year,Yes,Bank transfer (automatic),82.15,2030.2,No
8308-KIKYK,Female,0,No,No,20,Yes,Yes,No,No internet service,No internet service,No internet service,No internet service,No internet service,No internet service,Month-to-month,Yes,Bank transfer (automatic),34.88,686.99,Yes
6044-XANSX,Male,0,Yes,No,15,Yes,No,DSL,Yes,Yes,Yes,Yes,No,Yes,Month-to-month,Yes,Electronic check,65.6,964.28,No
1553-SUJTM,Female,0,Yes,Yes,67,Yes,No,No,No internet service,No internet service,No internet service,No internet service,No internet service,No internet service,Two year,Yes,Mailed check,18.25,1241.6,No
6922-KEVFE,Male,0,No,Yes,23,Yes,No,Fiber optic,Yes,Yes,No,No,No,No,Month-to-month,No,Credit card (automatic),70.56,1682.32,No
8973-YPPJP,Female,1,Yes,No,8,Yes,No,No,No internet service,No internet service,No internet service,No internet service,No internet service,No internet service,Month-to-month,No,Electronic check,18.93,147.8,No
6482-NROWR,Female,0,Yes,No,19,Yes,Yes,Fiber optic,Yes,Yes,No,Yes,No,Yes,Month-to-month,No,Bank transfer (automatic),82.84,1597.69,No
4466-RFFVP,Male,0,Yes,Yes,26,Yes,No,No,No internet service,No internet service,No internet service,No internet service,No internet service,No internet service,Month-to-month,Yes,Bank transfer (automatic),31.8,827.93,No
1483-JZQWO,Female,0,Yes,No,1,Yes,Yes,DSL,No,No,Yes,Yes,Yes,No,Month-to-month,No,Electronic check,57.96,58.2,Yes
1383-ECTTL,Female,0,Yes,Yes,15,Yes,No,DSL,Yes,No,Yes,No,No,Yes,Month-to-month,No,Mailed check,58.03,849.63,No
7519-OTRLQ,Female,1,No,No,22,Yes,Yes,DSL,Yes,No,Yes,Yes,Yes,No,Month-to-month,Yes,Bank transfer (automatic),61.7,1410.46,No
3867-TXFRC,Male,0,Yes,No,20,No,No phone service,DSL,Yes,No,No,Yes,Yes,No,Month-to-month,No,Bank transfer (automatic),63.88,1222.33,No
4397-RHGJC,Male,0,No,Yes,30,Yes,No,Fiber optic,Yes,No,No,No,Yes,Yes,One year,No,Credit card (automatic),85.21,2484.87,Yes
6628-DIIZZ,Male,0,Yes,No,9,Yes,No,Fiber optic,No,No,No,No,No,Yes,Month-to-month,Yes,Mailed check,81.52,757.64,Yes
1713-ETHQX,Female,0,Yes,No,12,Yes,Yes,Fiber optic,No,No,No,No,No,No,Month-to-month,Yes,Mailed check,76.26,934.59,Yes
2465-ZBFNW,Female,0,No,No,48,Yes,No,No,No internet service,No internet service,No internet service,No internet service,No internet service,No internet service,Two year,Yes,Bank transfer (automatic),18.25,843.26,No
5984-DGTOA,Male,0,Yes,No,45,Yes,Yes,DSL,Yes,Yes,No,No,Yes,No,One year,No,Electronic check,51.04,2248.69,No
5513-KAGYS,Male,0,Yes,No,70,Yes,No,DSL,Yes,Yes,No,Yes,No,Yes,Two year,Yes,Mailed check,62.97,4197.61,No
1637-AIMLS,Female,0,No,No,72,Yes,No,DSL,No,No,Yes,Yes,No,Yes,Two year,No,Bank transfer (automatic),61.93,4395.52,No
2560-BRXEJ,Male,0,Yes,Yes,3,Yes,Yes,Fiber optic,Yes,Yes,Yes,No,Yes,Yes,Month-to-month,Yes,Bank transfer (automatic),86.57,265.46,Yes
6639-EWFNI,Female,0,No,No,47,Yes,No,DSL,Yes,No,Yes,No,No,Yes,One year,No,Bank transfer (automatic),65.29,3071.18,No
7006-FCNWQ,Male,0,No,No,61,Yes,No,DSL,No,Yes,No,Yes,No,Yes,Two year,No,Bank transfer (automatic),61.01,3767.55,No
7799-LDLZU,Female,0,No,Yes,24,Yes,Yes,Fiber optic,Yes,No,No,Yes,No,Yes,Month-to-month,Yes,Credit card (automatic),77.32,1907.79,No
7331-HPQRX,Male,0,No,No,14,Yes,No,DSL,No,No,No,No,No,Yes,Month-to-month,Yes,Credit card (automatic),56.01,816.08,Yes
7133-FFQWY,Female,0,No,No,17,Yes,Yes,No,No internet service,No internet service,No internet service,No internet service,No internet service,No internet service,Month-to-month,Yes,Credit card (automatic),25.68,424.88,No
6486-NVZAI,Male,1,No,No,72,Yes,No,No,No internet service,No internet service,No internet service,No internet service,No internet service,No internet service,Two year,Yes,Bank transfer (automatic),22.66,1696.0,No
4004-OHIAA,Male,1,Yes,No,4,Yes,Yes,No,No internet service,No internet service,No internet service,No internet service,No internet service,No internet service,Month-to-month,Yes,Mailed check,18.25,76.57,No
5049-ZHGGZ,Male,1,Yes,Yes,72,Yes,Yes,Fiber optic,No,Yes,No,Yes,No,Yes,Two year,No,Bank transfer (automatic),78.73,5908.56,No
6973-QEXFZ,Male,0,No,No,56,Yes,No,Fiber optic,No,No,No,Yes,Yes,No,One year,Yes,Electronic check,91.43,5121.82,No
9571-OWZPT,Male,0,No,No,30,Yes,Yes,DSL,No,No,No,Yes,Yes,No,One year,Yes,Electronic check,61.33,1843.46,No
6315-NIRGF,Female,0,No,No,58,Yes,No,No,No internet service,No internet service,No internet service,No internet service,No internet service,No internet service,Month-to-month,No,Electronic check,25.67,1454.89,No
3478-AYGUL,Female,1,No,No,12,No,No phone service,DSL,No,Yes,Yes,No,Yes,No,Month-to-month,No,Electronic check,50.15,627.93,No
4054-FVNLR,Female,1,No,No,11,Yes,No,Fiber optic,No,No,No,No,Yes,No,Month-to-month,No,Credit card (automatic),74.37,841.35,Yes
8222-RMXXZ,Male,0,No,Yes,37,Yes,No,DSL,Yes,No,Yes,No,Yes,No,One year,No,Credit card (automatic),60.39,2265.72,No
1818-XFQRF,Male,0,Yes,No,30,Yes,Yes,No,No internet service,No internet service,No internet service,No internet service,No internet service,No internet service,One year,No,Electronic check,27.21,779.94,No
1073-YXEPD,Female,0,Yes,Yes,47,Yes,Yes,Fiber optic,Yes,No,Yes,Yes,No,Yes,Month-to-month,Yes,Bank transfer (automatic),74.36,3655.15,No
6098-ITOMR,Male,0,Yes,No,6,No,No phone service,DSL,No,No,Yes,No,No,Yes,Month-to-month,No,Credit card (automatic),60.11,363.76,No
5281-APUME,Female,0,No,No,48,Yes,No,DSL,No,Yes,Yes,Yes,Yes,Yes,One year,No,Credit card (automatic),57.08,2862.21,No
1070-HTIYI,Male,0,No,No,8,Yes,Yes,DSL,Yes,Yes,No,No,No,Yes,Month-to-month,No,Mailed check,62.09,513.72,Yes
4848-TPBBF,Male,0,No,Yes,64,Yes,No,No,No internet service,No internet service,No internet service,No internet service,No internet service,No internet service,Two year,No,Bank transfer (automatic),25.26,1582.42,No
8843-ABUQZ,Male,0,No,No,21,Yes,No,DSL,Yes,No,No,Yes,Yes,No,Month-to-month,No,Mailed check,59.46,1290.59,No
2976-RDPCX,Male,0,Yes,Yes,72,Yes,No,Fiber optic,No,No,Yes,Yes,Yes,No,Two year,Yes,Electronic check,98.92,6858.91,No
4743-GZBUN,Male,1,No,Yes,11,Yes,No,DSL,Yes,No,Yes,Yes,No,No,Month-to-month,No,Bank transfer (automatic),63.35,713.66,No
7187-GWLKL,Male,0,Yes,No,13,No,No phone service,Fiber optic,No,No,Yes,No,No,Yes,Month-to-month,Yes,Electronic check,78.18,1023.81,Yes
3667-IDMMJ,Female,0,Yes,Yes,4,Yes,No,Fiber optic,No,No,No,Yes,Yes,Yes,Month-to-month,Yes,Mailed check,86.8,360.18,No
9869-CXWAS,Female,0,No,No,1,Yes,No,No,No internet service,No internet service,No internet service,No internet service,No internet service,No internet service,Month-to-month,Yes,Mailed check,22.6,22.5,No
2882-BWDHC,Female,0,No,No,31,Yes,Yes,Fiber optic,No,Yes,No,Yes,Yes,No,Month-to-month,No,Electronic check,87.86,2641.99,No
2277-BVBTE,Female,1,No,Yes,3,Yes,Yes,Fiber optic,Yes,Yes,Yes,No,Yes,No,Month-to-month,No,Bank transfer (automatic),84.64,250.47,Yes
9233-WQVHU,Male,0,Yes,No,45,Yes,Yes,DSL,No,Yes,Yes,No,Yes,Yes,Month-to-month,No,Credit card (automatic),59.12,2530.63,No
2994-PXSHT,Male,0,No,No,22,Yes,No,Fiber optic,Yes,Yes,No,No,Yes,No,Month-to-month,No,Electronic check,81.3,1805.12,No
8949-XTTUT,Female,0,Yes,No,12,Yes,Yes,No,No internet service,No internet service,No internet service,No internet service,No internet service,No internet service,Month-to-month,Yes,Electronic check,24.06,274.37,No
2203-UEOIF,Male,0,Yes,No,67,No,No phone service,Fiber optic,Yes,No,No,No,No,Yes,Two year,No,Mailed check,78.06,5347.52,No
3536-CLKKC,Female,0,Yes,No,56,Yes,Yes,Fiber optic,No,No,Yes,Yes,No,Yes,Two year,No,Mailed check,90.23,4803.29,No
6460-EWABH,Male,0,Yes,No,14,Yes,Yes,Fiber optic,No,No,Yes,Yes,No,No,Month-to-month,No,Mailed check,85.57,1151.7,No
4670-ZNJVG,Male,0,Yes,No,15,Yes,Yes,No,No internet service,No internet service,No internet service,No internet service,No internet service,No internet service,Month-to-month,Yes,Bank transfer (automatic),18.25,275.77,No
9072-KIHAR,Female,0,Yes,No,31,Yes,No,Fiber optic,No,No,No,No,No,Yes,Month-to-month,Yes,Mailed check,92.93,2874.39,Yes
6195-QQAWN,Female,0,No,No,38,Yes,Yes,Fiber optic,Yes,No,No,No,No,No,Two year,Yes,Mailed check,86.3,3350.75,No
7222-ATRJY,Male,0,Yes,No,61,Yes,No,Fiber optic,Yes,No,Yes,No,No,No,Two year,Yes,Bank transfer (automatic),98.05,5749.44,No
6855-XVFZT,Female,1,Yes,No,61,Yes,No,DSL,Yes,Yes,No,Yes,No,No,Two year,Yes,Mailed check,59.66,3601.64,No
2707-ULWEG,Female,0,No,Yes,20,Yes,No,No,No internet service,No internet service,No internet service,No internet service,No internet service,No internet service,One year,No,Bank transfer (automatic),31.94,657.02,No
4128-LQFSA,Male,0,No,No,20,Yes,No,DSL,Yes,Yes,Yes,No,Yes,No,One year,Yes,Credit card (automatic),64.56,1244.26,No
3978-RGLPG,Female,0,Yes,No,7,Yes,No,DSL,Yes,No,Yes,Yes,Yes,No,Month-to-month,Yes,Credit card (automatic),61.15,446.89,Yes
9678-WZMIZ,Male,0,Yes,No,28,Yes,No,Fiber optic,No,No,No,Yes,No,Yes,Month-to-month,Yes,Electronic check,91.03,2671.33,No
7555-UEWNU,Female,0,Yes,Yes,22,Yes,Yes,Fiber optic,No,No,Yes,Yes,No,Yes,Two year,Yes,Bank transfer (automatic),81.92,1731.78,No
8424-CCBQX,Male,0,Yes,No,36,Yes,No,DSL,Yes,Yes,No,No,Yes,No,Month-to-month,No,Electronic check,60.81,2126.28,Yes
1270-DMKCP,Male,1,Yes,No,4,Yes,Yes,Fiber optic,Yes,No,Yes,No,No,No,Month-to-month,Yes,Bank transfer (automatic),76.5,306.06,Yes
9148-FAFEM,Male,0,No,Yes,15,Yes,No,Fiber optic,Yes,Yes,Yes,Yes,Yes,No,Two year,Yes,Mailed check,81.7,1224.19,No
1965-JDRMB,Male,0,Yes,No,46,Yes,Yes,Fiber optic,No,Yes,No,No,No,No,Two year,Yes,Mailed check,77.66,3581.49,No
1393-MPEIP,Male,1,No,Yes,9,Yes,No,Fiber optic,Yes,No,Yes,No,No,No,Month-to-month,No,Bank transfer (automatic),83.29,783.2,Yes
5240-DKFYU,Male,0,Yes,No,37,Yes,Yes,DSL,Yes,Yes,Yes,Yes,No,No,Month-to-month,Yes,Bank transfer (automatic),63.73,2287.3,Yes
3807-GDTXH,Female,0,Yes,Yes,7,Yes,No,No,No internet service,No internet service,No internet service,No internet service,No internet service,No internet service,Month-to-month,No,Credit card (automatic),27.4,189.08,No
6757-GXHCW,Female,0,Yes,No,27,Yes,Yes,No,No internet service,No internet service,No internet service,No internet service,No internet service,No internet service,Month-to-month,Yes,Bank transfer (automatic),26.34,691.96,No
9508-KXGHN,Female,0,No,No,5,Yes,No,Fiber optic,Yes,Yes,No,Yes,No,Yes,Month-to-month,Yes,Credit card (automatic),87.4,442.57,Yes
6403-KUUDZ,Male,0,No,No,60,Yes,No,Fiber optic,No,No,No,Yes,No,Yes,One year,No,Mailed check,97.72,6007.99,No
2432-NKLDI,Male,1,Yes,Yes,11,Yes,Yes,Fiber optic,No,No,No,No,No,No,Month-to-month,No,Credit card (automatic),80.36,858.77,No
1273-ZDMFE,Male,0,Yes,No,34,Yes,Yes,No,No internet service,No internet service,No internet service,No internet service,No internet service,No internet service,Two year,Yes,Mailed check,39.63,1382.88,No
4511-ZMYVL,Male,0,Yes,Yes,11,Yes,Yes,DSL,Yes,No,No,No,Yes,Yes,Month-to-month,No,Credit card (automatic),51.65,580.01,No
9109-JNRPV,Male,1,Yes,Yes,15,Yes,No,Fiber optic,No,No,Yes,Yes,Yes,Yes,Month-to-month,Yes,Credit card (automatic),69.03,1011.26,No
2465-MRIWH,Male,0,Yes,No,17,Yes,No,Fiber optic,No,Yes,Yes,Yes,Yes,No,Month-to-month,Yes,Mailed check,90.33,1468.13,No
3710-IRDDU,Female,0,No,No,59,Yes,Yes,DSL,Yes,Yes,No,No,No,Yes,One year,No,Credit card (automatic),60.51,3638.63,No
2865-CGKAV,Female,1,No,No,52,No,No phone service,Fiber optic,Yes,Yes,Yes,Yes,Yes,No,Two year,No,Electronic check,68.74,3629.26,No
2057-KFHBY,Female,0,Yes,No,3,Yes,Yes,No,No internet service,No internet service,No internet service,No internet service,No internet service,No internet service,Month-to-month,Yes,Mailed check,25.31,78.66,No
9435-DFXKB,Male,0,Yes,No,39,Yes,No,DSL,No,Yes,Yes,No,No,No,One year,Yes,Electronic check,57.55,2238.21,No
2222-KOQDJ,Female,0,Yes,Yes,20,Yes,No,DSL,No,No,No,No,Yes,No,Month-to-month,Yes,Electronic check,62.43,1244.64,No
3349-NIFVO,Female,0,No,No,20,No,No phone service,Fiber optic,Yes,No,No,Yes,Yes,No,Month-to-month,Yes,Credit card (automatic),76.52,1534.98,Yes
5265-DBUZP,Female,1,No,No,29,Yes,No,DSL,No,Yes,No,No,Yes,Yes,Month-to-month,Yes,Mailed check,67.82,2035.61,No
1351-MHBDM,Female,0,No,No,21,Yes,Yes,DSL,No,No,Yes,Yes,Yes,No,Month-to-month,Yes,Credit card (automatic),61.04,1269.07,Yes
4841-OSGHR,Female,1,No,No,50,Yes,Yes,No,No internet service,No internet service,No internet service,No internet service,No internet service,No internet service,Two year,Yes,Bank transfer (automatic),26.71,1282.22,No
2774-BWFDT,Female,0,Yes,No,28,Yes,Yes,Fiber optic,No,Yes,Yes,Yes,No,Yes,One year,Yes,Mailed check,81.89,2221.68,No
5785-DWGRQ,Female,0,Yes,No,45,Yes,Yes,DSL,No,Yes,No,No,No,No,Two year,Yes,Electronic check,64.18,2775.0,No
8465-SSBYD,Male,1,No,Yes,42,Yes,Yes,Fiber optic,No,Yes,No,No,No,No,Two year,Yes,Credit card (automatic),82.34,3306.86,No
3281-LHPBL,Male,1,Yes,No,54,Yes,Yes,DSL,No,Yes,Yes,No,No,No,Two year,Yes,Credit card (automatic),66.07,3444.01,No
4144-QNTEY,Male,1,Yes,No,23,Yes,No,DSL,Yes,Yes,Yes,Yes,Yes,No,Month-to-month,Yes,Mailed check,51.68,1181.36,Yes
4528-JOEVG,Male,0,No,No,5,Yes,No,Fiber optic,Yes,No,Yes,Yes,Yes,No,Month-to-month,Yes,Mailed check,83.75,431.42,Yes
9345-DWKPW,Female,0,No,No,22,Yes,No,DSL,Yes,Yes,Yes,No,Yes,No,Month-to-month,No,Bank transfer (automatic),56.52,1249.45,No
2162-JYDCN,Female,0,Yes,Yes,13,Yes,Yes,No,No internet service,No internet service,No internet service,No internet service,No internet service,No internet service,Month-to-month,No,Mailed check,19.1,247.88,No
1222-ZXEEU,Male,0,No,Yes,26,Yes,No,DSL,Yes,Yes,No,Yes,No,No,Month-to-month,Yes,Credit card (automatic),52.07,1291.79,No
5686-VZKGQ,Female,1,Yes,Yes,16,Yes,No,DSL,Yes,No,Yes,No,Yes,Yes,Month-to-month,Yes,Mailed check,54.84,869.2,No
6714-LHGNL,Male,1,Yes,No,72,Yes,No,Fiber optic,Yes,No,Yes,No,Yes,No,One year,Yes,Mailed check,85.18,6106.69,Yes
5117-CWSXV,Female,0,No,No,16,No,No phone service,No,No internet service,No internet service,No internet service,No internet service,No internet service,No internet service,Month-to-month,Yes,Mailed check,22.73,367.75,No
6568-HROYG,Female,0,Yes,Yes,8,Yes,No,DSL,No,Yes,No,Yes,No,No,Month-to-month,Yes,Bank transfer (automatic),64.83,531.01,Yes
1230-DERDD,Male,1,Yes,No,10,Yes,Yes,Fiber optic,No,Yes,No,Yes,No,No,Month-to-month,Yes,Bank transfer (automatic),80.33,810.22,Yes
4572-ULHHV,Male,0,No,No,38,Yes,No,Fiber optic,Yes,Yes,No,No,Yes,No,Month-to-month,Yes,Credit card (automatic),89.16,3446.62,Yes
4899-JUJJT,Female,0,No,No,23,Yes,Yes,No,No internet service,No internet service,No internet service,No internet service,No internet service,No internet service,Month-to-month,Yes,Credit card (automatic),24.64,539.7,No
3946-NRFDW,Male,0,Yes,Yes,12,Yes,Yes,DSL,No,No,Yes,No,No,No,Month-to-month,No,Credit card (automatic),64.02,748.26,Yes
3672-IPCBK,Male,0,Yes,Yes,50,Yes,Yes,No,No internet service,No internet service,No internet service,No internet service,No internet service,No internet service,Two year,No,Bank transfer (automatic),25.68,1259.56,Yes
9713-OPPWV,Female,1,No,No,53,Yes,No,DSL,Yes,Yes,Yes,No,No,Yes,One year,No,Credit card (automatic),55.61,3007.43,No
1217-OOFZG,Female,0,No,Yes,58,Yes,Yes,No,No internet service,No internet service,No internet service,No internet service,No internet service,No internet service,Two year,Yes,Electronic check,18.25,1037.3,No
8503-CPTNC,Female,0,Yes,No,8,Yes,Yes,DSL,Yes,No,No,Yes,No,No,Month-to-month,Yes,Credit card (automatic),52.84,422.69,Yes
2115-PWPCU,Male,0,Yes,No,72,Yes,Yes,Fiber optic,No,Yes,Yes,Yes,Yes,No,Two year,Yes,Mailed check,77.23,5676.84,No
5132-BJFZX,Male,0,Yes,No,21,Yes,Yes,Fiber optic,No,Yes,No,Yes,Yes,No,One year,Yes,Credit card (automatic),80.05,1664.34,No
1954-OALET,Male,1,Yes,Yes,57,Yes,Yes,Fiber optic,Yes,Yes,Yes,No,No,Yes,Two year,Yes,Electronic check,86.88,4916.64,No
1648-XGGXX,Female,0,Yes,Yes,38,Yes,No,Fiber optic,No,Yes,Yes,No,No,Yes,Month-to-month,Yes,Electronic check,88.97,3387.65,Yes
1863-CWZME,Male,0,Yes,No,71,No,No phone service,Fiber optic,No,No,No,No,No,No,Two year,Yes,Mailed check,84.4,6012.66,No
2373-GRCQU,Male,1,Yes,Yes,7,Yes,No,Fiber optic,No,Yes,Yes,No,No,No,Month-to-month,Yes,Electronic check,64.23,445.13,No
2292-ZZHCI,Male,0,Yes,No,13,Yes,Yes,No,No internet service,No internet service,No internet service,No internet service,No internet service,No internet service,Month-to-month,No,Bank transfer (automatic),22.22,302.71,No
3324-HYEIU,Male,0,No,No,19,No,No phone service,DSL,Yes,Yes,Yes,Yes,Yes,No,Month-to-month,No,Electronic check,53.41,1016.33,Yes
1517-BHZVY,Male,0,Yes,Yes,16,No,No phone service,DSL,Yes,Yes,Yes,Yes,No,No,Month-to-month,No,Credit card (automatic),52.5,863.79,Yes
8775-DKNEZ,Male,0,Yes,No,46,Yes,Yes,DSL,No,No,No,No,Yes,Yes,Two year,Yes,Electronic check,49.7,2272.65,No
6427-WGSCA,Female,0,Yes,No,33,Yes,Yes,No,No internet service,No internet service,No internet service,No internet service,No internet service,No internet service,Two year,Yes,Credit card (automatic),31.16,996.17,No
6764-BHUMJ,Male,1,No,No,28,Yes,Yes,Fiber optic,Yes,Yes,Yes,No,No,Yes,One year,No,Electronic check,93.92,2578.59,No
3614-RYTJK,Female,0,No,No,5,Yes,Yes,Fiber optic,No,No,Yes,Yes,No,Yes,Month-to-month,No,Electronic check,80.95,399.8,No
1927-DGKZW,Female,0,Yes,No,8,Yes,Yes,No,No internet service,No internet service,No internet service,No internet service,No internet service,No internet service,Month-to-month,No,Mailed check,38.28,314.75,Yes
2017-IBBJY,Female,1,No,Yes,17,Yes,Yes,Fiber optic,Yes,Yes,Yes,Yes,No,No,Month-to-month,No,Credit card (automatic),69.08,1222.73,Yes
2666-RKOWV,Female,0,Yes,No,57,Yes,Yes,DSL,Yes,Yes,No,Yes,No,No,One year,Yes,Bank transfer (automatic),53.38,3012.56,No
8453-KBZZW,Female,0,Yes,No,13,Yes,No,DSL,No,Yes,No,Yes,No,Yes,Month-to-month,Yes,Electronic check,58.4,747.16,Yes
5294-HEJIH,Female,0,Yes,No,38,Yes,No,DSL,No,No,No,Yes,No,No,One year,Yes,Mailed check,63.89,2307.47,No
9551-RFQSN,Female,0,No,No,12,Yes,Yes,Fiber optic,No,No,No,No,Yes,No,Month-to-month,No,Credit card (automatic),83.49,1040.82,No
9519-ZLMFU,Male,0,No,No,10,Yes,No,DSL,No,No,No,Yes,Yes,Yes,Month-to-month,No,Mailed check,53.44,529.02,No
9378-RFNUB,Female,0,Yes,No,6,Yes,Yes,No,No internet service,No internet service,No internet service,No internet service,No internet service,No internet service,Month-to-month,No,Credit card (automatic),29.43,178.76,Yes
6311-RNQXD,Male,1,No,No,12,Yes,Yes,Fiber optic,No,Yes,Yes,Yes,No,No,Month-to-month,No,Mailed check,86.49,1046.77,No
6135-UVMZI,Male,0,Yes,Yes,61,Yes,No,No,No internet service,No internet service,No internet service,No internet service,No internet service,No internet service,Two year,Yes,Credit card (automatic),21.76,1295.68,No
4965-VLIOQ,Female,0,Yes,No,35,Yes,Yes,Fiber optic,No,Yes,No,Yes,No,No,One year,Yes,Electronic check,80.74,2898.58,No
9728-QEBZK,Male,0,No,Yes,32,Yes,No,Fiber optic,No,Yes,Yes,No,No,Yes,One year,Yes,Mailed check,76.24,2523.58,No
2813-FCFUR,Male,0,No,No,5,Yes,No,Fiber optic,Yes,No,Yes,Yes,No,Yes,Month-to-month,Yes,Bank transfer (automatic),86.21,434.28,No
6397-ARZYK,Female,0,Yes,Yes,41,Yes,Yes,Fiber optic,Yes,Yes,No,Yes,Yes,No,Two year,No,Electronic check,75.87,3159.4,No
6401-HXXFM,Female,0,Yes,No,10,Yes,No,Fiber optic,Yes,No,No,Yes,Yes,Yes,Month-to-month,Yes,Mailed check,75.18,787.88,No
3125-PHSZW,Male,0,No,Yes,3,Yes,No,Fiber optic,Yes,Yes,No,No,Yes,No,Month-to-month,No,Electronic check,92.75,287.26,No
2639-DVCKZ,Male,0,No,No,6,Yes,No,No,No internet service,No internet service,No internet service,No internet service,No internet service,No internet service,One year,No,Electronic check,25.56,146.46,No
5032-AZSIP,Female,0,Yes,No,3,Yes,Yes,Fiber optic,No,No,Yes,No,No,Yes,Month-to-month,Yes,Credit card (automatic),78.68,235.61,Yes
6509-OYUGZ,Male,0,Yes,No,71,Yes,No,Fiber optic,No,No,No,No,No,No,Two year,Yes,Electronic check,71.45,5067.3,No
9661-BHPWS,Female,0,No,No,42,No,No phone service,No,No internet service,No internet service,No internet service,No internet service,No internet service,No internet service,Two year,Yes,Electronic check,20.68,909.66,No
6165-HCXNL,Male,0,No,No,27,Yes,No,DSL,No,Yes,No,No,Yes,No,Month-to-month,Yes,Credit card (automatic),60.09,1689.24,Yes
9818-EGWHY,Male,0,Yes,Yes,4,No,No phone service,DSL,No,No,Yes,Yes,No,Yes,Month-to-month,No,Bank transfer (automatic),61.67,256.74,No
8719-CLTMF,Male,0,Yes,No,2,Yes,Yes,Fiber optic,No,No,No,Yes,No,Yes,Month-to-month,No,Mailed check,68.88,136.99,Yes
1405-AEGHW,Male,1,No,No,50,Yes,No,DSL,Yes,Yes,Yes,No,No,Yes,One year,Yes,Bank transfer (automatic),55.48,2687.94,No
5577-DCDIT,Male,0,No,No,2,Yes,No,Fiber optic,Yes,Yes,Yes,Yes,No,No,Month-to-month,Yes,Bank transfer (automatic),86.3,173.5,Yes
1445-KLDBF,Female,0,Yes,No,52,Yes,Yes,Fiber optic,Yes,Yes,Yes,Yes,No,No,Two year,Yes,Electronic check,82.01,4076.4,No
2366-UXQTT,Female,0,No,No,12,No,No phone service,DSL,Yes,Yes,Yes,No,No,No,One year,No,Credit card (automatic),59.28,706.87,No
8897-CZLOU,Female,0,No,Yes,21,No,No phone service,Fiber optic,No,Yes,No,Yes,No,Yes,Month-to-month,Yes,Bank transfer (automatic),79.61,1672.81,Yes
5443-GAECJ,Female,0,No,No,4,Yes,No,DSL,No,No,No,Yes,No,Yes,Month-to-month,No,Electronic check,61.29,242.17,Yes
8009-IPEPY,Male,0,No,No,17,Yes,Yes,DSL,Yes,Yes,Yes,No,Yes,Yes,Month-to-month,No,Mailed check,63.67,1080.89,No
3838-MZPKD,Male,0,Yes,Yes,33,Yes,No,DSL,Yes,Yes,Yes,No,No,No,Month-to-month,Yes,Credit card (automatic),52.65,1782.34,Yes
9434-PBOZY,Female,0,Yes,No,61,Yes,Yes,DSL,No,Yes,No,Yes,No,No,Two year,Yes,Electronic check,62.04,3810.9,No
2761-KZUOH,Male,0,No,No,14,Yes,Yes,No,No internet service,No internet service,No internet service,No internet service,No internet service,No internet service,One year,No,Bank transfer (automatic),27.33,388.52,No
7864-PNYJQ,Male,1,No,No,36,Yes,Yes,Fiber optic,No,No,No,Yes,Yes,No,One year,Yes,Mailed check,95.63,3338.0,No
1391-SOWIY,Female,0,Yes,Yes,5,No,No phone service,DSL,Yes,No,No,No,Yes,Yes,Month-to-month,No,Credit card (automatic),42.47,211.1,No
6180-FEFHO,Male,0,Yes,No,72,Yes,Yes,No,No internet service,No internet service,No internet service,No internet service,No internet service,No internet service,Month-to-month,No,Credit card (automatic),22.63,1648.75,No
8813-ZRMPI,Female,0,Yes,No,29,Yes,Yes,Fiber optic,No,No,Yes,No,Yes,Yes,Month-to-month,No,Credit card (automatic),86.26,2527.17,No
3203-NVBCE,Female,0,Yes,Yes,53,Yes,Yes,Fiber optic,Yes,No,No,No,No,No,Two year,Yes,Electronic check,88.31,4755.31,No
2889-DDAJS,Male,0,No,No,33,Yes,No,Fiber optic,No,Yes,No,Yes,No,No,One year,No,Electronic check,81.73,2675.46,Yes
2412-IZEZN,Male,0,Yes,No,11,Yes,Yes,No,No internet service,No internet service,No internet service,No internet service,No internet service,No internet service,Month-to-month,Yes,Credit card (automatic),22.98,247.57,No
7516-IIKDI,Male,0,No,No,63,Yes,Yes,Fiber optic,Yes,Yes,Yes,Yes,No,No,Two year,Yes,Electronic check,81.64,5128.84,No
9048-AORDC,Female,0,Yes,No,7,Yes,Yes,Fiber optic,Yes,No,No,Yes,No,No,Month-to-month,No,Bank transfer (automatic),91.49,621.11,Yes
5971-FZEDI,Male,0,Yes,Yes,72,Yes,Yes,DSL,Yes,No,No,Yes,Yes,No,One year,No,Electronic check,59.73,4476.91,No
3987-ERJNG,Male,1,No,No,39,Yes,Yes,DSL,No,No,No,No,No,Yes,Two year,Yes,Credit card (automatic),55.72,2140.74,No
1867-BBWGH,Female,0,No,Yes,27,Yes,No,DSL,No,No,Yes,No,Yes,Yes,One year,No,Bank transfer (automatic),56.34,1564.68,No
6212-CPNUD,Female,0,Yes,Yes,57,Yes,Yes,Fiber optic,No,No,No,No,No,Yes,Two year,Yes,Credit card (automatic),78.53,4338.06,No
1153-UJBOM,Female,0,No,No,59,Yes,No,No,No internet service,No internet service,No internet service,No internet service,No internet service,No internet service,Two year,Yes,Credit card (automatic),30.02,1779.4,No
9557-YOETF,Female,0,No,No,35,No,No phone service,DSL,Yes,Yes,Yes,Yes,Yes,Yes,Month-to-month,No,Bank transfer (automatic),61.55,2071.92,No
8541-PJZNK,Male,0,No,No,22,Yes,No,No,No internet service,No internet service,No internet service,No internet service,No internet service,No internet service,One year,No,Mailed check,18.25,397.53,No
2700-QHDDQ,Female,0,Yes,No,20,No,No phone service,DSL,Yes,No,Yes,No,No,Yes,One year,Yes,Bank transfer (automatic),51.95,1014.91,No
9288-GFPDC,Male,0,Yes,No,24,Yes,No,No,No internet service,No internet service,No internet service,No internet service,No internet service,No internet service,Month-to-month,Yes,Bank transfer (automatic),28.39,673.62,Yes
6736-NAGFR,Female,0,No,No,62,Yes,Yes,DSL,Yes,No,Yes,No,No,Yes,Two year,No,Electronic check,61.54,3883.99,No
6990-TCWFZ,Female,0,Yes,Yes,40,Yes,No,Fiber optic,No,Yes,No,No,Yes,Yes,Two year,Yes,Bank transfer (automatic),81.22,3153.88,No
8846-LURUA,Female,0,No,No,6,Yes,No,Fiber optic,No,Yes,No,Yes,No,Yes,Month-to-month,Yes,Electronic check,88.05,553.68,No
1754-XUQIK,Male,0,Yes,No,14,Yes,No,No,No internet service,No internet service,No internet service,No internet service,No internet service,No internet service,Month-to-month,Yes,Mailed check,33.4,463.76,Yes
4537-LQTJV,Female,0,No,No,8,Yes,Yes,DSL,Yes,Yes,Yes,No,Yes,No,Month-to-month,No,Mailed check,55.72,432.05,Yes
1814-VRNJJ,Male,0,Yes,Yes,5,Yes,Yes,Fiber optic,No,Yes,No,Yes,No,Yes,Month-to-month,Yes,Electronic check,73.46,349.24,Yes
4243-YAQZO,Female,1,Yes,No,26,Yes,No,No,No internet service,No internet service,No internet service,No internet service,No internet service,No internet service,One year,Yes,Mailed check,24.44,635.65,No
6751-PNQXS,Male,0,No,No,24,No,No phone service,Fiber optic,No,Yes,No,No,No,Yes,One year,Yes,Credit card (automatic),71.49,1716.43,Yes
8645-OUWFW,Male,0,Yes,No,36,Yes,No,DSL,Yes,No,Yes,Yes,Yes,No,Month-to-month,No,Electronic check,64.3,2259.79,Yes
7179-LUESO,Male,0,Yes,Yes,19,Yes,Yes,Fiber optic,No,No,Yes,No,Yes,No,Month-to-month,Yes,Mailed check,76.81,1452.89,No
8991-QNNOX,Male,0,Yes,Yes,59,Yes,No,DSL,No,Yes,No,No,Yes,Yes,Month-to-month,No,Electronic check,71.81,4401.86,No
8065-CNHEW,Male,0,Yes,No,72,Yes,Yes,DSL,No,No,No,Yes,Yes,Yes,Two year,No,Electronic check,53.09,3682.61,No
8715-YKLUF,Male,0,Yes,Yes,65,Yes,No,Fiber optic,No,Yes,Yes,Yes,No,Yes,Two year,Yes,Mailed check,82.29,5479.18,No
1488-KQLFN,Male,0,No,No,31,Yes,No,Fiber optic,No,No,No,Yes,No,No,Month-to-month,Yes,Electronic check,84.21,2731.19,No
9482-HKIHR,Female,0,Yes,No,53,Yes,Yes,DSL,No,Yes,No,Yes,No,Yes,Month-to-month,Yes,Mailed check,56.1,3095.06,No
4371-QARCJ,Female,0,Yes,No,56,Yes,Yes,No,No internet service,No internet service,No internet service,No internet service,No internet service,No internet service,Two year,No,Bank transfer (automatic),23.93,1392.45,No
8852-ISJXY,Male,0,No,Yes,32,Yes,Yes,DSL,Yes,Yes,Yes,Yes,No,Yes,Month-to-month,Yes,Bank transfer (automatic),61.2,1947.81,No
9180-KIPVN,Male,1,No,No,30,Yes,No,Fiber optic,Yes,No,Yes,No,Yes,No,Two year,Yes,Mailed check,94.6,2785.19,Yes
7641-WTJGL,Female,0,Yes,Yes,22,Yes,Yes,Fiber optic,Yes,Yes,No,Yes,Yes,Yes,Month-to-month,Yes,Mailed check,85.12,1874.52,Yes
6175-VHEIP,Male,0,No,No,57,Yes,No,Fiber optic,Yes,Yes,Yes,Yes,No,Yes,Month-to-month,Yes,Credit card (automatic),83.42,4811.88,No
3088-KGZNS,Male,0,No,Yes,39,Yes,Yes,Fiber optic,Yes,No,Yes,Yes,No,Yes,One year,Yes,Mailed check,90.53,3470.59,No
5682-AGVNS,Male,0,No,Yes,4,Yes,No,No,No internet service,No internet service,No internet service,No internet service,No internet service,No internet service,Month-to-month,Yes,Mailed check,29.11,115.48,Yes
7854-OPGGD,Male,0,No,No,58,Yes,No,DSL,Yes,Yes,Yes,Yes,No,Yes,Two year,Yes,Bank transfer (automatic),67.46,4060.71,No
3678-QYLPW,Male,1,Yes,Yes,53,Yes,Yes,Fiber optic,Yes,Yes,No,Yes,No,No,Two year,Yes,Credit card (automatic),77.97,4027.47,No
7095-GHQHG,Female,0,Yes,No,15,Yes,Yes,DSL,Yes,No,Yes,No,No,Yes,Month-to-month,Yes,Mailed check,51.38,805.67,Yes
6326-QGBTK,Female,0,Yes,No,50,Yes,No,DSL,Yes,Yes,No,No,No,Yes,Month-to-month,No,Mailed check,70.34,3411.1,No
6696-EIPDI,Female,0,Yes,No,50,Yes,Yes,Fiber optic,Yes,No,No,Yes,No,No,One year,No,Bank transfer (automatic),86.04,4175.47,No
7469-UJCAO,Female,0,No,No,11,No,No phone service,DSL,No,Yes,No,Yes,Yes,No,One year,Yes,Credit card (automatic),51.75,581.13,No
7241-PKAFA,Male,0,Yes,Yes,64,Yes,Yes,Fiber optic,No,Yes,No,No,No,No,Month-to-month,Yes,Bank transfer (automatic),76.47,4801.81,No
5159-IBPJZ,Female,1,No,No,6,Yes,No,No,No internet service,No internet service,No internet service,No internet service,No internet service,No internet service,Month-to-month,Yes,Bank transfer (automatic),22.5,133.43,Yes
4756-CSSYS,Female,0,Yes,Yes,3,Yes,No,Fiber optic,No,Yes,Yes,Yes,Yes,Yes,Month-to-month,Yes,Bank transfer (automatic),94.34,273.43,Yes
4255-RUNUZ,Male,0,No,No,63,Yes,Yes,Fiber optic,Yes,No,No,Yes,Yes,Yes,Month-to-month,Yes,Mailed check,75.63,4684.4,No
7792-NMVWG,Male,1,Yes,No,41,Yes,No,Fiber optic,No,Yes,No,Yes,Yes,No,One year,No,Bank transfer (automatic),94.14,3803.45,No
1088-UGZAX,Male,0,No,No,46,Yes,No,DSL,Yes,No,Yes,Yes,Yes,Yes,Two year,No,Bank transfer (automatic),56.47,2664.11,No
7102-HAWDC,Male,0,Yes,Yes,60,Yes,No,Fiber optic,Yes,Yes,No,No,No,No,Two year,No,Electronic check,82.95,4815.62,No
8109-RDIRR,Female,1,Yes,No,24,Yes,No,No,No internet service,No internet service,No internet service,No internet service,No internet service,No internet service,One year,Yes,Credit card (automatic),25.12,593.06,No
4259-KCAZG,Male,0,Yes,No,59,Yes,No,DSL,Yes,No,Yes,Yes,Yes,Yes,Two year,Yes,Electronic check,60.9,3593.25,No
9343-BZLUV,Female,0,No,No,23,Yes,No,Fiber optic,No,No,Yes,No,Yes,Yes,Month-to-month,No,Electronic check,73.94,1731.88,Yes
4167-TIUYU,Male,0,Yes,No,51,Yes,No,Fiber optic,No,Yes,Yes,No,Yes,Yes,Month-to-month,Yes,Credit card (automatic),97.96,4988.21,Yes
7550-JCNDN,Male,1,Yes,Yes,7,Yes,No,Fiber optic,Yes,No,Yes,Yes,Yes,No,Month-to-month,Yes,Electronic check,87.39,612.47,No
8820-CXPBS,Male,0,Yes,No,63,Yes,Yes,Fiber optic,Yes,No,Yes,Yes,Yes,Yes,Month-to-month,No,Mailed check,87.99,5387.22,No
1000-PNTJD,Female,1,Yes,No,43,Yes,Yes,DSL,Yes,Yes,No,No,Yes,No,Two year,No,Electronic check,60.65,2615.52,No
4483-TYFJW,Male,0,No,Yes,41,Yes,Yes,Fiber optic,Yes,Yes,No,No,No,Yes,Two year,Yes,Credit card (automatic),84.61,3538.86,No
3816-GVMPM,Female,0,Yes,No,7,Yes,Yes,DSL,No,Yes,No,No,No,Yes,Month-to-month,Yes,Credit card (automatic),62.84,429.18,Yes
6424-GTJNE,Female,0,No,No,19,No,No phone service,DSL,No,Yes,Yes,Yes,Yes,No,Month-to-month,Yes,Bank transfer (automatic),57.15,1123.81,No
1101-ODXYI,Female,0,No,No,23,Yes,No,DSL,Yes,Yes,No,No,Yes,No,Month-to-month,No,Mailed check,54.73,1255.48,No
3599-NFWCL,Female,0,No,Yes,22,Yes,No,DSL,No,No,Yes,Yes,No,No,Month-to-month,Yes,Credit card (automatic),56.12,1176.68,No
2700-VDLVL,Female,0,No,Yes,57,Yes,Yes,DSL,Yes,No,No,Yes,Yes,Yes,One year,Yes,Mailed check,65.92,3928.77,No
2660-EPDJP,Male,1,No,No,41,Yes,Yes,DSL,Yes,No,Yes,No,Yes,Yes,Two year,Yes,Mailed check,68.51,2698.71,No
4415-VRDVX,Male,0,No,No,20,Yes,Yes,Fiber optic,Yes,No,Yes,Yes,Yes,Yes,Month-to-month,No,Mailed check,78.27,1563.35,No
2820-JKLMX,Female,0,No,No,30,Yes,No,DSL,Yes,No,No,No,No,No,Two year,No,Electronic check,58.64,1828.99,No
6861-XJNCH,Female,0,No,No,38,Yes,Yes,Fiber optic,No,No,Yes,No,Yes,Yes,One year,Yes,Mailed check,81.44,3226.36,No
6255-EYHEU,Female,0,Yes,No,72,Yes,Yes,DSL,Yes,Yes,No,Yes,Yes,Yes,Month-to-month,Yes,Bank transfer (automatic),65.36,4874.24,No
1810-IFSVF,Male,0,No,No,45,Yes,Yes,No,No internet service,No internet service,No internet service,No internet service,No internet service,No internet service,Month-to-month,Yes,Credit card (automatic),24.24,1075.04,No
4743-MRJNN,Male,1,Yes,No,2,No,No phone service,DSL,Yes,Yes,Yes,No,Yes,No,Month-to-month,Yes,Mailed check,53.08,103.01,Yes
1102-OOZNX,Female,0,No,Yes,59,Yes,No,Fiber optic,No,Yes,No,Yes,Yes,Yes,One year,Yes,Mailed check,78.3,4752.05,No
4141-SXDOX,Male,0,Yes,Yes,49,Yes,No,DSL,No,No,Yes,Yes,Yes,Yes,Two year,No,Electronic check,65.72,3318.04,No
6003-XKXQM,Male,0,No,No,72,Yes,No,No,No internet service,No internet service,No internet service,No internet service,No internet service,No internet service,One year,Yes,Electronic check,24.66,1855.98,No
2934-EHTMK,Male,0,Yes,No,60,Yes,No,Fiber optic,No,Yes,Yes,Yes,No,No,Two year,Yes,Electronic check,81.14,4817.62,No
5200-IUKMO,Male,0,Yes,No,5,Yes,No,No,No internet service,No internet service,No internet service,No internet service,No internet service,No internet service,Month-to-month,Yes,Bank transfer (automatic),24.58,120.99,Yes
6816-IBROQ,Female,0,Yes,Yes,4,Yes,Yes,DSL,No,Yes,Yes,Yes,Yes,No,Month-to-month,No,Mailed check,69.7,292.56,Yes
5891-NYBCY,Male,0,No,No,28,Yes,Yes,Fiber optic,No,Yes,Yes,No,No,No,Month-to-month,No,Credit card (automatic),84.75,2367.85,No
8980-KOLZL,Male,0,No,No,72,No,No phone service,DSL,Yes,No,No,Yes,Yes,No,Two year,Yes,Electronic check,64.13,4782.85,No
7838-JJRKA,Female,0,No,No,6,Yes,No,Fiber optic,Yes,Yes,No,Yes,Yes,No,Month-to-month,No,Bank transfer (automatic),77.39,464.56,No
2556-WJCYZ,Male,0,No,No,47,Yes,Yes,No,No internet service,No internet service,No internet service,No internet service,No internet service,No internet service,Two year,Yes,Credit card (automatic),25.95,1261.71,No
5496-QTBHO,Female,0,Yes,No,3,Yes,No,Fiber optic,Yes,Yes,Yes,No,No,Yes,Month-to-month,No,Mailed check,82.45,237.22,No
5947-IAYPT,Male,0,Yes,Yes,20,Yes,Yes,Fiber optic,No,No,Yes,No,Yes,No,Month-to-month,Yes,Credit card (automatic),99.11,1904.44,Yes
4935-NLLRZ,Female,1,Yes,No,53,Yes,No,Fiber optic,No,No,No,Yes,No,No,One year,Yes,Electronic check,83.18,4332.68,No
7995-RANYK,Male,0,Yes,Yes,51,Yes,No,DSL,Yes,Yes,No,No,No,No,One year,Yes,Electronic check,54.94,2873.34,No
5944-IESIP,Male,0,Yes,No,27,Yes,Yes,DSL,No,No,No,No,Yes,No,One year,Yes,Mailed check,62.23,1671.31,No
6341-WYOBP,Male,0,No,No,7,Yes,Yes,No,No internet service,No internet service,No internet service,No internet service,No internet service,No internet service,Month-to-month,Yes,Electronic check,28.41,193.35,Yes
8960-MOTLK,Male,0,Yes,No,9,Yes,Yes,Fiber optic,Yes,Yes,Yes,No,Yes,Yes,Month-to-month,No,Mailed check,92.44,814.54,Yes
5338-WMIPS,Female,0,Yes,No,25,Yes,Yes,No,No internet service,No internet service,No internet service,No internet service,No internet service,No internet service,One year,Yes,Mailed check,22.8,561.48,No
9213-XUTLI,Female,0,No,No,9,Yes,Yes,Fiber optic,Yes,No,No,No,No,No,Month-to-month,No,Credit card (automatic),91.13,824.59,Yes
6064-SNFAB,Female,0,Yes,No,6,Yes,Yes,DSL,No,No,No,Yes,No,No,Month-to-month,Yes,Credit card (automatic),61.17,380.18,Yes
4835-UUVSA,Female,1,No,Yes,22,Yes,No,Fiber optic,Yes,No,No,Yes,No,No,Month-to-month,Yes,Electronic check,86.26,1868.21,No
8949-YWLFX,Male,0,Yes,Yes,28,Yes,No,DSL,No,Yes,No,Yes,No,No,One year,Yes,Mailed check,64.28,1819.5,Yes
2666-UZXNV,Female,0,No,Yes,32,Yes,Yes,No,No internet service,No internet service,No internet service,No internet service,No internet service,No internet service,Month-to-month,Yes,Credit card (automatic),24.79,798.05,Yes
8476-ZJQVF,Male,0,Yes,Yes,12,Yes,Yes,DSL,Yes,No,No,No,Yes,Yes,Month-to-month,No,Electronic check,51.59,649.81,No
3029-KJTYE,Female,0,No,No,42,Yes,Yes,Fiber optic,No,Yes,No,Yes,Yes,No,Two year,Yes,Bank transfer (automatic),84.5,3667.71,No
3925-YPFPW,Male,0,No,No,6,Yes,Yes,No,No internet service,No internet service,No internet service,No internet service,No internet service,No internet service,Month-to-month,Yes,Mailed check,22.25,137.95,Yes
4364-MPVOY,Female,0,No,No,28,No,No phone service,DSL,Yes,No,No,No,No,Yes,Month-to-month,Yes,Mailed check,48.33,1326.1,Yes
7793-KMSBF,Male,1,No,Yes,34,Yes,Yes,Fiber optic,Yes,No,No,Yes,Yes,No,Month-to-month,Yes,Mailed check,84.31,2849.96,No
3143-UVVCH,Female,0,No,Yes,28,Yes,Yes,Fiber optic,Yes,Yes,Yes,No,Yes,Yes,Month-to-month,Yes,Bank transfer (automatic),77.55,2257.45,No
3808-AGLXE,Female,0,Yes,No,32,Yes,Yes,Fiber optic,No,No,No,Yes,Yes,No,One year,Yes,Mailed check,84.22,2702.43,No
8741-VEGLY,Male,0,No,Yes,18,Yes,No,DSL,No,No,Yes,No,Yes,Yes,Month-to-month,No,Electronic check,60.53,1087.78,Yes
8064-ZIXYP,Female,0,Yes,No,49,Yes,Yes,No,No internet service,No internet service,No internet service,No internet service,No internet service,No internet service,Month-to-month,Yes,Bank transfer (automatic),24.14,1166.26,No
2386-GDUIS,Male,0,Yes,No,15,Yes,No,DSL,No,Yes,No,No,Yes,No,Month-to-month,No,Mailed check,54.49,839.47,No
3405-ZUJMB,Female,0,No,No,5,Yes,Yes,No,No internet service,No internet service,No internet service,No internet service,No internet service,No internet service,Month-to-month,Yes,Mailed check,18.25,93.86,No
2230-ZVVQF,Female,1,Yes,Yes,26,Yes,Yes,Fiber optic,No,No,Yes,No,No,No,Month-to-month,No,Bank transfer (automatic),84.34,2115.37,Yes
1947-SIAAO,Male,0,No,Yes,13,Yes,No,DSL,Yes,Yes,Yes,No,No,Yes,Month-to-month,No,Credit card (automatic),67.66,842.89,Yes
8560-JZJTG,Female,1,Yes,No,15,Yes,No,Fiber optic,Yes,No,Yes,No,Yes,Yes,Month-to-month,Yes,Mailed check,87.88,1361.39,Yes
6464-HULBG,Female,1,Yes,No,43,Yes,Yes,Fiber optic,No,Yes,Yes,No,Yes,No,Two year,Yes,Credit card (automatic),75.56,3291.22,Yes
4169-MHPZS,Male,0,No,No,31,Yes,Yes,Fiber optic,No,No,Yes,Yes,Yes,Yes,Month-to-month,No,Mailed check,80.79,2497.33,No
3801-RZGGB,Female,0,No,Yes,22,Yes,Yes,No,No internet service,No internet service,No internet service,No internet service,No internet service,No internet service,Month-to-month,Yes,Credit card (automatic),23.57,523.5,No
8579-VKWQZ,Male,0,Yes,No,16,Yes,Yes,No,No internet service,No internet service,No internet service,No internet service,No internet service,No internet service,Month-to-month,Yes,Credit card (automatic),18.25,295.77,Yes
9303-YKQEX,Male,0,Yes,No,21,Yes,Yes,Fiber optic,No,No,No,Yes,Yes,No,Month-to-month,Yes,Electronic check,79.64,1686.69,Yes
3861-LPUTY,Female,0,No,Yes,6,Yes,No,DSL,No,No,Yes,Yes,Yes,Yes,Month-to-month,No,Credit card (automatic),54.37,338.59,Yes
7416-UOKXJ,Female,0,Yes,No,28,Yes,Yes,Fiber optic,No,No,Yes,Yes,No,No,Month-to-month,No,Mailed check,92.57,2570.46,Yes
6582-HMJGV,Male,0,No,No,22,Yes,No,No,No internet service,No internet service,No internet service,No internet service,No internet service,No internet service,Month-to-month,Yes,Bank transfer (automatic),26.3,583.3,Yes
7904-SCGFS,Female,1,Yes,Yes,54,Yes,Yes,DSL,Yes,Yes,No,No,Yes,Yes,Month-to-month,No,Electronic check,68.97,3868.48,No
9031-JIOZJ,Male,0,No,Yes,8,Yes,Yes,DSL,No,No,Yes,No,Yes,Yes,Month-to-month,No,Credit card (automatic),61.75,476.13,No
3504-NXSNT,Female,1,Yes,No,9,Yes,Yes,DSL,No,No,No,No,Yes,No,Month-to-month,No,Mailed check,68.71,595.13,Yes
1136-TCKJR,Female,0,Yes,No,19,Yes,No,No,No internet service,No internet service,No internet service,No internet service,No internet service,No internet service,Month-to-month,No,Bank transfer (automatic),18.25,341.58,No
3159-GWMTP,Male,0,No,No,15,Yes,Yes,DSL,No,Yes,Yes,Yes,No,Yes,Month-to-month,Yes,Bank transfer (automatic),67.78,993.18,Yes
6578-RRXUH,Male,0,No,No,41,Yes,Yes,Fiber optic,Yes,Yes,No,Yes,Yes,Yes,Two year,Yes,Bank transfer (automatic),82.51,3466.15,No
2525-VJICO,Male,0,Yes,No,62,Yes,No,Fiber optic,No,No,Yes,No,Yes,Yes,One year,No,Mailed check,82.38,5247.47,No
5608-VTSOW,Female,1,No,Yes,45,Yes,No,No,No internet service,No internet service,No internet service,No internet service,No internet service,No internet service,One year,Yes,Bank transfer (automatic),31.22,1383.56,No
9848-VJHAZ,Female,0,Yes,Yes,7,Yes,Yes,Fiber optic,Yes,Yes,Yes,Yes,Yes,No,Month-to-month,No,Credit card (automatic),82.72,574.94,No
7593-YULDB,Female,0,No,No,53,Yes,Yes,No,No internet service,No internet service,No internet service,No internet service,No internet service,No internet service,One year,No,Bank transfer (automatic),28.07,1508.21,No
8128-HJVMY,Male,0,Yes,No,50,Yes,No,DSL,No,Yes,No,Yes,No,Yes,One year,No,Mailed check,54.67,2642.67,No
5918-VDKEB,Female,0,No,No,72,Yes,No,No,No internet service,No internet service,No internet service,No internet service,No internet service,No internet service,Month-to-month,No,Bank transfer (automatic),36.58,2653.99,No
9923-NJJGD,Female,0,Yes,Yes,55,Yes,No,DSL,Yes,Yes,Yes,Yes,Yes,No,Two year,No,Electronic check,55.29,3059.19,No
9219-CKDYF,Female,0,Yes,No,42,Yes,Yes,DSL,Yes,No,Yes,No,Yes,Yes,Two year,No,Electronic check,53.65,2176.91,No
4545-TOJOL,Male,0,Yes,No,2,Yes,Yes,No,No internet service,No internet service,No internet service,No internet service,No internet service,No internet service,Month-to-month,Yes,Mailed check,19.78,38.91,No
3603-PJYMT,Male,1,No,No,18,Yes,Yes,Fiber optic,Yes,Yes,Yes,No,No,No,Month-to-month,Yes,Credit card (automatic),75.63,1428.08,No
3109-QOTMS,Male,0,No,Yes,66,Yes,Yes,Fiber optic,No,Yes,Yes,No,No,No,Month-to-month,Yes,Bank transfer (automatic),72.15,4673.73,No
1527-RTMAO,Male,0,Yes,No,4,Yes,No,Fiber optic,Yes,Yes,No,Yes,Yes,No,Month-to-month,No,Credit card (automatic),83.58,333.67,Yes
8030-LCKZH,Female,0,Yes,No,29,No,No phone service,Fiber optic,Yes,No,Yes,No,Yes,Yes,Two year,No,Credit card (automatic),70.76,1996.82,No
5764-JSLJP,Female,0,Yes,No,64,No,No phone service,Fiber optic,No,No,No,Yes,No,Yes,One year,Yes,Credit card (automatic),73.87,4858.1,No
6145-MGCRI,Female,0,Yes,Yes,16,Yes,Yes,No,No internet service,No internet service,No internet service,No internet service,No internet service,No internet service,Month-to-month,Yes,Credit card (automatic),18.25,293.52,No
6514-JWSKI,Female,0,Yes,No,11,Yes,Yes,Fiber optic,Yes,No,Yes,No,No,No,Month-to-month,Yes,Mailed check,92.49,1013.63,Yes
7740-ABCIM,Male,0,Yes,No,19,Yes,No,No,No internet service,No internet service,No internet service,No internet service,No internet service,No internet service,One year,No,Electronic check,28.09,530.1,No
3635-EIMHO,Female,0,Yes,No,20,Yes,Yes,No,No internet service,No internet service,No internet service,No internet service,No internet service,No internet service,Month-to-month,Yes,Credit card (automatic),18.25,381.07,No
4439-YZROA,Female,0,No,Yes,16,Yes,No,Fiber optic,No,No,No,Yes,Yes,No,One year,No,Electronic check,81.94,1290.06,No
6602-JHUBG,Male,1,Yes,Yes,21,Yes,No,Fiber optic,No,Yes,No,Yes,No,No,One year,Yes,Bank transfer (automatic),81.86,1734.0,Yes
7967-YNNZC,Female,0,Yes,No,43,Yes,Yes,DSL,No,No,Yes,Yes,No,No,One year,No,Bank transfer (automatic),59.07,2432.5,No
5328-GMXPZ,Female,0,Yes,No,58,Yes,Yes,No,No internet service,No internet service,No internet service,No internet service,No internet service,No internet service,One year,Yes,Electronic check,27.18,1539.13,No
5544-WEIHT,Female,0,No,Yes,58,Yes,No,No,No internet service,No internet service,No internet service,No internet service,No internet service,No internet service,One year,Yes,Mailed check,18.25,1098.16,No
5617-FEJDS,Male,0,Yes,Yes,7,Yes,No,Fiber optic,Yes,Yes,No,Yes,Yes,Yes,One year,Yes,Mailed check,77.12,561.56,No
8633-ZGLNM,Male,0,Yes,No,36,Yes,Yes,Fiber optic,Yes,Yes,No,No,No,Yes,Two year,No,Bank transfer (automatic),79.91,2907.21,No
5078-FCKCB,Female,1,Yes,No,35,Yes,No,Fiber optic,Yes,No,Yes,Yes,Yes,Yes,One year,Yes,Mailed check,86.13,3045.86,Yes
5716-WOAVR,Female,0,Yes,No,6,Yes,Yes,DSL,Yes,No,Yes,Yes,No,Yes,Month-to-month,Yes,Mailed check,57.85,364.25,No
3727-HXMDH,Male,0,No,No,48,Yes,Yes,DSL,Yes,Yes,No,Yes,No,No,Two year,Yes,Credit card (automatic),61.24,3081.33,No
3379-KIOIQ,Female,0,No,No,56,Yes,No,No,No internet service,No internet service,No internet service,No internet service,No internet service,No internet service,Two year,Yes,Mailed check,18.25,984.91,No
5433-YVIBP,Female,0,No,No,9,Yes,No,DSL,Yes,No,No,Yes,Yes,Yes,Month-to-month,Yes,Bank transfer (automatic),55.58,512.34,Yes
4044-XKHIW,Female,0,Yes,No,70,Yes,No,Fiber optic,No,No,Yes,No,No,No,Two year,No,Credit card (automatic),87.25,6346.89,No
2012-YGWOO,Female,0,No,Yes,43,Yes,Yes,DSL,No,Yes,No,Yes,Yes,No,Two year,Yes,Credit card (automatic),63.23,2677.05,No
2841-SQMLP,Female,0,No,No,7,Yes,No,DSL,Yes,No,Yes,No,Yes,Yes,Month-to-month,No,Credit card (automatic),61.79,432.23,No
5245-ZBGWU,Male,0,No,Yes,7,No,No phone service,DSL,No,No,Yes,Yes,No,Yes,Month-to-month,Yes,Bank transfer (automatic),59.7,405.99,No
4131-NAEYQ,Male,0,No,No,38,Yes,No,No,No internet service,No internet service,No internet service,No internet service,No internet service,No internet service,Month-to-month,Yes,Mailed check,28.5,1105.61,No
1347-UKOWV,Male,1,No,No,20,Yes,No,DSL,Yes,No,Yes,No,No,No,One year,Yes,Credit card (automatic),56.9,1150.47,No
2227-JHXUQ,Male,1,Yes,No,55,Yes,Yes,DSL,Yes,Yes,No,Yes,No,No,Two year,Yes,Credit card (automatic),63.35,3415.88,No
1526-UOHLL,Female,0,Yes,No,12,Yes,No,Fiber optic,No,No,No,Yes,No,No,Month-to-month,Yes,Electronic check,83.75,1014.35,No
3664-XXBYK,Male,0,No,No,20,Yes,Yes,No,No internet service,No internet service,No internet service,No internet service,No internet service,No internet service,One year,No,Mailed check,23.43,445.84,No
8197-UPTRW,Male,1,No,No,33,Yes,Yes,Fiber optic,Yes,No,No,Yes,Yes,No,Two year,Yes,Credit card (automatic),80.68,2748.1,No
4812-TZYDM,Male,0,No,No,21,Yes,Yes,Fiber optic,Yes,Yes,Yes,No,No,No,One year,Yes,Electronic check,89.35,1833.39,Yes
5590-QQWNS,Male,0,Yes,No,13,Yes,Yes,Fiber optic,No,Yes,Yes,No,No,Yes,One year,Yes,Electronic check,87.47,1126.94,Yes
9094-CQJXO,Female,0,No,Yes,72,Yes,No,Fiber optic,No,No,Yes,No,Yes,Yes,One year,No,Credit card (automatic),80.2,5653.24,No
6425-TGOUU,Male,0,Yes,No,7,Yes,Yes,DSL,Yes,No,Yes,No,No,Yes,Month-to-month,No,Electronic check,55.95,385.9,No
3050-VEGWQ,Female,0,Yes,Yes,39,Yes,Yes,DSL,No,No,No,Yes,Yes,No,Month-to-month,No,Credit card (automatic),56.84,2273.41,No
5879-OZFHM,Male,0,No,No,18,Yes,Yes,Fiber optic,No,No,Yes,No,Yes,Yes,Month-to-month,No,Credit card (automatic),87.5,1505.97,Yes
8608-OSVXL,Female,0,No,No,11,Yes,Yes,No,No internet service,No internet service,No internet service,No internet service,No internet service,No internet service,Month-to-month,Yes,Electronic check,19.09,208.93,No
5120-CCMTV,Female,0,Yes,Yes,35,Yes,No,No,No internet service,No internet service,No internet service,No internet service,No internet service,No internet service,One year,Yes,Electronic check,24.36,892.41,No
4676-OVIEX,Female,0,Yes,No,72,Yes,Yes,Fiber optic,No,No,Yes,No,Yes,Yes,Two year,Yes,Credit card (automatic),86.87,6178.61,No
5913-EGIFL,Male,0,Yes,No,37,Yes,Yes,No,No internet service,No internet service,No internet service,No internet service,No internet service,No internet service,Month-to-month,No,Mailed check,27.56,1016.36,No
8314-TXVIB,Female,0,Yes,No,53,Yes,No,DSL,No,Yes,Yes,Yes,Yes,No,One year,Yes,Electronic check,62.8,3245.66,Yes
2364-UISLX,Female,0,No,No,9,Yes,No,DSL,No,No,Yes,No,No,No,Month-to-month,Yes,Electronic check,51.01,438.96,No
5572-XGUNE,Female,1,No,No,11,Yes,Yes,Fiber optic,Yes,Yes,No,Yes,Yes,Yes,Month-to-month,No,Mailed check,85.37,897.95,Yes
3105-IEYFP,Male,0,No,Yes,24,Yes,Yes,Fiber optic,No,Yes,Yes,No,Yes,Yes,Month-to-month,No,Credit card (automatic),78.5,1938.89,No
6137-OQXZW,Male,0,No,No,40,Yes,Yes,DSL,No,No,Yes,Yes,No,No,Month-to-month,No,Electronic check,57.3,2280.21,No
5136-SEWFC,Male,0,Yes,No,72,Yes,No,Fiber optic,No,Yes,Yes,No,Yes,Yes,Two year,Yes,Bank transfer (automatic),73.59,5119.48,No
8457-TDZCB,Female,0,No,Yes,32,Yes,Yes,DSL,No,No,Yes,No,Yes,Yes,Month-to-month,No,Electronic check,65.92,2145.15,Yes
9601-FGUPN,Male,0,No,Yes,2,Yes,Yes,No,No internet service,No internet service,No internet service,No internet service,No internet service,No internet service,Month-to-month,No,Credit card (automatic),28.34,58.5,No
9891-CYGQI,Male,0,No,Yes,2,Yes,Yes,Fiber optic,No,No,No,Yes,Yes,No,Month-to-month,Yes,Credit card (automatic),79.01,152.23,Yes
3637-IOWCR,Female,1,No,No,58,Yes,Yes,No,No internet service,No internet service,No internet service,No internet service,No internet service,No internet service,Two year,Yes,Credit card (automatic),27.4,1606.66,No
8741-TZAJL,Male,1,Yes,Yes,15,Yes,Yes,Fiber optic,Yes,Yes,No,No,Yes,Yes,Month-to-month,No,Bank transfer (automatic),87.75,1273.56,No
5820-IGWGY,Female,0,No,No,52,No,No phone service,No,No internet service,No internet service,No internet service,No internet service,No internet service,No internet service,Two year,No,Credit card (automatic),27.56,1379.02,No
1333-LPZTA,Female,0,Yes,No,43,Yes,No,No,No internet service,No internet service,No internet service,No internet service,No internet service,No internet service,One year,Yes,Bank transfer (automatic),28.32,1234.68,No
7736-IWUEJ,Female,0,Yes,No,0,Yes,Yes,Fiber optic,Yes,Yes,No,No,No,No,Month-to-month,Yes,Bank transfer (automatic),80.21, ,No
8389-XPFKU,Female,0,No,No,25,Yes,Yes,DSL,Yes,Yes,Yes,Yes,Yes,Yes,Month-to-month,No,Credit card (automatic),53.59,1361.39,No
6384-FHFML,Male,0,No,No,72,Yes,Yes,DSL,No,Yes,No,Yes,No,No,Two year,Yes,Bank transfer (automatic),72.98,5205.68,No
5875-YQPJQ,Male,1,Yes,No,60,No,No phone service,Fiber optic,Yes,No,No,Yes,No,Yes,Two year,Yes,Bank transfer (automatic),75.98,4354.89,No
9597-AJBFB,Female,1,No,No,14,Yes,No,DSL,No,No,Yes,No,No,No,Month-to-month,Yes,Mailed check,59.91,829.77,No
6330-VYGSI,Female,1,No,No,19,Yes,No,No,No internet service,No internet service,No internet service,No internet service,No internet service,No internet service,Month-to-month,Yes,Mailed check,27.55,513.93,No
3841-PRPCK,Female,0,No,Yes,8,Yes,Yes,Fiber optic,No,Yes,Yes,No,No,Yes,Month-to-month,Yes,Credit card (automatic),88.38,714.32,Yes
3570-ABLCT,Female,0,Yes,Yes,60,Yes,No,Fiber optic,Yes,Yes,No,No,Yes,No,Two year,Yes,Bank transfer (automatic),82.05,4743.28,No
1506-GZSOA,Male,0,Yes,No,36,Yes,Yes,DSL,No,No,Yes,No,No,No,One year,No,Credit card (automatic),65.91,2309.11,No
1393-XUYVA,Male,0,Yes,Yes,23,Yes,Yes,No,No internet service,No internet service,No internet service,No internet service,No internet service,No internet service,Month-to-month,No,Electronic check,40.52,973.33,No
8249-LSKSV,Female,0,No,Yes,7,Yes,No,DSL,Yes,Yes,Yes,No,No,Yes,Month-to-month,No,Mailed check,58.55,414.28,Yes
9769-OHPMF,Female,0,No,No,72,Yes,Yes,Fiber optic,No,Yes,No,No,No,No,Month-to-month,Yes,Credit card (automatic),86.65,6078.56,Yes
7520-CKSXQ,Male,0,Yes,No,60,Yes,Yes,No,No internet service,No internet service,No internet service,No internet service,No internet service,No internet service,Two year,Yes,Mailed check,19.75,1152.1,No
9812-VGVIQ,Female,0,Yes,No,19,Yes,Yes,DSL,Yes,Yes,Yes,No,No,Yes,Month-to-month,No,Electronic check,57.99,1125.31,No
2807-NRXYU,Female,1,No,No,28,Yes,No,No,No internet service,No internet service,No internet service,No internet service,No internet service,No internet service,Month-to-month,Yes,Mailed check,20.59,593.76,No
6027-WCZFK,Female,0,No,Yes,38,No,No phone service,Fiber optic,Yes,No,No,No,No,No,One year,Yes,Bank transfer (automatic),72.04,2795.23,Yes
9167-SWRPE,Female,0,No,No,2,Yes,No,Fiber optic,No,Yes,Yes,Yes,Yes,Yes,Month-to-month,Yes,Mailed check,77.11,150.74,Yes
9964-QRLYL,Male,0,Yes,No,37,Yes,Yes,DSL,Yes,Yes,No,Yes,Yes,Yes,One year,Yes,Bank transfer (automatic),68.5,2636.21,No
2713-ESTFS,Female,0,No,No,72,Yes,Yes,Fiber optic,Yes,No,Yes,No,No,Yes,Month-to-month,No,Credit card (automatic),93.55,6432.59,No
9977-NZEKO,Male,0,Yes,No,29,Yes,Yes,No,No internet service,No internet service,No internet service,No internet service,No internet service,No internet service,Two year,No,Credit card (automatic),33.01,938.22,No
4221-CLIFJ,Female,0,Yes,No,16,Yes,No,DSL,Yes,No,Yes,No,Yes,No,One year,No,Credit card (automatic),59.58,942.15,No
4761-WMKKP,Male,0,No,No,30,Yes,Yes,DSL,Yes,No,No,Yes,No,Yes,Month-to-month,No,Credit card (automatic),65.31,2021.59,No
3480-WKLBW,Male,1,Yes,No,59,Yes,No,DSL,Yes,Yes,No,Yes,Yes,Yes,Two year,Yes,Bank transfer (automatic),52.05,3086.87,No
5239-DEJUC,Male,0,Yes,Yes,72,Yes,No,No,No internet service,No internet service,No internet service,No internet service,No internet service,No internet service,Two year,No,Credit card (automatic),18.25,1364.45,No
2084-OMYTR,Male,0,No,Yes,42,Yes,No,Fiber optic,No,Yes,Yes,Yes,No,Yes,Month-to-month,Yes,Mailed check,81.27,3449.53,No
4022-QPHJY,Female,1,No,No,29,Yes,Yes,Fiber optic,Yes,No,Yes,Yes,No,No,One year,No,Electronic check,84.42,2503.57,No
5841-MUGFZ,Female,0,No,Yes,20,Yes,No,DSL,Yes,No,Yes,No,No,Yes,One year,Yes,Electronic check,58.6,1150.64,No
8228-LYJRA,Female,1,No,No,72,Yes,No,DSL,No,Yes,Yes,Yes,Yes,No,Month-to-month,No,Bank transfer (automatic),61.5,4440.9,No
7277-EGVFM,Female,0,No,Yes,8,No,No phone service,Fiber optic,Yes,Yes,No,No,No,No,Month-to-month,Yes,Mailed check,78.65,603.88,Yes
9284-YLCHQ,Male,0,No,No,21,Yes,Yes,DSL,Yes,Yes,Yes,Yes,No,No,Month-to-month,Yes,Credit card (automatic),57.44,1192.47,No
4032-SZQQN,Female,0,Yes,No,4,Yes,Yes,Fiber optic,No,No,Yes,Yes,No,No,Month-to-month,Yes,Credit card (automatic),80.59,315.88,Yes
2678-PYRTW,Male,0,Yes,Yes,35,Yes,Yes,DSL,Yes,No,Yes,Yes,Yes,No,Two year,No,Mailed check,62.46,2144.97,No
4486-IZLTQ,Female,0,Yes,No,72,Yes,No,Fiber optic,No,Yes,No,Yes,No,No,Two year,Yes,Mailed check,93.96,6946.91,No
2112-IIEUZ,Female,0,No,No,20,Yes,No,DSL,No,Yes,Yes,No,No,No,Month-to-month,Yes,Bank transfer (automatic),57.89,1170.02,No
9695-FLGBQ,Female,0,Yes,No,43,Yes,No,No,No internet service,No internet service,No internet service,No internet service,No internet service,No internet service,One year,Yes,Mailed check,33.06,1479.4,No
8735-CQAVB,Male,0,No,Yes,32,No,No phone service,No,No internet service,No internet service,No internet service,No internet service,No internet service,No internet service,Month-to-month,Yes,Mailed check,18.25,572.27,No
4919-DKLOV,Female,0,No,No,22,Yes,No,DSL,Yes,No,No,Yes,Yes,Yes,Month-to-month,No,Credit card (automatic),55.91,1179.6,Yes
9967-IYLDP,Female,0,Yes,No,17,Yes,No,Fiber optic,Yes,No,No,Yes,No,Yes,Month-to-month,No,Bank transfer (automatic),88.5,1436.12,Yes
7504-HPLDK,Female,0,Yes,No,7,Yes,Yes,DSL,Yes,No,Yes,Yes,No,No,Month-to-month,Yes,Mailed check,69.78,485.63,Yes
4846-IXKQA,Female,0,No,No,48,Yes,No,Fiber optic,Yes,No,Yes,Yes,Yes,No,Two year,No,Credit card (automatic),77.27,3701.15,No
3819-XXZBW,Female,0,Yes,Yes,12,Yes,No,Fiber optic,No,No,No,Yes,Yes,Yes,Month-to-month,Yes,Credit card (automatic),71.74,893.82,Yes
3408-ACTPO,Male,0,Yes,No,57,Yes,No,Fiber optic,No,No,Yes,No,Yes,No,Two year,Yes,Mailed check,80.91,4628.33,No
8937-CCYPU,Male,0,Yes,Yes,11,Yes,No,Fiber optic,No,Yes,No,Yes,Yes,No,Month-to-month,Yes,Mailed check,90.88,950.75,Yes
5722-DNZDD,Male,0,Yes,No,7,Yes,Yes,DSL,No,Yes,Yes,No,No,Yes,Month-to-month,Yes,Mailed check,62.46,442.94,No
4119-LQEYD,Male,0,No,No,24,No,No phone service,Fiber optic,Yes,No,Yes,No,No,Yes,Month-to-month,No,Mailed check,68.07,1599.18,Yes
2800-ZJOLG,Female,0,Yes,Yes,39,Yes,Yes,No,No internet service,No internet service,No internet service,No internet service,No internet service,No internet service,One year,No,Electronic check,21.52,826.58,No
5560-UAWEX,Female,0,No,No,36,Yes,Yes,DSL,No,Yes,No,Yes,Yes,No,Month-to-month,Yes,Bank transfer (automatic),61.72,2284.42,No
9659-YQXWQ,Male,0,Yes,No,9,Yes,No,DSL,Yes,Yes,Yes,No,No,No,Month-to-month,Yes,Mailed check,66.91,629.98,Yes
9027-IVYQD,Male,0,Yes,No,25,Yes,No,DSL,Yes,Yes,No,No,Yes,Yes,Month-to-month,No,Mailed check,58.43,1469.56,No
2926-ENLVH,Female,0,No,No,49,Yes,No,Fiber optic,No,No,Yes,Yes,Yes,No,One year,No,Bank transfer (automatic),87.09,4142.3,No
2489-QDXCM,Female,0,No,No,3,Yes,No,No,No internet service,No internet service,No internet service,No internet service,No internet service,No internet service,Month-to-month,Yes,Mailed check,29.61,89.83,No
9537-OVLTS,Female,0,Yes,No,72,Yes,No,DSL,No,Yes,Yes,Yes,Yes,Yes,Two year,No,Bank transfer (automatic),60.88,4459.97,No
5622-CZBJQ,Female,0,No,Yes,60,Yes,Yes,DSL,Yes,Yes,No,No,Yes,No,Month-to-month,Yes,Bank transfer (automatic),58.8,3570.38,No
7921-NKKZI,Male,0,No,No,13,Yes,Yes,No,No internet service,No internet service,No internet service,No internet service,No internet service,No internet service,Month-to-month,No,Bank transfer (automatic),29.32,399.29,Yes
8690-BRRRK,Female,0,Yes,No,34,Yes,Yes,Fiber optic,Yes,No,No,Yes,Yes,No,Two year,No,Mailed check,80.65,2652.52,No
7216-LPXRT,Female,0,No,Yes,17,No,No phone service,DSL,Yes,Yes,Yes,Yes,No,Yes,Month-to-month,Yes,Bank transfer (automatic),51.59,834.67,Yes
9719-FPRSD,Male,1,Yes,No,6,Yes,Yes,Fiber optic,Yes,No,Yes,No,Yes,Yes,Month-to-month,No,Electronic check,74.33,425.94,Yes
7841-FKSGD,Female,0,No,No,26,Yes,No,DSL,Yes,No,Yes,No,Yes,No,One year,No,Mailed check,45.48,1147.71,No
7077-HVXJT,Female,0,Yes,No,47,Yes,Yes,Fiber optic,No,Yes,No,Yes,Yes,Yes,Month-to-month,Yes,Credit card (automatic),74.91,3484.57,Yes
3016-YGWUI,Male,0,Yes,No,40,No,No phone service,DSL,Yes,Yes,No,Yes,Yes,Yes,Month-to-month,No,Credit card (automatic),54.81,2118.24,No
8419-QRJGS,Female,0,No,No,11,Yes,No,Fiber optic,Yes,No,Yes,No,Yes,Yes,Month-to-month,Yes,Electronic check,90.75,990.52,Yes
1470-JDAAC,Male,1,Yes,No,61,Yes,No,Fiber optic,Yes,No,Yes,Yes,Yes,Yes,Two year,No,Electronic check,85.5,5023.27,Yes
9456-UZCZP,Female,0,Yes,No,65,Yes,No,Fiber optic,No,No,No,No,No,No,One year,No,Mailed check,90.73,6045.88,No
8147-WGTQK,Female,0,Yes,No,56,Yes,No,Fiber optic,Yes,No,Yes,Yes,No,No,One year,Yes,Mailed check,81.83,4362.19,No
5426-FEXTO,Female,0,No,No,35,Yes,No,No,No internet service,No internet service,No internet service,No internet service,No internet service,No internet service,Two year,Yes,Electronic check,26.98,920.91,No
7248-KGYZF,Male,0,Yes,No,0,No,No phone service,Fiber optic,Yes,No,No,No,No,No,One year,Yes,Credit card (automatic),75.03, ,Yes
8216-LSCMD,Female,0,No,No,21,Yes,Yes,DSL,No,No,No,Yes,No,No,Month-to-month,No,Bank transfer (automatic),47.22,989.11,Yes
8329-KGSYI,Female,0,Yes,No,72,Yes,No,DSL,Yes,No,Yes,No,No,Yes,Two year,No,Electronic check,52.6,3809.01,No
7459-RMUDW,Female,1,No,Yes,48,No,No phone service,DSL,No,No,Yes,No,Yes,No,Two year,Yes,Credit card (automatic),51.41,2560.5,No
4636-BZUVD,Male,0,No,No,34,Yes,Yes,Fiber optic,No,No,Yes,Yes,No,No,Month-to-month,No,Electronic check,84.66,3018.36,No
7754-SXJYS,Male,0,No,Yes,42,Yes,No,DSL,No,Yes,Yes,Yes,Yes,Yes,One year,No,Electronic check,51.22,2150.37,No
3283-FXQDD,Male,0,Yes,No,17,Yes,No,DSL,No,No,Yes,Yes,Yes,No,Month-to-month,Yes,Credit card (automatic),62.15,1049.64,Yes
8447-EFPWI,Male,0,Yes,No,72,Yes,No,No,No internet service,No internet service,No internet service,No internet service,No internet service,No internet service,Month-to-month,No,Electronic check,27.41,2024.36,No
6990-SPRFQ,Female,0,No,No,29,Yes,No,Fiber optic,No,Yes,No,Yes,Yes,Yes,One year,Yes,Bank transfer (automatic),74.09,2043.51,No
1031-SUUAX,Male,0,No,No,4,Yes,No,Fiber optic,Yes,Yes,No,Yes,Yes,No,Month-to-month,No,Electronic check,87.08,363.88,Yes
4909-CNOKT,Female,0,Yes,Yes,12,Yes,Yes,Fiber optic,Yes,No,Yes,Yes,Yes,No,Month-to-month,No,Mailed check,81.82,949.67,Yes
5892-FQGDG,Female,1,Yes,No,11,Yes,No,Fiber optic,No,No,Yes,No,No,No,Month-to-month,No,Bank transfer (automatic),74.41,851.28,Yes
9149-OIJWR,Female,1,Yes,No,70,Yes,No,Fiber optic,Yes,Yes,Yes,Yes,Yes,Yes,One year,No,Electronic check,82.85,6052.44,No
7962-PZRKG,Female,0,Yes,No,43,Yes,No,No,No internet service,No internet service,No internet service,No internet service,No internet service,No internet service,One year,No,Mailed check,18.25,752.99,No
1416-TYRMD,Male,0,Yes,No,46,Yes,Yes,No,No internet service,No internet service,No internet service,No internet service,No internet service,No internet service,Two year,Yes,Credit card (automatic),31.83,1488.03,No
6795-FQHWY,Male,0,No,No,55,Yes,No,Fiber optic,Yes,Yes,Yes,Yes,No,No,One year,Yes,Credit card (automatic),72.0,3811.63,No
3107-IXAND,Female,0,No,No,56,Yes,Yes,DSL,Yes,Yes,No,Yes,Yes,No,Two year,Yes,Electronic check,65.67,3557.61,No
4895-ADKBU,Male,0,Yes,Yes,30,Yes,No,DSL,No,No,Yes,No,Yes,Yes,Month-to-month,No,Bank transfer (automatic),69.73,2007.32,Yes
6201-LMVVB,Male,1,Yes,No,9,Yes,Yes,Fiber optic,Yes,Yes,Yes,No,No,Yes,Month-to-month,No,Credit card (automatic),91.43,844.97,Yes
7166-MUUSR,Female,0,No,Yes,62,Yes,No,DSL,No,Yes,No,Yes,Yes,Yes,Two year,Yes,Bank transfer (automatic),67.24,4113.51,No
2907-WSHGN,Female,0,No,Yes,24,Yes,Yes,No,No internet service,No internet service,No internet service,No internet service,No internet service,No internet service,One year,Yes,Bank transfer (automatic),22.28,541.79,No
4085-RKEKV,Male,0,No,Yes,50,Yes,No,Fiber optic,Yes,Yes,Yes,Yes,Yes,No,Two year,Yes,Credit card (automatic),82.74,4336.95,No
8475-IUCZT,Male,0,No,No,72,Yes,Yes,DSL,Yes,Yes,Yes,Yes,No,No,One year,No,Credit card (automatic),60.91,4355.3,Yes
1367-SMWGX,Female,0,No,Yes,4,Yes,No,DSL,No,Yes,Yes,Yes,Yes,No,Month-to-month,Yes,Bank transfer (automatic),52.42,211.2,No
8834-HLQGZ,Female,0,Yes,No,51,Yes,Yes,DSL,No,No,No,Yes,Yes,No,One year,No,Bank transfer (automatic),64.6,3434.85,No
2718-GNMBX,Female,0,No,No,47,Yes,No,Fiber optic,No,No,No,No,No,Yes,Month-to-month,No,Electronic check,86.84,4023.92,Yes
3160-CNYAM,Female,0,No,No,6,Yes,Yes,Fiber optic,Yes,Yes,Yes,Yes,No,No,Month-to-month,No,Credit card (automatic),85.03,492.28,Yes
9196-XEQVR,Female,1,No,No,54,Yes,Yes,Fiber optic,Yes,No,Yes,No,Yes,No,One year,Yes,Mailed check,73.42,3941.41,Yes
6914-ULBQQ,Male,0,No,Yes,31,Yes,No,Fiber optic,No,Yes,Yes,No,Yes,No,One year,Yes,Electronic check,87.55,2704.24,No
8662-YIYAZ,Male,0,Yes,No,32,Yes,No,Fiber optic,No,No,No,Yes,No,Yes,Month-to-month,No,Electronic check,85.43,2786.18,No
2235-QRQZO,Female,0,No,Yes,59,Yes,No,Fiber optic,No,No,Yes,No,Yes,No,One year,No,Mailed check,77.99,4495.28,No
2182-PHPJB,Female,0,No,No,72,Yes,Yes,DSL,Yes,No,Yes,Yes,Yes,No,Two year,No,Mailed check,60.22,4297.63,No
6736-CIQWI,Male,0,No,Yes,17,Yes,No,DSL,No,Yes,No,No,Yes,Yes,Month-to-month,No,Bank transfer (automatic),69.37,1203.34,No
3685-HOFNU,Female,0,Yes,No,35,Yes,Yes,No,No internet service,No internet service,No internet service,No internet service,No internet service,No internet service,Month-to-month,Yes,Bank transfer (automatic),28.79,1035.08,No
1726-ZNQQY,Female,0,No,No,36,Yes,No,Fiber optic,No,No,Yes,Yes,No,Yes,Month-to-month,Yes,Mailed check,90.82,3363.13,Yes
6981-WHFQD,Female,0,Yes,No,51,Yes,Yes,DSL,Yes,No,Yes,No,No,No,Month-to-month,Yes,Mailed check,70.26,3618.42,No
2000-FHCSP,Female,0,No,No,50,Yes,No,Fiber optic,No,Yes,Yes,No,No,Yes,Month-to-month,Yes,Credit card (automatic),81.14,4018.47,Yes
2802-HYXDP,Male,0,Yes,Yes,22,No,No phone service,DSL,No,Yes,No,Yes,Yes,Yes,Month-to-month,Yes,Credit card (automatic),53.02,1152.83,Yes
3907-JPZPY,Female,0,Yes,Yes,5,Yes,No,DSL,Yes,No,No,No,No,No,Month-to-month,Yes,Electronic check,60.16,301.84,No
8382-UUUGZ,Male,0,Yes,No,8,Yes,Yes,Fiber optic,Yes,No,No,Yes,Yes,Yes,Month-to-month,Yes,Mailed check,70.18,553.71,Yes
9264-PSWDB,Male,0,No,No,9,Yes,No,Fiber optic,Yes,Yes,No,No,No,No,Month-to-month,Yes,Credit card (automatic),88.72,800.78,Yes
9960-OSNNA,Female,0,Yes,Yes,50,Yes,Yes,Fiber optic,Yes,No,Yes,No,Yes,Yes,Two year,Yes,Bank transfer (automatic),85.37,4441.08,No
3604-CLAUH,Male,0,No,No,18,Yes,No,Fiber optic,No,Yes,No,Yes,Yes,Yes,Month-to-month,Yes,Electronic check,78.38,1449.03,Yes
7669-BALUV,Female,0,No,Yes,6,Yes,No,Fiber optic,No,No,No,No,Yes,No,Month-to-month,Yes,Credit card (automatic),81.5,470.3,Yes
5901-PRRTA,Male,1,No,Yes,1,No,No phone service,No,No internet service,No internet service,No internet service,No internet service,No internet service,No internet service,Month-to-month,Yes,Bank transfer (automatic),18.25,18.0,Yes
4859-VLDRH,Female,1,No,No,72,Yes,No,Fiber optic,No,Yes,No,No,Yes,No,Two year,No,Bank transfer (automatic),89.46,6130.03,No
5601-NSYSZ,Male,0,No,Yes,16,Yes,Yes,Fiber optic,No,No,Yes,Yes,Yes,No,Month-to-month,Yes,Mailed check,83.05,1342.84,Yes
1170-UKSCN,Male,0,No,No,72,Yes,No,Fiber optic,No,No,Yes,No,No,Yes,Two year,Yes,Bank transfer (automatic),86.36,6170.59,No
1269-RFDCG,Female,0,Yes,Yes,9,Yes,No,DSL,Yes,No,Yes,No,Yes,Yes,Month-to-month,No,Electronic check,60.28,565.99,No
9636-ZCZPI,Male,0,No,No,60,Yes,Yes,Fiber optic,Yes,Yes,No,No,No,No,Month-to-month,No,Electronic check,93.11,5310.02,No
9480-GEFDM,Male,0,No,No,7,Yes,No,DSL,Yes,No,Yes,No,Yes,Yes,Month-to-month,No,Credit card (automatic),53.71,367.17,Yes
2265-FJQWB,Male,0,No,Yes,7,No,No phone service,DSL,No,Yes,No,No,No,No,One year,No,Bank transfer (automatic),49.19,334.17,No
6675-CZHWU,Male,0,No,No,45,No,No phone service,No,No internet service,No internet service,No internet service,No internet service,No internet service,No internet service,Two year,No,Mailed check,18.25,798.17,Yes
3918-IIMLR,Male,0,No,No,3,Yes,Yes,Fiber optic,Yes,Yes,Yes,No,Yes,Yes,Month-to-month,Yes,Bank transfer (automatic),88.06,277.34,Yes
5178-UMHIT,Male,0,No,No,55,Yes,No,Fiber optic,No,Yes,No,No,Yes,Yes,Two year,Yes,Bank transfer (automatic),71.02,3887.75,No
2265-HIQDL,Male,0,No,No,8,Yes,No,Fiber optic,Yes,No,No,Yes,No,Yes,Month-to-month,Yes,Electronic check,72.11,574.01,Yes
7071-YLZPU,Female,0,Yes,No,42,Yes,No,Fiber optic,No,No,No,Yes,No,No,Month-to-month,Yes,Electronic check,79.09,3393.2,No
3185-XGDCR,Female,0,Yes,Yes,65,Yes,No,Fiber optic,Yes,Yes,Yes,No,No,Yes,Two year,Yes,Credit card (automatic),88.69,5556.19,No
6654-FWHPN,Female,0,Yes,No,23,Yes,Yes,Fiber optic,No,Yes,No,No,Yes,Yes,Month-to-month,No,Electronic check,87.77,1997.62,No
6330-TYSXW,Male,0,Yes,No,37,Yes,No,Fiber optic,No,No,Yes,No,Yes,Yes,One year,No,Electronic check,76.27,2815.39,No
4229-OFYZX,Male,0,No,No,65,Yes,Yes,Fiber optic,No,No,No,No,Yes,No,One year,No,Mailed check,71.49,4656.09,Yes
7682-WUFGN,Female,0,Yes,Yes,58,Yes,Yes,DSL,Yes,No,Yes,Yes,Yes,Yes,Month-to-month,Yes,Credit card (automatic),70.28,4042.17,No
4784-TTZUA,Female,0,No,No,54,Yes,No,No,No internet service,No internet service,No internet service,No internet service,No internet service,No internet service,Month-to-month,Yes,Electronic check,21.81,1129.58,No
4063-IQIZH,Female,0,Yes,No,63,No,No phone service,Fiber optic,No,Yes,No,No,Yes,Yes,Two year,No,Bank transfer (automatic),83.11,5098.23,No
4937-VJBIJ,Male,0,No,Yes,62,No,No phone service,Fiber optic,No,Yes,No,No,No,No,Two year,No,Mailed check,83.16,5402.63,No
6508-SOKND,Female,0,No,No,60,Yes,No,Fiber optic,Yes,No,Yes,Yes,No,Yes,Two year,No,Mailed check,76.61,4700.72,No
2628-PWNBZ,Female,0,Yes,No,61,Yes,No,Fiber optic,No,No,No,Yes,No,No,One year,No,Mailed check,80.37,4682.43,No
3916-TXZDE,Male,0,No,No,30,Yes,No,Fiber optic,Yes,Yes,No,No,Yes,No,One year,Yes,Electronic check,87.95,2527.59,No
6808-TVOES,Male,0,No,No,24,Yes,No,No,No internet service,No internet service,No internet service,No internet service,No internet service,No internet service,Month-to-month,No,Credit card (automatic),23.79,545.98,No
7014-MQFVB,Female,0,No,No,66,Yes,No,No,No internet service,No internet service,No internet service,No internet service,No internet service,No internet service,One year,No,Credit card (automatic),18.25,1165.36,No
8550-VRVXE,Female,0,Yes,No,1,Yes,Yes,DSL,No,No,Yes,No,No,No,Month-to-month,Yes,Electronic check,59.4,57.88,Yes
5901-QYTPO,Female,0,Yes,No,7,Yes,Yes,No,No internet service,No internet service,No internet service,No internet service,No internet service,No internet service,Month-to-month,No,Mailed check,22.17,160.8,Yes
2293-ILWWQ,Male,0,No,Yes,28,No,No phone service,Fiber optic,Yes,Yes,Yes,Yes,Yes,No,One year,Yes,Electronic check,83.78,2412.53,Yes
1953-SLQLS,Female,0,No,No,4,Yes,Yes,Fiber optic,No,Yes,No,No,Yes,No,Month-to-month,No,Electronic check,87.42,352.97,Yes
2957-DFXBH,Female,0,Yes,No,10,Yes,No,Fiber optic,Yes,Yes,No,No,No,No,Month-to-month,No,Credit card (automatic),76.85,731.04,No
4081-VJXZQ,Female,0,Yes,No,55,Yes,No,Fiber optic,No,Yes,Yes,No,Yes,No,One year,Yes,Mailed check,83.82,4820.66,No
4086-PRCVL,Female,0,No,Yes,58,Yes,No,Fiber optic,No,No,Yes,No,Yes,Yes,Two year,No,Bank transfer (automatic),72.22,4264.34,No
8611-PWCBC,Female,0,Yes,Yes,25,Yes,No,Fiber optic,Yes,Yes,No,Yes,No,Yes,Month-to-month,Yes,Bank transfer (automatic),77.28,1938.77,Yes
8869-ZZIGJ,Female,0,No,Yes,20,Yes,Yes,Fiber optic,Yes,No,Yes,Yes,Yes,Yes,Month-to-month,Yes,Mailed check,92.67,1882.97,No
8353-GOQJM,Female,0,No,No,48,No,No phone service,Fiber optic,Yes,No,Yes,Yes,Yes,Yes,One year,Yes,Mailed check,78.53,3928.27,No
6985-UENEA,Female,0,Yes,Yes,50,Yes,Yes,DSL,No,Yes,Yes,Yes,Yes,No,Month-to-month,Yes,Bank transfer (automatic),68.36,3247.93,No
6805-MGBYV,Female,0,Yes,No,4,No,No phone service,Fiber optic,Yes,Yes,No,Yes,No,Yes,Month-to-month,No,Electronic check,79.92,308.79,Yes
9416-CAFCL,Male,0,No,No,55,Yes,No,Fiber optic,No,Yes,Yes,Yes,Yes,No,Two year,Yes,Mailed check,86.8,4674.87,No
6808-FKOIL,Female,1,No,No,53,No,No phone service,DSL,No,No,Yes,No,No,No,Month-to-month,Yes,Mailed check,55.52,3076.01,No
6312-YICWO,Male,0,No,No,33,Yes,Yes,Fiber optic,No,Yes,Yes,No,Yes,No,Month-to-month,No,Credit card (automatic),70.94,2409.3,No
5248-SZDWQ,Male,0,Yes,No,8,Yes,Yes,No,No internet service,No internet service,No internet service,No internet service,No internet service,No internet service,Month-to-month,Yes,Credit card (automatic),27.57,210.41,Yes
6267-WHUOY,Female,0,No,No,51,No,No phone service,Fiber optic,No,Yes,No,No,No,No,Two year,No,Bank transfer (automatic),85.62,4494.08,No
5209-SMKJX,Male,0,No,No,57,Yes,No,DSL,No,No,No,No,No,No,One year,Yes,Electronic check,64.87,3586.49,No
8539-FWPCT,Female,0,No,No,66,Yes,No,DSL,No,Yes,Yes,No,Yes,No,Two year,Yes,Electronic check,47.99,3012.83,No
2460-WLXMC,Female,0,No,No,51,Yes,No,DSL,No,No,No,No,No,Yes,One year,No,Electronic check,65.14,3317.42,Yes
7899-SHFWU,Male,0,No,No,31,Yes,Yes,DSL,Yes,No,Yes,No,No,Yes,Month-to-month,Yes,Electronic check,59.19,1743.18,No
3680-SGERV,Male,0,No,No,43,Yes,Yes,Fiber optic,No,No,No,No,Yes,Yes,Month-to-month,Yes,Credit card (automatic),80.41,3414.97,Yes
9267-MDORZ,Male,0,No,No,12,Yes,No,DSL,Yes,Yes,No,Yes,Yes,Yes,Month-to-month,Yes,Electronic check,57.94,694.43,Yes
2009-RNPCA,Male,1,No,No,18,Yes,Yes,Fiber optic,Yes,No,No,No,Yes,No,Month-to-month,No,Electronic check,83.24,1569.88,Yes
6457-FPAUI,Male,0,Yes,No,5,Yes,No,No,No internet service,No internet service,No internet service,No internet service,No internet service,No internet service,Month-to-month,No,Credit card (automatic),20.15,96.74,No
5060-IKNQR,Female,0,No,No,38,No,No phone service,Fiber optic,No,Yes,No,Yes,Yes,Yes,Two year,Yes,Credit card (automatic),77.99,2896.63,Yes
9910-EWPIX,Female,0,No,No,23,Yes,Yes,Fiber optic,Yes,Yes,No,No,Yes,Yes,Month-to-month,Yes,Mailed check,86.88,1952.82,Yes
7361-EERSB,Male,0,No,No,9,Yes,Yes,Fiber optic,Yes,Yes,No,Yes,No,Yes,Month-to-month,Yes,Credit card (automatic),85.26,797.94,Yes
6652-NZTXA,Female,0,No,No,54,Yes,No,No,No internet service,No internet service,No internet service,No internet service,No internet service,No internet service,Month-to-month,Yes,Electronic check,28.35,1540.35,No
7877-IOWWF,Female,0,No,No,29,Yes,Yes,DSL,No,No,No,No,No,No,Month-to-month,No,Electronic check,68.87,1954.99,No
3160-SWPBE,Female,0,No,Yes,19,Yes,Yes,No,No internet service,No internet service,No internet service,No internet service,No internet service,No internet service,Month-to-month,Yes,Electronic check,25.12,500.33,No
7744-TXNLC,Male,1,No,No,42,Yes,Yes,Fiber optic,Yes,Yes,No,No,Yes,No,Two year,Yes,Credit card (automatic),86.55,3525.78,No
8036-YBMJT,Male,0,Yes,No,6,Yes,Yes,Fiber optic,No,No,No,No,No,No,Month-to-month,No,Credit card (automatic),80.12,492.53,Yes
7871-FYDUT,Female,0,Yes,Yes,58,Yes,No,No,No internet service,No internet service,No internet service,No internet service,No internet service,No internet service,One year,No,Mailed check,27.24,1586.33,No
2460-RHHCT,Female,0,Yes,Yes,51,Yes,No,No,No internet service,No internet service,No internet service,No internet service,No internet service,No internet service,One year,Yes,Mailed check,27.21,1326.83,No
8267-NUJOU,Male,0,No,No,37,Yes,No,No,No internet service,No internet service,No internet service,No internet service,No internet service,No internet service,Month-to-month,No,Credit card (automatic),19.44,708.2,No
4876-QDNWU,Male,0,No,No,3,Yes,Yes,Fiber optic,No,Yes,Yes,Yes,No,Yes,Month-to-month,No,Electronic check,80.06,239.96,Yes
3700-OQYVV,Male,0,Yes,No,72,Yes,Yes,No,No internet service,No internet service,No internet service,No internet service,No internet service,No internet service,Month-to-month,Yes,Bank transfer (automatic),18.88,1295.3,No
7774-JJMLY,Male,0,Yes,No,54,Yes,No,Fiber optic,Yes,Yes,Yes,Yes,No,Yes,Two year,Yes,Mailed check,83.91,4573.6,No
8877-XPEDH,Female,0,Yes,No,70,Yes,Yes,DSL,Yes,Yes,Yes,No,Yes,Yes,One year,Yes,Credit card (automatic),59.63,4273.11,No
6858-JRWIY,Female,0,Yes,No,51,Yes,Yes,DSL,No,Yes,No,No,Yes,Yes,Month-to-month,No,Bank transfer (automatic),66.43,3409.78,No
5606-UBHYX,Male,0,No,Yes,28,No,No phone service,Fiber optic,No,No,Yes,No,No,No,Month-to-month,Yes,Bank transfer (automatic),82.39,2297.28,No
6138-ABKXJ,Female,0,Yes,Yes,30,No,No phone service,Fiber optic,Yes,No,No,No,Yes,Yes,One year,Yes,Electronic check,79.57,2491.14,Yes
8955-NDOJF,Male,0,No,No,33,Yes,Yes,No,No internet service,No internet service,No internet service,No internet service,No internet service,No internet service,Month-to-month,Yes,Credit card (automatic),29.54,990.74,No
7075-FXUUB,Female,0,Yes,No,5,Yes,Yes,DSL,Yes,Yes,No,Yes,No,Yes,Month-to-month,Yes,Electronic check,63.31,327.22,Yes
9645-MTETI,Female,0,No,Yes,5,Yes,Yes,DSL,No,No,Yes,Yes,Yes,No,One year,Yes,Electronic check,65.85,339.74,No
7363-HYSLL,Female,0,Yes,No,33,Yes,No,Fiber optic,Yes,Yes,Yes,Yes,No,Yes,Two year,Yes,Bank transfer (automatic),89.23,3080.04,No
1002-HUVZC,Female,0,No,Yes,48,Yes,No,Fiber optic,No,No,No,Yes,Yes,No,Two year,Yes,Credit card (automatic),94.91,4570.65,No
3256-TJGHX,Male,1,No,Yes,69,Yes,No,Fiber optic,Yes,No,No,No,Yes,No,One year,No,Electronic check,88.39,5877.1,No
8720-AVOVQ,Male,1,Yes,Yes,54,Yes,Yes,Fiber optic,Yes,No,No,Yes,No,Yes,Two year,Yes,Electronic check,76.68,4320.74,No
7194-PTVNC,Male,0,No,No,11,Yes,No,DSL,No,No,Yes,Yes,No,No,Month-to-month,No,Bank transfer (automatic),68.33,758.54,No
1837-KMWAX,Male,0,No,Yes,8,Yes,No,DSL,Yes,Yes,Yes,No,Yes,No,Month-to-month,Yes,Mailed check,56.67,450.11,Yes
1496-MKOBT,Male,0,Yes,No,18,Yes,No,Fiber optic,Yes,No,Yes,Yes,Yes,Yes,Month-to-month,Yes,Bank transfer (automatic),94.59,1691.18,Yes
2208-UOXZV,Female,1,No,No,44,Yes,No,DSL,No,No,Yes,Yes,No,No,One year,Yes,Credit card (automatic),58.46,2636.52,No
5068-KRQUM,Male,0,No,No,43,Yes,Yes,DSL,Yes,No,Yes,No,Yes,No,Two year,No,Mailed check,70.12,2874.07,No
5163-DEVZP,Female,0,Yes,No,58,Yes,Yes,DSL,Yes,No,Yes,No,Yes,Yes,Two year,No,Credit card (automatic),54.11,3125.11,No
4097-BBRQH,Female,0,No,Yes,13,Yes,No,No,No internet service,No internet service,No internet service,No internet service,No internet service,No internet service,Month-to-month,Yes,Electronic check,34.65,449.54,No
2698-BRPIT,Female,1,No,No,16,Yes,No,Fiber optic,No,No,Yes,Yes,Yes,Yes,Month-to-month,No,Electronic check,94.08,1475.68,Yes
8606-NGAUO,Female,1,No,No,9,Yes,Yes,DSL,Yes,Yes,No,No,No,No,Month-to-month,No,Electronic check,72.25,678.95,No
4126-AVYMG,Female,0,Yes,Yes,60,Yes,No,Fiber optic,No,No,No,Yes,No,No,One year,No,Mailed check,92.35,5486.31,No
6577-WPAFC,Male,0,No,Yes,56,No,No phone service,Fiber optic,Yes,Yes,Yes,Yes,No,Yes,One year,Yes,Bank transfer (automatic),80.55,4401.92,No
4700-LNTCY,Female,0,No,No,33,Yes,No,No,No internet service,No internet service,No internet service,No internet service,No internet service,No internet service,One year,Yes,Mailed check,26.19,859.26,No
3371-NFJVB,Female,0,No,Yes,20,Yes,No,No,No internet service,No internet service,No internet service,No internet service,No internet service,No internet service,Month-to-month,Yes,Electronic check,27.36,539.08,No
5348-POJJX,Female,0,Yes,No,14,Yes,Yes,Fiber optic,No,No,No,Yes,No,No,Month-to-month,Yes,Mailed check,77.51,1097.44,Yes
3168-MJTUW,Male,0,No,No,20,Yes,Yes,Fiber optic,No,No,No,Yes,Yes,Yes,Month-to-month,No,Bank transfer (automatic),82.75,1573.83,Yes
1764-CJLBX,Male,0,Yes,Yes,59,Yes,Yes,Fiber optic,Yes,No,No,No,Yes,No,Month-to-month,Yes,Mailed check,89.81,5512.2,No
9072-LUORW,Male,0,Yes,No,11,Yes,Yes,DSL,No,Yes,No,No,No,No,Month-to-month,Yes,Bank transfer (automatic),71.28,813.09,Yes
1827-GLXPK,Male,0,No,No,45,Yes,Yes,Fiber optic,Yes,Yes,Yes,Yes,Yes,No,Two year,Yes,Credit card (automatic),81.92,3608.99,No
1258-PHIZN,Male,0,No,No,52,Yes,No,DSL,Yes,No,No,No,No,Yes,Two year,No,Mailed check,59.06,3091.74,No
2248-BKBLK,Male,1,Yes,Yes,41,Yes,No,Fiber optic,No,No,Yes,Yes,Yes,Yes,One year,No,Bank transfer (automatic),93.59,3738.03,Yes
8914-IHQQA,Female,0,Yes,No,22,Yes,Yes,Fiber optic,Yes,No,Yes,No,No,Yes,Month-to-month,No,Bank transfer (automatic),82.88,1812.87,Yes
1753-EUFZL,Male,1,Yes,No,11,Yes,No,DSL,Yes,No,No,No,Yes,Yes,Month-to-month,Yes,Mailed check,55.98,595.12,Yes
9400-GLDVP,Male,0,Yes,No,49,Yes,Yes,Fiber optic,Yes,No,Yes,Yes,Yes,No,Month-to-month,No,Electronic check,90.95,4327.68,No
1681-TXRVH,Male,0,Yes,No,5,Yes,No,No,No internet service,No internet service,No internet service,No internet service,No internet service,No internet service,Month-to-month,Yes,Electronic check,25.95,132.44,Yes
4889-WPPTP,Female,0,No,No,29,Yes,No,Fiber optic,No,Yes,No,Yes,Yes,Yes,Month-to-month,Yes,Credit card (automatic),86.16,2377.21,Yes
2137-FUGRM,Male,0,No,No,44,Yes,Yes,No,No internet service,No internet service,No internet service,No internet service,No internet service,No internet service,Month-to-month,Yes,Mailed check,24.54,1048.96,No
6582-GIREI,Female,1,No,No,57,Yes,No,No,No internet service,No internet service,No internet service,No internet service,No internet service,No internet service,Two year,No,Credit card (automatic),28.85,1704.58,No
9981-DPDSD,Female,0,Yes,No,37,Yes,No,DSL,No,Yes,No,No,No,No,Two year,Yes,Mailed check,53.8,2087.93,No
6165-LRANO,Female,0,No,Yes,44,Yes,Yes,Fiber optic,Yes,No,Yes,No,No,No,Two year,Yes,Electronic check,81.92,3462.45,No
3165-HSOPY,Female,0,No,Yes,2,Yes,Yes,No,No internet service,No internet service,No internet service,No internet service,No internet service,No internet service,Month-to-month,Yes,Mailed check,25.95,52.32,No
4644-WZOFK,Female,0,No,No,7,Yes,No,DSL,Yes,No,Yes,Yes,No,No,Month-to-month,Yes,Electronic check,57.33,407.84,Yes
1419-SHYQM,Male,0,Yes,No,42,Yes,Yes,Fiber optic,No,Yes,No,No,Yes,Yes,Month-to-month,Yes,Electronic check,87.93,3521.46,Yes
2679-CRTGA,Female,0,Yes,No,51,Yes,No,Fiber optic,No,No,Yes,No,Yes,Yes,One year,Yes,Mailed check,94.02,4715.87,No
3878-TPCCC,Male,1,No,No,16,No,No phone service,Fiber optic,Yes,No,Yes,Yes,Yes,Yes,Month-to-month,No,Credit card (automatic),82.56,1377.61,Yes
7821-UKRAO,Female,0,No,No,20,Yes,Yes,DSL,Yes,No,No,Yes,Yes,No,Month-to-month,Yes,Electronic check,59.74,1180.12,Yes
3448-VMWOL,Male,0,No,Yes,28,Yes,Yes,DSL,No,Yes,Yes,Yes,Yes,Yes,Month-to-month,No,Electronic check,57.67,1679.79,No
9521-ZLJQE,Female,0,No,No,37,Yes,No,No,No internet service,No internet service,No internet service,No internet service,No internet service,No internet service,Month-to-month,No,Electronic check,18.25,667.69,No
4476-VXKKW,Male,0,No,Yes,19,Yes,No,DSL,No,No,Yes,Yes,Yes,Yes,Month-to-month,Yes,Bank transfer (automatic),55.3,1083.24,Yes
2819-BBCWB,Male,0,Yes,No,37,Yes,No,DSL,No,Yes,No,Yes,No,Yes,Month-to-month,No,Mailed check,58.09,2130.86,No
3991-PPVZK,Female,0,Yes,No,14,Yes,No,No,No internet service,No internet service,No internet service,No internet service,No internet service,No internet service,Month-to-month,No,Mailed check,29.79,405.69,No
3097-CXJXJ,Male,0,Yes,No,68,Yes,Yes,DSL,Yes,Yes,No,Yes,Yes,No,Two year,Yes,Mailed check,55.92,3778.83,No
7803-QSQHC,Female,0,Yes,Yes,23,Yes,Yes,Fiber optic,Yes,No,Yes,No,Yes,Yes,Month-to-month,Yes,Electronic check,86.7,2056.82,Yes
1097-KXQRG,Female,1,Yes,No,52,Yes,No,No,No internet service,No internet service,No internet service,No internet service,No internet service,No internet service,Month-to-month,No,Credit card (automatic),32.77,1770.49,Yes
5374-KDPJK,Male,1,No,No,35,Yes,Yes,No,No internet service,No internet service,No internet service,No internet service,No internet service,No internet service,Two year,No,Credit card (automatic),21.67,746.4,No
6371-AYFRU,Male,0,Yes,Yes,68,Yes,Yes,No,No internet service,No internet service,No internet service,No internet service,No internet service,No internet service,Two year,No,Credit card (automatic),27.0,1815.02,No
2385-GKVQM,Male,0,Yes,No,57,Yes,No,No,No internet service,No internet service,No internet service,No internet service,No internet service,No internet service,Month-to-month,Yes,Credit card (automatic),32.71,1947.34,No
8644-MXUEJ,Female,0,Yes,Yes,55,Yes,Yes,DSL,Yes,No,Yes,Yes,No,No,Two year,No,Mailed check,60.34,3238.41,No
1226-GACAR,Female,0,Yes,Yes,32,Yes,No,No,No internet service,No internet service,No internet service,No internet service,No internet service,No internet service,Month-to-month,No,Mailed check,25.13,794.42,No
4686-MTVNL,Female,0,No,No,49,Yes,Yes,Fiber optic,Yes,No,No,Yes,Yes,No,One year,No,Electronic check,80.7,3796.24,No
6848-KLHEF,Male,0,No,No,70,Yes,Yes,DSL,No,Yes,No,Yes,Yes,Yes,Two year,Yes,Bank transfer (automatic),56.54,4070.26,No
6897-VLCPX,Male,0,Yes,No,56,Yes,No,No,No internet service,No internet service,No internet service,No internet service,No internet service,No internet service,Month-to-month,No,Bank transfer (automatic),18.25,1019.46,No
5747-ACNWB,Female,0,Yes,No,17,No,No phone service,DSL,No,Yes,Yes,Yes,No,Yes,Month-to-month,No,Mailed check,51.41,907.28,Yes
7781-UBFAO,Male,0,No,Yes,51,Yes,Yes,DSL,No,No,Yes,No,No,Yes,One year,Yes,Mailed check,59.21,3083.17,No
2572-XCQUE,Male,0,Yes,No,44,Yes,Yes,DSL,Yes,Yes,No,No,Yes,No,One year,No,Electronic check,62.23,2660.26,No
3272-UCLGA,Male,0,Yes,No,56,Yes,Yes,Fiber optic,Yes,No,Yes,Yes,Yes,Yes,Two year,No,Electronic check,90.18,5069.79,No
5063-MJVCL,Female,0,Yes,No,6,Yes,No,Fiber optic,Yes,No,Yes,No,Yes,Yes,Month-to-month,Yes,Electronic check,75.44,441.31,Yes
2625-TOSCL,Male,1,No,No,26,Yes,No,DSL,No,Yes,No,No,No,Yes,Month-to-month,Yes,Credit card (automatic),53.12,1389.66,No
1455-IYSCJ,Female,0,Yes,Yes,8,Yes,Yes,No,No internet service,No internet service,No internet service,No internet service,No internet service,No internet service,One year,Yes,Bank transfer (automatic),33.22,257.79,Yes
8836-ETIMW,Female,0,Yes,No,1,Yes,Yes,No,No internet service,No internet service,No internet service,No internet service,No internet service,No internet service,Month-to-month,No,Electronic check,22.89,21.82,No
7052-HAGKD,Female,0,No,Yes,40,Yes,Yes,DSL,No,No,Yes,No,No,Yes,Month-to-month,Yes,Mailed check,63.78,2432.75,No
8938-BOZIN,Male,0,Yes,No,15,Yes,Yes,Fiber optic,Yes,Yes,No,Yes,Yes,Yes,Month-to-month,Yes,Credit card (automatic),89.13,1401.94,Yes
1661-SZUDJ,Male,0,Yes,No,3,Yes,Yes,No,No internet service,No internet service,No internet service,No internet service,No internet service,No internet service,Month-to-month,Yes,Electronic check,28.16,85.65,Yes
7511-UKYFT,Male,0,No,No,53,Yes,No,DSL,Yes,Yes,No,Yes,No,Yes,Month-to-month,No,Electronic check,60.15,3248.36,No
5467-SPLVV,Male,1,Yes,Yes,1,Yes,No,DSL,No,No,No,No,Yes,No,One year,No,Electronic check,64.68,67.41,No
8354-CKTWJ,Female,1,Yes,No,12,Yes,No,Fiber optic,Yes,Yes,No,Yes,No,No,Month-to-month,No,Mailed check,84.08,1049.13,No
7664-OFXLP,Male,0,Yes,No,16,Yes,Yes,DSL,Yes,No,No,No,No,Yes,Month-to-month,Yes,Mailed check,57.52,898.86,No
3595-ALSIY,Male,0,No,No,24,Yes,Yes,DSL,No,No,Yes,No,Yes,No,One year,Yes,Electronic check,60.13,1468.86,Yes
7750-QUWSV,Female,0,Yes,No,10,Yes,No,No,No internet service,No internet service,No internet service,No internet service,No internet service,No internet service,Month-to-month,Yes,Bank transfer (automatic),23.61,241.32,No
7418-WCIXM,Male,0,Yes,No,72,No,No phone service,DSL,Yes,No,No,No,Yes,Yes,Two year,Yes,Bank transfer (automatic),56.5,3959.83,No
1134-WRXAD,Male,0,No,Yes,53,Yes,Yes,Fiber optic,No,Yes,No,No,No,Yes,Two year,Yes,Electronic check,77.45,3915.99,No
5593-ENJFU,Male,0,Yes,No,11,Yes,Yes,DSL,No,No,Yes,Yes,Yes,No,Month-to-month,Yes,Credit card (automatic),66.62,696.36,No
1349-WDPZC,Female,1,No,No,72,Yes,Yes,Fiber optic,Yes,Yes,No,No,Yes,No,Two year,No,Credit card (automatic),82.77,5987.01,No
9340-HTWGJ,Female,0,Yes,No,57,Yes,Yes,DSL,Yes,No,Yes,Yes,Yes,Yes,Two year,Yes,Credit card (automatic),54.4,3192.95,No
8747-CCHPU,Male,0,No,Yes,4,Yes,Yes,DSL,No,No,Yes,No,No,Yes,Month-to-month,Yes,Electronic check,56.27,226.3,Yes
6062-MWEXI,Male,0,Yes,No,30,Yes,No,Fiber optic,No,Yes,Yes,No,No,No,Two year,No,Credit card (automatic),78.08,2282.33,No
3483-YQLIL,Male,0,No,Yes,4,Yes,Yes,Fiber optic,No,No,Yes,Yes,Yes,Yes,Month-to-month,Yes,Credit card (automatic),77.0,319.19,Yes
8123-DEHMV,Male,0,Yes,No,56,Yes,No,DSL,No,No,No,No,No,No,Two year,Yes,Credit card (automatic),69.62,4016.59,No
2896-UXLYX,Female,0,Yes,No,36,Yes,No,No,No internet service,No internet service,No internet service,No internet service,No internet service,No internet service,One year,Yes,Credit card (automatic),32.51,1176.79,No
8173-JHWLA,Male,0,No,Yes,60,Yes,No,No,No internet service,No internet service,No internet service,No internet service,No internet service,No internet service,Two year,Yes,Credit card (automatic),18.71,1178.44,No
7454-JYWCX,Female,1,Yes,Yes,12,Yes,No,Fiber optic,No,No,No,Yes,No,Yes,Month-to-month,No,Bank transfer (automatic),77.54,894.43,Yes
9546-THRWV,Female,0,No,Yes,5,Yes,Yes,DSL,No,Yes,Yes,No,No,No,One year,Yes,Mailed check,54.49,273.66,No
4879-SKGRM,Male,0,No,No,18,Yes,No,No,No internet service,No internet service,No internet service,No internet service,No internet service,No internet service,Month-to-month,No,Mailed check,27.97,479.01,Yes
3023-RIPJX,Female,1,Yes,No,54,Yes,Yes,Fiber optic,No,Yes,Yes,Yes,Yes,No,Two year,Yes,Electronic check,84.21,4432.78,No
8654-MSEZF,Male,0,No,No,38,Yes,Yes,Fiber optic,No,No,No,No,No,Yes,Month-to-month,Yes,Mailed check,85.37,3182.75,No
8801-VEATW,Male,0,Yes,No,8,Yes,No,Fiber optic,Yes,Yes,No,No,No,No,Month-to-month,Yes,Credit card (automatic),77.33,618.66,No
7446-BQKXU,Male,1,Yes,Yes,72,Yes,No,Fiber optic,Yes,No,Yes,No,No,No,Two year,Yes,Electronic check,76.07,5735.39,No
8189-KIVCC,Female,0,No,No,1,Yes,Yes,Fiber optic,Yes,Yes,No,No,Yes,No,Month-to-month,Yes,Mailed check,79.8,81.18,Yes
1559-NBPEX,Male,0,No,No,47,Yes,No,Fiber optic,No,No,No,Yes,No,Yes,One year,Yes,Credit card (automatic),87.58,4062.77,Yes
4890-CSIGR,Female,0,No,Yes,14,Yes,No,No,No internet service,No internet service,No internet service,No internet service,No internet service,No internet service,Month-to-month,Yes,Mailed check,38.88,537.2,No
9599-ZLWFW,Female,0,No,No,19,No,No phone service,Fiber optic,No,No,Yes,Yes,Yes,No,One year,Yes,Mailed check,70.63,1393.97,No
9477-NNOBW,Female,0,No,No,72,Yes,Yes,Fiber optic,Yes,No,Yes,No,Yes,No,Two year,No,Mailed check,90.48,6473.2,No
7637-WCUJV,Female,0,No,No,72,Yes,Yes,DSL,Yes,Yes,Yes,Yes,Yes,Yes,Two year,Yes,Mailed check,63.87,4577.4,No
9943-WXCIH,Female,0,Yes,No,12,Yes,Yes,Fiber optic,No,No,No,Yes,No,Yes,Month-to-month,Yes,Mailed check,77.69,950.26,Yes
5623-ZROUE,Female,0,No,No,32,No,No phone service,DSL,Yes,Yes,Yes,No,Yes,Yes,One year,Yes,Credit card (automatic),57.88,1797.62,No
6944-NFQVV,Female,0,Yes,No,16,Yes,Yes,Fiber optic,Yes,Yes,Yes,Yes,Yes,Yes,Month-to-month,Yes,Electronic check,84.15,1405.36,No
8587-VMBZL,Female,0,No,No,67,Yes,No,Fiber optic,No,No,No,Yes,No,No,Two year,Yes,Electronic check,84.47,5841.64,No
6694-AXXYE,Male,0,No,Yes,22,Yes,Yes,Fiber optic,Yes,Yes,Yes,No,No,Yes,One year,Yes,Electronic check,87.48,1860.38,No
8585-QDOMQ,Male,0,Yes,Yes,30,Yes,Yes,DSL,No,No,Yes,Yes,No,No,Month-to-month,Yes,Bank transfer (automatic),70.87,2026.62,No
1752-ORSTQ,Male,0,No,Yes,21,Yes,Yes,DSL,No,Yes,No,No,Yes,No,Month-to-month,No,Credit card (automatic),64.24,1359.31,No
7311-CUJOO,Female,0,Yes,No,8,Yes,Yes,DSL,Yes,Yes,Yes,Yes,No,No,Month-to-month,Yes,Mailed check,60.88,503.23,No
9783-IJTQI,Female,1,Yes,No,52,Yes,No,Fiber optic,No,No,No,Yes,Yes,No,Two year,No,Bank transfer (automatic),79.68,4320.35,No
4098-VVDKU,Male,0,No,No,72,Yes,Yes,DSL,No,No,No,Yes,Yes,No,Month-to-month,No,Electronic check,59.58,4430.66,No
2067-EENLI,Male,0,Yes,Yes,8,Yes,No,Fiber optic,No,No,No,Yes,No,Yes,Month-to-month,No,Electronic check,84.74,663.17,Yes
2223-QUFRU,Female,0,No,No,32,Yes,Yes,No,No internet service,No internet service,No internet service,No internet service,No internet service,No internet service,Month-to-month,Yes,Bank transfer (automatic),23.32,722.92,No
6013-OEYYS,Male,0,Yes,No,20,No,No phone service,DSL,Yes,Yes,No,No,No,Yes,One year,Yes,Electronic check,59.88,1188.22,No
9123-PRVAF,Male,0,No,No,47,Yes,No,Fiber optic,Yes,Yes,No,No,No,Yes,One year,No,Credit card (automatic),93.61,4532.55,No
2830-QGKMT,Female,0,Yes,Yes,19,Yes,Yes,Fiber optic,Yes,No,No,No,Yes,No,Month-to-month,No,Mailed check,74.11,1361.83,No
5656-ARLCQ,Female,0,Yes,No,31,Yes,Yes,DSL,No,No,No,No,No,No,Month-to-month,Yes,Credit card (automatic),56.63,1760.99,No
3431-LZGXM,Female,1,No,No,1,Yes,No,Fiber optic,Yes,No,No,No,No,Yes,Month-to-month,Yes,Electronic check,93.41,91.84,Yes
9392-WVFUJ,Female,0,Yes,No,59,Yes,Yes,Fiber optic,No,Yes,Yes,No,No,No,One year,Yes,Credit card (automatic),83.72,4770.5,Yes
9190-ZPXNA,Male,0,No,No,55,Yes,No,No,No internet service,No internet service,No internet service,No internet service,No internet service,No internet service,Two year,No,Electronic check,32.17,1846.85,No
8864-NBBSY,Male,0,No,No,66,Yes,Yes,DSL,Yes,No,Yes,Yes,No,Yes,Two year,Yes,Mailed check,54.03,3392.43,No
7275-LHKIH,Female,0,No,No,42,No,No phone service,DSL,Yes,Yes,No,No,No,No,Month-to-month,No,Electronic check,57.72,2502.68,No
2155-OFDHU,Female,0,Yes,No,5,Yes,Yes,No,No internet service,No internet service,No internet service,No internet service,No internet service,No internet service,Month-to-month,No,Credit card (automatic),23.47,120.86,Yes
6156-MPOMV,Male,0,Yes,No,30,Yes,No,No,No internet service,No internet service,No internet service,No internet service,No internet service,No internet service,Month-to-month,Yes,Mailed check,24.83,739.12,No
7572-EVECK,Male,0,No,No,56,Yes,No,DSL,No,Yes,Yes,Yes,Yes,No,Two year,Yes,Electronic check,58.11,3180.26,No
4534-USBMU,Female,0,Yes,Yes,34,Yes,No,DSL,Yes,Yes,Yes,No,No,No,One year,No,Credit card (automatic),69.82,2477.75,No
7597-NQOGO,Female,0,Yes,No,8,Yes,No,Fiber optic,Yes,Yes,No,Yes,No,Yes,Month-to-month,No,Mailed check,80.12,643.16,Yes
7075-BSGAT,Female,0,Yes,Yes,17,Yes,No,Fiber optic,Yes,No,No,No,Yes,No,Month-to-month,No,Bank transfer (automatic),89.85,1592.49,Yes
4508-KQOQY,Male,0,No,No,30,Yes,No,Fiber optic,Yes,Yes,No,No,Yes,Yes,Month-to-month,Yes,Electronic check,83.42,2397.41,Yes
6859-BFLMJ,Female,0,Yes,No,15,Yes,Yes,DSL,No,No,No,No,No,No,Month-to-month,No,Mailed check,70.74,1052.6,No
2659-CDYKY,Male,0,Yes,Yes,59,Yes,Yes,Fiber optic,Yes,Yes,Yes,No,Yes,Yes,Two year,Yes,Credit card (automatic),86.83,5123.63,Yes
4013-IMYOA,Female,0,Yes,No,11,No,No phone service,DSL,No,Yes,No,No,No,No,Month-to-month,Yes,Electronic check,47.16,498.85,No
3443-ZEVYF,Male,0,No,No,67,Yes,No,Fiber optic,No,Yes,No,Yes,Yes,Yes,Two year,Yes,Electronic check,83.83,5480.13,No
6029-PUUBI,Female,0,Yes,Yes,66,Yes,No,Fiber optic,Yes,No,Yes,Yes,Yes,Yes,Two year,Yes,Credit card (automatic),82.04,5319.85,Yes
9459-JGQFD,Male,0,Yes,No,13,Yes,No,No,No internet service,No internet service,No internet service,No internet service,No internet service,No internet service,Month-to-month,No,Electronic check,28.81,378.71,Yes
8180-DXGCT,Female,0,Yes,No,51,No,No phone service,Fiber optic,Yes,Yes,No,No,Yes,No,Month-to-month,Yes,Mailed check,79.11,3956.21,No
2588-JJNMF,Female,0,No,Yes,5,No,No phone service,DSL,Yes,Yes,Yes,Yes,Yes,No,Month-to-month,Yes,Mailed check,45.97,235.04,Yes
3111-FBQMC,Female,0,Yes,No,41,Yes,No,No,No internet service,No internet service,No internet service,No internet service,No internet service,No internet service,One year,Yes,Credit card (automatic),23.03,900.67,No
3981-RHKTR,Female,0,Yes,No,16,Yes,Yes,Fiber optic,Yes,No,Yes,Yes,No,Yes,Month-to-month,Yes,Electronic check,80.33,1223.99,Yes
7305-JMVWB,Male,0,Yes,No,35,Yes,Yes,No,No internet service,No internet service,No internet service,No internet service,No internet service,No internet service,Two year,No,Mailed check,25.02,912.67,No
8541-XYGNB,Female,0,No,Yes,63,Yes,No,No,No internet service,No internet service,No internet service,No internet service,No internet service,No internet service,One year,No,Electronic check,26.96,1657.01,No
1987-OFFHL,Male,0,No,Yes,57,Yes,Yes,Fiber optic,No,No,Yes,Yes,No,No,Two year,No,Electronic check,87.4,5008.45,No
2376-URUYP,Female,0,No,Yes,46,No,No phone service,DSL,No,No,Yes,Yes,No,No,One year,Yes,Credit card (automatic),58.45,2634.16,No
4254-ZOMKB,Male,0,Yes,No,15,No,No phone service,DSL,No,Yes,Yes,No,Yes,Yes,Month-to-month,Yes,Bank transfer (automatic),40.58,600.52,No
9602-VSFYE,Male,0,Yes,Yes,58,Yes,Yes,Fiber optic,Yes,No,Yes,No,No,No,One year,Yes,Electronic check,86.25,5246.15,No
3174-BHIUI,Female,0,Yes,No,33,Yes,Yes,Fiber optic,No,Yes,No,Yes,No,No,One year,Yes,Electronic check,91.23,2877.35,No
9600-HNPVT,Female,1,Yes,No,58,Yes,Yes,DSL,Yes,Yes,No,Yes,No,Yes,Month-to-month,Yes,Credit card (automatic),61.04,3533.6,No
8807-YDCLD,Male,0,No,No,36,Yes,No,Fiber optic,No,Yes,Yes,Yes,No,No,Month-to-month,Yes,Mailed check,79.4,2967.49,No
5441-PHCZJ,Female,0,No,No,15,Yes,Yes,DSL,No,No,No,No,Yes,Yes,Month-to-month,Yes,Mailed check,54.84,808.41,No
8550-QRUGF,Female,1,No,No,24,Yes,No,DSL,No,Yes,No,No,No,Yes,Month-to-month,No,Mailed check,65.38,1646.7,No
9970-RHQKW,Female,0,No,Yes,4,Yes,Yes,DSL,No,Yes,Yes,Yes,No,No,Month-to-month,No,Mailed check,62.08,252.1,Yes
5573-IRTJT,Male,0,No,Yes,3,Yes,Yes,DSL,No,Yes,No,Yes,Yes,No,Month-to-month,Yes,Electronic check,56.65,166.34,No
3107-GVQAR,Male,0,Yes,No,72,Yes,Yes,DSL,Yes,Yes,No,Yes,No,Yes,Two year,Yes,Bank transfer (automatic),61.04,4559.47,No
3752-HLLXL,Male,0,No,No,8,No,No phone service,Fiber optic,Yes,Yes,No,No,Yes,Yes,Month-to-month,Yes,Bank transfer (automatic),75.63,598.76,Yes
3669-UOAQN,Female,0,Yes,No,16,Yes,No,No,No internet service,No internet service,No internet service,No internet service,No internet service,No internet service,Month-to-month,No,Bank transfer (automatic),22.42,348.25,No
6170-EMQRR,Male,0,Yes,No,10,Yes,Yes,No,No internet service,No internet service,No internet service,No internet service,No internet service,No internet service,Month-to-month,Yes,Credit card (automatic),25.24,253.33,Yes
9977-NLOII,Male,0,No,Yes,34,Yes,Yes,Fiber optic,No,No,No,No,Yes,Yes,Month-to-month,No,Electronic check,84.16,2791.95,Yes
7211-ITTYD,Male,0,Yes,No,52,Yes,Yes,No,No internet service,No internet service,No internet service,No internet service,No internet service,No internet service,Two year,No,Electronic check,20.55,1043.14,No
4269-ULRTW,Male,0,No,No,8,Yes,No,DSL,Yes,Yes,Yes,Yes,Yes,Yes,Month-to-month,Yes,Electronic check,57.9,465.25,Yes
3034-GMNXB,Male,0,No,Yes,27,Yes,No,Fiber optic,No,No,Yes,Yes,Yes,No,Month-to-month,No,Credit card (automatic),93.31,2402.23,No
3207-XPRGQ,Male,0,No,No,4,Yes,No,Fiber optic,No,No,No,No,Yes,Yes,Month-to-month,No,Electronic check,77.5,317.21,Yes
4328-TCHQP,Female,1,No,No,15,Yes,Yes,Fiber optic,No,No,No,Yes,No,No,Month-to-month,No,Mailed check,84.31,1263.64,Yes
8562-UACJY,Female,0,Yes,No,24,Yes,No,DSL,No,No,Yes,Yes,Yes,Yes,One year,Yes,Bank transfer (automatic),63.58,1583.82,No
5294-XBZBV,Male,0,Yes,No,1,Yes,No,DSL,No,No,No,No,No,No,Month-to-month,Yes,Mailed check,56.49,55.92,Yes
8891-HHPSD,Male,0,Yes,Yes,41,Yes,Yes,DSL,No,No,No,No,No,Yes,Two year,Yes,Credit card (automatic),56.82,2230.53,No
3132-TUDXW,Female,0,No,No,49,Yes,Yes,No,No internet service,No internet service,No internet service,No internet service,No internet service,No internet service,One year,No,Bank transfer (automatic),20.75,1062.37,No
8810-GREFB,Female,0,Yes,No,32,Yes,Yes,No,No internet service,No internet service,No internet service,No internet service,No internet service,No internet service,One year,No,Electronic check,19.03,594.59,No
5437-SFEHF,Male,1,No,No,10,Yes,Yes,DSL,No,Yes,Yes,No,Yes,Yes,Month-to-month,Yes,Electronic check,68.64,689.04,Yes
8495-EHHFY,Male,0,Yes,No,9,Yes,No,Fiber optic,No,No,Yes,Yes,No,No,Month-to-month,Yes,Electronic check,80.38,755.07,Yes
2886-MOGME,Female,0,Yes,No,41,Yes,No,No,No internet service,No internet service,No internet service,No internet service,No internet service,No internet service,Month-to-month,No,Credit card (automatic),24.95,1030.19,Yes
5344-ALJJC,Female,0,No,No,18,Yes,Yes,DSL,No,No,Yes,No,No,Yes,Month-to-month,Yes,Credit card (automatic),54.6,936.47,Yes
9987-ADCZI,Female,0,No,No,36,Yes,Yes,Fiber optic,No,Yes,No,No,Yes,Yes,Month-to-month,No,Electronic check,85.28,3206.28,No
4878-TBBER,Female,0,Yes,No,72,Yes,No,DSL,No,Yes,Yes,Yes,Yes,Yes,One year,No,Credit card (automatic),56.54,4054.43,No
9805-QWWHE,Male,0,Yes,Yes,57,Yes,No,DSL,Yes,No,No,No,Yes,Yes,Two year,Yes,Electronic check,64.45,3762.24,No
2441-URWNZ,Male,0,Yes,No,23,No,No phone service,Fiber optic,No,Yes,Yes,No,Yes,Yes,One year,Yes,Credit card (automatic),72.55,1651.15,No
9045-VUDTY,Male,0,No,Yes,15,Yes,Yes,DSL,No,Yes,No,Yes,Yes,No,Month-to-month,Yes,Credit card (automatic),69.68,1046.78,No
3629-VJFSE,Male,0,Yes,Yes,21,No,No phone service,No,No internet service,No internet service,No internet service,No internet service,No internet service,No internet service,Month-to-month,Yes,Bank transfer (automatic),18.25,398.56,No
5330-YEEYU,Female,0,Yes,No,57,Yes,No,No,No internet service,No internet service,No internet service,No internet service,No internet service,No internet service,Two year,Yes,Mailed check,26.92,1487.12,No
5154-KZSXC,Male,0,Yes,No,1,Yes,No,DSL,No,No,Yes,Yes,No,Yes,Month-to-month,No,Bank transfer (automatic),62.07,62.73,No
5773-SANBX,Female,0,No,No,28,Yes,Yes,DSL,No,Yes,No,Yes,Yes,No,Month-to-month,Yes,Credit card (automatic),65.25,1770.28,No
7127-ENCUF,Male,0,No,No,38,Yes,No,DSL,Yes,Yes,No,Yes,No,No,Two year,No,Mailed check,51.3,1956.52,No
6464-CEZKD,Male,0,No,Yes,2,Yes,No,Fiber optic,Yes,Yes,Yes,No,No,No,Month-to-month,Yes,Credit card (automatic),77.45,155.06,No
7298-FPVRG,Male,0,No,No,70,No,No phone service,DSL,Yes,Yes,No,Yes,Yes,No,One year,Yes,Mailed check,52.78,3699.33,No
3132-FQRNK,Female,0,Yes,No,13,Yes,Yes,Fiber optic,No,No,No,Yes,No,No,Month-to-month,Yes,Mailed check,89.73,1139.69,Yes
1558-VRQCH,Female,1,No,Yes,37,Yes,No,Fiber optic,Yes,Yes,Yes,No,Yes,No,One year,Yes,Bank transfer (automatic),81.83,2997.13,Yes
3733-PUWNJ,Male,0,No,No,29,Yes,Yes,DSL,No,No,No,No,Yes,Yes,Month-to-month,Yes,Mailed check,70.14,2059.35,Yes
4672-TIKUO,Female,0,Yes,Yes,65,Yes,No,Fiber optic,No,No,Yes,Yes,No,Yes,Two year,Yes,Credit card (automatic),95.24,6474.48,No
5208-THBUL,Male,0,Yes,No,21,Yes,Yes,Fiber optic,No,No,No,No,Yes,Yes,Month-to-month,Yes,Credit card (automatic),82.79,1750.84,Yes
3928-CYSHP,Female,1,No,No,15,Yes,No,Fiber optic,No,Yes,Yes,Yes,No,No,Month-to-month,Yes,Electronic check,95.79,1367.22,Yes
5178-IIBZY,Male,0,Yes,No,24,Yes,Yes,No,No internet service,No internet service,No internet service,No internet service,No internet service,No internet service,Two year,No,Bank transfer (automatic),22.9,525.77,No
8833-IZHVC,Female,0,No,No,55,Yes,No,DSL,No,Yes,No,No,Yes,Yes,One year,Yes,Mailed check,61.45,3475.85,Yes
3793-PZGLV,Female,0,No,No,48,Yes,Yes,Fiber optic,No,Yes,Yes,No,No,Yes,Month-to-month,Yes,Bank transfer (automatic),85.15,3929.27,No
5250-RKAHO,Male,0,No,No,16,No,No phone service,No,No internet service,No internet service,No internet service,No internet service,No internet service,No internet service,Month-to-month,No,Mailed check,28.34,439.19,Yes
1175-GYAGQ,Male,0,No,No,10,Yes,No,DSL,Yes,No,No,No,Yes,No,Month-to-month,No,Electronic check,66.53,667.42,No
6067-FBXOO,Female,0,Yes,No,61,Yes,No,Fiber optic,No,Yes,No,Yes,Yes,No,Two year,Yes,Mailed check,82.72,5242.58,No
1519-FBZUO,Female,0,Yes,Yes,31,Yes,No,DSL,Yes,No,No,Yes,Yes,Yes,One year,No,Mailed check,56.52,1763.61,No
7127-EZNNY,Male,0,Yes,No,69,Yes,Yes,Fiber optic,No,No,No,Yes,No,Yes,Month-to-month,No,Bank transfer (automatic),85.35,5792.39,Yes
1863-LCLGL,Male,0,Yes,No,7,Yes,No,Fiber optic,No,Yes,No,Yes,No,Yes,Month-to-month,No,Mailed check,86.83,615.37,No
7317-HBESP,Female,1,No,No,7,Yes,No,No,No internet service,No internet service,No internet service,No internet service,No internet service,No internet service,Month-to-month,No,Bank transfer (automatic),32.53,237.56,No
9806-XETCC,Male,0,No,No,69,Yes,Yes,No,No internet service,No internet service,No internet service,No internet service,No internet service,No internet service,Two year,Yes,Mailed check,34.85,2503.95,No
8137-KZANI,Male,0,No,Yes,9,Yes,No,No,No internet service,No internet service,No internet service,No internet service,No internet service,No internet service,Month-to-month,No,Electronic check,23.44,218.24,Yes
9867-RUHXV,Male,0,No,Yes,1,Yes,No,No,No internet service,No internet service,No internet service,No internet service,No internet service,No internet service,Month-to-month,Yes,Mailed check,21.79,22.68,Yes
8055-MXRBW,Female,0,Yes,Yes,48,No,No phone service,DSL,Yes,No,No,Yes,Yes,No,Month-to-month,No,Credit card (automatic),57.9,2841.56,No
1188-RGXSV,Male,0,No,No,31,Yes,Yes,Fiber optic,No,No,No,Yes,No,No,One year,No,Credit card (automatic),75.3,2332.13,No
7297-OWHNH,Male,0,No,No,59,Yes,No,Fiber optic,No,Yes,No,No,No,Yes,Two year,Yes,Electronic check,92.39,5699.34,Yes
2022-WMBVY,Female,1,No,Yes,55,Yes,Yes,DSL,No,Yes,No,Yes,Yes,No,One year,No,Bank transfer (automatic),55.13,3009.78,No
6954-IWTHI,Male,0,No,Yes,36,No,No phone service,DSL,No,Yes,No,No,Yes,Yes,Two year,No,Electronic check,55.7,2021.06,No
9889-YRAFJ,Female,1,No,No,72,Yes,No,Fiber optic,No,No,Yes,No,No,Yes,Two year,No,Mailed check,74.94,5243.85,No
5822-WWHCH,Female,0,No,No,42,Yes,No,Fiber optic,Yes,Yes,Yes,Yes,No,No,Two year,Yes,Mailed check,78.77,3450.78,No
3117-XAVRC,Male,0,Yes,No,15,Yes,No,Fiber optic,Yes,No,Yes,No,Yes,No,Month-to-month,Yes,Bank transfer (automatic),86.84,1252.61,No
7164-PAFJF,Female,0,Yes,Yes,38,Yes,Yes,No,No internet service,No internet service,No internet service,No internet service,No internet service,No internet service,Month-to-month,Yes,Electronic check,19.25,722.01,No
6208-QEDRM,Male,0,No,No,2,Yes,No,DSL,No,No,Yes,Yes,Yes,No,Month-to-month,Yes,Bank transfer (automatic),57.67,114.75,No
3385-GBWVO,Female,0,No,Yes,32,Yes,No,Fiber optic,Yes,No,Yes,Yes,Yes,Yes,Two year,Yes,Electronic check,93.16,2873.11,No
4144-FHYCV,Male,0,Yes,No,1,No,No phone service,DSL,Yes,Yes,Yes,Yes,Yes,Yes,Month-to-month,No,Bank transfer (automatic),57.87,58.99,Yes
3740-GVYZG,Male,0,No,No,5,Yes,Yes,No,No internet service,No internet service,No internet service,No internet service,No internet service,No internet service,Month-to-month,Yes,Bank transfer (automatic),22.79,115.13,Yes
6319-HFKBE,Female,0,Yes,Yes,57,Yes,No,Fiber optic,No,Yes,No,Yes,No,No,One year,Yes,Mailed check,74.75,4417.23,No
6359-RHOTX,Male,0,Yes,No,54,Yes,No,DSL,No,Yes,No,Yes,Yes,No,Month-to-month,No,Bank transfer (automatic),67.46,3480.66,No
6115-GSEDJ,Female,0,No,No,28,Yes,No,DSL,No,No,No,Yes,No,Yes,One year,Yes,Electronic check,70.2,1885.64,No
3959-DBYRS,Female,1,No,Yes,42,Yes,No,DSL,No,Yes,No,Yes,No,No,One year,Yes,Credit card (automatic),46.68,2009.73,No
1596-UJTMG,Female,0,No,Yes,29,Yes,Yes,DSL,No,Yes,No,Yes,Yes,Yes,Two year,Yes,Electronic check,51.62,1534.86,No
3359-DVLUV,Male,0,Yes,Yes,45,Yes,Yes,Fiber optic,Yes,No,No,Yes,Yes,No,One year,No,Bank transfer (automatic),88.13,4057.28,No
2502-IDAZR,Male,0,Yes,Yes,28,Yes,Yes,DSL,Yes,No,Yes,Yes,Yes,No,Month-to-month,No,Electronic check,55.95,1607.17,No
5064-FPOFA,Female,0,Yes,No,33,No,No phone service,Fiber optic,No,No,No,Yes,Yes,Yes,Month-to-month,No,Credit card (automatic),83.75,2700.54,Yes
5220-NUKCW,Female,0,No,No,28,Yes,Yes,DSL,No,Yes,Yes,Yes,No,No,Month-to-month,Yes,Electronic check,56.69,1645.86,No
4722-SBAAU,Male,0,No,Yes,20,Yes,No,Fiber optic,Yes,No,No,No,Yes,Yes,Month-to-month,Yes,Credit card (automatic),91.14,1877.72,No
3166-UYRZY,Female,0,No,No,64,Yes,No,DSL,Yes,Yes,No,Yes,No,Yes,Two year,Yes,Electronic check,51.78,3336.61,No
7503-UPFCJ,Male,0,Yes,No,61,Yes,No,DSL,No,Yes,No,No,Yes,Yes,One year,No,Electronic check,58.39,3407.47,No
5275-JCNMY,Female,1,Yes,No,46,Yes,Yes,No,No internet service,No internet service,No internet service,No internet service,No internet service,No internet service,One year,Yes,Mailed check,23.36,1037.97,No
9587-QWIZY,Female,0,Yes,No,47,Yes,Yes,No,No internet service,No internet service,No internet service,No internet service,No internet service,No internet service,One year,Yes,Mailed check,29.15,1384.84,No
2127-SLGKX,Male,0,Yes,No,67,Yes,Yes,Fiber optic,Yes,Yes,Yes,No,Yes,Yes,One year,No,Bank transfer (automatic),83.06,5405.88,No
9317-IMNTM,Male,1,No,No,28,Yes,No,Fiber optic,Yes,No,No,Yes,No,No,One year,No,Electronic check,81.41,2316.96,No
4562-YJGII,Male,0,Yes,Yes,4,Yes,Yes,Fiber optic,Yes,Yes,Yes,Yes,No,Yes,Month-to-month,Yes,Credit card (automatic),80.79,312.79,Yes
5995-RDXGC,Female,0,No,No,33,Yes,No,Fiber optic,Yes,Yes,No,No,Yes,Yes,Month-to-month,No,Credit card (automatic),71.4,2321.32,No
7014-FTYSU,Male,0,Yes,Yes,2,Yes,No,DSL,Yes,No,Yes,No,No,No,Month-to-month,Yes,Mailed check,57.34,113.51,Yes
5452-IPJWM,Female,0,No,Yes,72,No,No phone service,Fiber optic,Yes,No,Yes,Yes,No,Yes,Two year,Yes,Credit card (automatic),73.18,5044.43,No
5490-REOTU,Female,0,Yes,Yes,50,Yes,Yes,DSL,Yes,Yes,No,No,Yes,No,Two year,Yes,Mailed check,62.92,3250.47,No
3024-BFVGB,Male,0,Yes,No,50,Yes,No,Fiber optic,Yes,Yes,Yes,Yes,No,No,Two year,No,Mailed check,79.14,3791.06,No
6374-WFBDD,Male,0,Yes,Yes,18,Yes,Yes,Fiber optic,Yes,Yes,Yes,No,Yes,Yes,Month-to-month,Yes,Electronic check,87.24,1564.08,Yes
2840-EQFOK,Female,0,No,No,72,Yes,Yes,Fiber optic,No,Yes,No,Yes,No,Yes,Two year,Yes,Credit card (automatic),80.08,5616.75,No
6888-RPXFN,Female,0,Yes,No,72,Yes,Yes,No,No internet service,No internet service,No internet service,No internet service,No internet service,No internet service,Two year,No,Mailed check,23.95,1741.32,No
4548-NDIYU,Male,0,Yes,No,72,Yes,No,DSL,Yes,No,No,No,No,No,Month-to-month,Yes,Credit card (automatic),59.93,4265.55,No
4834-CQHIC,Female,1,Yes,No,59,Yes,Yes,Fiber optic,Yes,Yes,Yes,Yes,Yes,No,One year,No,Bank transfer (automatic),79.08,4725.63,No
3601-FAPZD,Male,0,Yes,No,53,Yes,No,DSL,Yes,Yes,No,No,No,No,Two year,Yes,Mailed check,60.62,3168.49,No
1471-COVID,Female,0,Yes,Yes,14,Yes,No,DSL,No,No,Yes,Yes,No,Yes,Month-to-month,No,Credit card (automatic),50.87,683.9,No
1863-PJJGX,Male,1,Yes,No,60,Yes,Yes,DSL,Yes,No,Yes,No,Yes,No,Two year,No,Electronic check,62.76,3863.14,No
4373-STBGX,Male,0,No,Yes,10,Yes,No,DSL,No,No,Yes,No,Yes,No,Month-to-month,No,Mailed check,60.92,590.1,No
8944-KEHYR,Female,0,No,Yes,72,Yes,Yes,No,No internet service,No internet service,No internet service,No internet service,No internet service,No internet service,Month-to-month,No,Bank transfer (automatic),27.96,2047.45,No
1678-SDHMJ,Male,0,Yes,No,6,Yes,Yes,Fiber optic,Yes,No,Yes,No,No,Yes,Month-to-month,Yes,Credit card (automatic),89.99,543.14,Yes
7283-EWPHY,Male,1,No,Yes,28,Yes,Yes,Fiber optic,No,No,Yes,Yes,Yes,Yes,Month-to-month,Yes,Mailed check,94.69,2676.08,Yes
5305-KAZWE,Female,0,Yes,No,55,Yes,No,DSL,Yes,Yes,No,Yes,Yes,Yes,One year,No,Electronic check,58.25,3334.9,No
9528-UKYOR,Female,0,Yes,No,0,Yes,No,No,No internet service,No internet service,No internet service,No internet service,No internet service,No internet service,Month-to-month,Yes,Credit card (automatic),20.47, ,Yes
2648-CNIZC,Female,0,Yes,No,23,Yes,Yes,DSL,Yes,No,No,No,Yes,Yes,Month-to-month,Yes,Electronic check,57.46,1327.51,No
7864-PWZWJ,Female,0,No,No,72,No,No phone service,DSL,No,No,Yes,No,Yes,Yes,Two year,Yes,Mailed check,63.94,4819.94,No
7259-EMGGO,Female,0,No,Yes,4,Yes,No,No,No internet service,No internet service,No internet service,No internet service,No internet service,No internet service,Month-to-month,No,Mailed check,19.08,79.49,No
2142-OKFOT,Male,0,No,Yes,13,Yes,No,Fiber optic,Yes,Yes,No,No,No,Yes,Month-to-month,No,Mailed check,98.34,1334.84,Yes
6489-COQRL,Male,0,No,No,54,Yes,Yes,Fiber optic,Yes,No,Yes,No,Yes,No,Two year,No,Credit card (automatic),83.78,4742.54,No
1853-DIQTR,Male,0,Yes,No,71,Yes,Yes,No,No internet service,No internet service,No internet service,No internet service,No internet service,No internet service,Two year,No,Mailed check,27.13,1966.01,No
3809-LBUJN,Female,0,Yes,No,36,Yes,No,Fiber optic,Yes,No,Yes,No,Yes,Yes,Two year,Yes,Mailed check,92.34,3219.84,No
5046-HEYDY,Female,0,No,Yes,34,Yes,Yes,DSL,No,Yes,No,No,No,No,Month-to-month,No,Credit card (automatic),57.89,1905.41,No
2018-CXYXU,Male,0,No,No,6,Yes,Yes,DSL,No,Yes,No,Yes,Yes,No,Month-to-month,Yes,Bank transfer (automatic),62.4,378.46,Yes
5433-CPNTA,Male,0,No,Yes,72,Yes,No,DSL,Yes,Yes,No,Yes,Yes,No,Two year,Yes,Credit card (automatic),67.42,4935.69,No
1695-PWYOJ,Female,0,Yes,No,47,Yes,Yes,No,No internet service,No internet service,No internet service,No internet service,No internet service,No internet service,Two year,Yes,Bank transfer (automatic),19.22,876.18,No
5247-NQFKO,Male,1,No,No,20,Yes,Yes,DSL,No,No,No,Yes,No,Yes,One year,No,Bank transfer (automatic),50.23,1033.53,No
8656-UTFKO,Male,0,No,No,5,Yes,Yes,DSL,Yes,Yes,No,No,No,Yes,Month-to-month,Yes,Electronic check,61.3,308.19,Yes
9708-JXTQS,Male,0,Yes,No,26,Yes,Yes,Fiber optic,Yes,Yes,Yes,No,No,Yes,One year,Yes,Mailed check,75.97,1900.96,No
8136-SRJLP,Male,0,No,Yes,51,Yes,Yes,No,No internet service,No internet service,No internet service,No internet service,No internet service,No internet service,One year,Yes,Credit card (automatic),27.55,1429.6,No
8591-QZRKO,Male,0,No,No,72,Yes,Yes,Fiber optic,Yes,Yes,No,No,No,No,Two year,Yes,Credit card (automatic),81.94,5618.27,No
6609-WGGFB,Female,0,No,No,8,No,No phone service,DSL,No,Yes,No,No,No,No,Month-to-month,No,Electronic check,61.08,464.54,No
7074-ZPBJX,Male,1,Yes,Yes,11,Yes,No,DSL,Yes,Yes,Yes,No,No,No,Month-to-month,Yes,Electronic check,65.51,745.82,Yes
1466-PLXNO,Male,0,No,Yes,14,Yes,Yes,No,No internet service,No internet service,No internet service,No internet service,No internet service,No internet service,Month-to-month,Yes,Mailed check,18.25,249.09,No
7499-VNSUN,Female,0,No,No,54,Yes,Yes,Fiber optic,No,Yes,No,No,Yes,Yes,Two year,Yes,Mailed check,80.61,4377.05,No
7444-JJARG,Female,0,No,No,46,Yes,Yes,DSL,No,No,Yes,No,No,No,Two year,Yes,Credit card (automatic),52.93,2350.31,No
8324-YWHQT,Female,0,Yes,No,4,Yes,Yes,No,No internet service,No internet service,No internet service,No internet service,No internet service,No internet service,Month-to-month,No,Bank transfer (automatic),27.42,110.79,Yes
5554-NLIOZ,Male,0,Yes,Yes,17,Yes,No,Fiber optic,No,Yes,No,Yes,No,Yes,Month-to-month,No,Credit card (automatic),75.92,1297.23,Yes
2970-BBPHL,Male,1,Yes,No,26,Yes,Yes,Fiber optic,No,No,No,No,Yes,Yes,One year,No,Bank transfer (automatic),89.33,2258.88,Yes
9554-BEFLS,Female,0,Yes,No,3,Yes,Yes,Fiber optic,Yes,No,No,Yes,No,Yes,Month-to-month,Yes,Credit card (automatic),73.31,208.98,Yes
2649-CCUAQ,Male,0,No,No,68,Yes,No,DSL,Yes,Yes,Yes,No,No,Yes,Two year,Yes,Bank transfer (automatic),59.38,3912.45,No
6204-COHND,Male,1,Yes,Yes,7,Yes,Yes,Fiber optic,No,No,Yes,Yes,No,No,Month-to-month,No,Mailed check,78.34,526.1,Yes
7009-UANQA,Male,0,Yes,Yes,72,Yes,No,Fiber optic,Yes,Yes,No,No,No,Yes,Two year,Yes,Credit card (automatic),80.34,5920.88,No
7515-OHMRQ,Male,0,No,No,23,Yes,No,DSL,No,No,No,Yes,No,No,Month-to-month,No,Electronic check,56.92,1300.42,Yes
7989-AUAQJ,Female,0,No,No,67,Yes,Yes,DSL,Yes,No,No,Yes,Yes,Yes,Two year,No,Mailed check,60.08,4150.31,No
1573-RORJH,Male,0,No,No,19,Yes,No,No,No internet service,No internet service,No internet service,No internet service,No internet service,No internet service,Month-to-month,No,Credit card (automatic),18.39,341.63,No
6621-FVRZA,Male,0,No,No,8,Yes,No,No,No internet service,No internet service,No internet service,No internet service,No internet service,No internet service,Month-to-month,No,Mailed check,22.15,169.61,Yes
6269-OWLYG,Female,0,No,No,18,Yes,No,DSL,Yes,Yes,Yes,Yes,No,Yes,Month-to-month,No,Credit card (automatic),70.38,1251.59,No
8687-NYFGO,Female,1,Yes,No,12,Yes,Yes,DSL,No,Yes,No,No,Yes,No,Month-to-month,Yes,Bank transfer (automatic),60.36,694.21,Yes
5965-DQKDN,Female,0,No,No,50,Yes,No,Fiber optic,No,Yes,Yes,No,No,No,One year,No,Mailed check,92.62,4843.4,No
7279-AXPGT,Female,1,No,No,72,Yes,Yes,Fiber optic,No,Yes,Yes,No,No,No,One year,No,Electronic check,82.5,6053.81,No
8591-YUFEF,Male,0,Yes,No,25,Yes,No,Fiber optic,Yes,Yes,No,Yes,Yes,Yes,Month-to-month,Yes,Electronic check,79.85,2014.26,No
8879-HIXFK,Male,0,Yes,Yes,40,Yes,No,DSL,No,No,Yes,Yes,No,Yes,Two year,No,Mailed check,53.01,2090.41,No
3666-HPTGA,Male,0,Yes,Yes,11,Yes,No,No,No internet service,No internet service,No internet service,No internet service,No internet service,No internet service,Month-to-month,Yes,Mailed check,27.99,306.48,No
6753-ORLUQ,Male,0,No,No,25,Yes,No,DSL,No,No,No,Yes,No,Yes,Month-to-month,Yes,Credit card (automatic),69.26,1663.84,No
7817-TMIPQ,Male,0,Yes,No,10,Yes,No,No,No internet service,No internet service,No internet service,No internet service,No internet service,No internet service,Month-to-month,Yes,Mailed check,31.53,320.02,Yes
6143-NIDLW,Male,0,Yes,No,48,Yes,No,Fiber optic,Yes,Yes,No,Yes,Yes,Yes,Two year,Yes,Electronic check,86.96,4090.29,No
7449-TTXFS,Female,1,No,No,7,Yes,No,DSL,No,Yes,Yes,No,No,Yes,Month-to-month,No,Electronic check,67.96,463.45,Yes
1625-GALDK,Female,0,Yes,Yes,33,Yes,No,No,No internet service,No internet service,No internet service,No internet service,No internet service,No internet service,Month-to-month,Yes,Mailed check,29.53,987.34,No
2211-AMKKI,Female,0,Yes,No,17,Yes,No,No,No internet service,No internet service,No internet service,No internet service,No internet service,No internet service,Month-to-month,Yes,Credit card (automatic),30.76,502.26,No
4683-AMWDD,Female,0,No,Yes,72,Yes,No,No,No internet service,No internet service,No internet service,No internet service,No internet service,No internet service,Month-to-month,Yes,Mailed check,30.03,2262.23,No
8019-NGUIP,Female,0,Yes,No,9,Yes,Yes,Fiber optic,Yes,Yes,No,No,No,No,Month-to-month,Yes,Electronic check,88.43,758.55,Yes
6003-ETQFT,Female,0,No,No,29,Yes,No,Fiber optic,No,Yes,Yes,No,No,No,Month-to-month,Yes,Credit card (automatic),76.76,2215.53,No
6584-WVIYA,Male,0,No,No,72,Yes,Yes,DSL,No,Yes,Yes,Yes,Yes,No,Two year,Yes,Credit card (automatic),56.68,4118.36,No
4006-PNFFU,Female,0,Yes,No,0,No,No phone service,DSL,No,Yes,No,Yes,No,Yes,Month-to-month,No,Electronic check,66.01, ,No
8883-RNUGZ,Male,0,No,No,16,Yes,No,No,No internet service,No internet service,No internet service,No internet service,No internet service,No internet service,Month-to-month,No,Electronic check,21.43,339.44,No
2124-PIXGQ,Female,0,Yes,No,0,Yes,No,Fiber optic,Yes,No,No,Yes,Yes,Yes,One year,Yes,Electronic check,76.67, ,Yes
2406-EKUHS,Male,0,Yes,No,20,Yes,Yes,Fiber optic,Yes,Yes,No,No,Yes,No,Month-to-month,Yes,Credit card (automatic),86.31,1800.19,Yes
6140-ZHGXI,Male,0,No,No,6,Yes,Yes,Fiber optic,No,Yes,No,No,No,Yes,Month-to-month,No,Credit card (automatic),82.0,499.13,Yes
2931-VVBWQ,Female,0,No,No,57,Yes,No,Fiber optic,Yes,No,Yes,No,No,Yes,Two year,Yes,Mailed check,92.29,5500.99,No
3509-NGEDE,Male,0,Yes,No,8,Yes,Yes,No,No internet service,No internet service,No internet service,No internet service,No internet service,No internet service,Month-to-month,Yes,Mailed check,18.25,147.37,No
6244-VMALT,Female,1,No,Yes,48,Yes,No,DSL,Yes,Yes,Yes,No,Yes,Yes,One year,Yes,Credit card (automatic),52.94,2454.21,No
8516-TJQBK,Female,0,No,No,46,Yes,Yes,DSL,No,Yes,Yes,No,Yes,No,One year,No,Bank transfer (automatic),71.77,3410.86,No
5830-AAUFD,Male,0,Yes,Yes,72,Yes,Yes,DSL,No,Yes,No,No,Yes,Yes,Two year,No,Electronic check,54.63,4118.61,No
6327-HZYVH,Male,0,Yes,No,18,Yes,No,No,No internet service,No internet service,No internet service,No internet service,No internet service,No internet service,Month-to-month,No,Electronic check,21.48,368.68,Yes
8877-GGZRC,Female,0,No,No,54,Yes,No,DSL,Yes,No,No,No,No,No,One year,Yes,Electronic check,58.22,3034.51,No
8978-ERLAU,Female,0,Yes,No,25,Yes,Yes,No,No internet service,No internet service,No internet service,No internet service,No internet service,No internet service,One year,No,Electronic check,18.25,449.47,No
7179-WPTXZ,Female,0,No,No,52,No,No phone service,DSL,No,No,No,Yes,Yes,No,Two year,Yes,Bank transfer (automatic),58.08,2898.86,No
6045-AIQCD,Female,0,Yes,Yes,17,Yes,Yes,DSL,Yes,No,No,No,Yes,No,Month-to-month,Yes,Bank transfer (automatic),51.92,850.6,No
4553-XIYUH,Male,0,No,No,8,Yes,No,No,No internet service,No internet service,No internet service,No internet service,No internet service,No internet service,One year,Yes,Credit card (automatic),28.61,220.0,No
3079-VTQZC,Female,0,Yes,No,9,Yes,Yes,Fiber optic,No,Yes,Yes,No,Yes,No,Month-to-month,Yes,Mailed check,73.82,678.13,Yes
4471-PBZOI,Male,1,No,No,14,Yes,Yes,Fiber optic,Yes,Yes,Yes,Yes,Yes,No,Month-to-month,Yes,Bank transfer (automatic),87.31,1264.85,Yes
3151-APZAK,Male,0,No,No,4,Yes,No,Fiber optic,No,Yes,Yes,No,No,No,Month-to-month,Yes,Mailed check,81.75,341.57,No
6958-LQSZP,Female,0,No,Yes,66,Yes,No,Fiber optic,No,No,Yes,No,No,Yes,Two year,Yes,Mailed check,82.0,5377.2,No
7387-HDCCV,Male,0,No,Yes,20,Yes,Yes,Fiber optic,Yes,Yes,No,Yes,No,No,One year,Yes,Mailed check,86.7,1656.44,No
1365-MPRBW,Female,0,Yes,No,46,Yes,No,Fiber optic,No,No,No,No,Yes,No,One year,Yes,Mailed check,88.35,4113.76,No
4935-ADWYT,Male,0,Yes,No,40,Yes,Yes,Fiber optic,No,Yes,No,No,Yes,No,One year,Yes,Electronic check,83.54,3274.11,No
3999-YHGTI,Male,0,Yes,No,13,Yes,Yes,Fiber optic,No,No,No,No,No,No,Month-to-month,Yes,Electronic check,82.92,1052.92,Yes
5679-REYEZ,Female,0,Yes,Yes,48,No,No phone service,Fiber optic,No,No,No,Yes,Yes,Yes,Month-to-month,Yes,Mailed check,74.97,3651.0,No
3496-KGOAE,Male,0,No,No,29,Yes,Yes,DSL,No,Yes,Yes,Yes,No,Yes,One year,No,Credit card (automatic),62.39,1877.7,No
5673-SZVXU,Female,0,Yes,No,42,Yes,Yes,DSL,Yes,No,No,No,Yes,No,One year,No,Credit card (automatic),68.41,2904.73,No
7987-IXZND,Male,0,Yes,No,47,Yes,Yes,DSL,No,Yes,No,No,No,No,One year,No,Bank transfer (automatic),63.16,2985.87,No
1383-MQOXN,Female,0,No,No,3,Yes,No,No,No internet service,No internet service,No internet service,No internet service,No internet service,No internet service,Month-to-month,No,Credit card (automatic),18.25,56.72,No
6948-TXPOC,Female,0,No,Yes,62,Yes,No,Fiber optic,No,Yes,No,No,No,No,One year,Yes,Mailed check,83.1,5213.28,No
6780-EJNCS,Female,0,No,No,20,Yes,No,DSL,No,Yes,No,Yes,Yes,Yes,One year,No,Mailed check,56.1,1139.22,No
3524-NJJKB,Male,0,No,No,13,Yes,No,No,No internet service,No internet service,No internet service,No internet service,No internet service,No internet service,Month-to-month,No,Bank transfer (automatic),18.38,243.87,No
2758-UDMDO,Female,0,Yes,No,18,Yes,No,DSL,Yes,Yes,No,No,Yes,Yes,One year,No,Electronic check,58.34,1026.44,No
6792-MUGOH,Male,1,Yes,Yes,4,Yes,Yes,DSL,Yes,No,No,Yes,Yes,No,Month-to-month,Yes,Electronic check,62.42,260.99,No
5580-BGSUH,Female,0,No,No,7,Yes,No,DSL,Yes,No,No,No,Yes,No,Month-to-month,Yes,Credit card (automatic),63.95,466.45,Yes
3323-HHZQK,Male,0,No,Yes,22,Yes,No,Fiber optic,No,Yes,Yes,No,No,No,Two year,Yes,Credit card (automatic),85.92,1827.81,No
5157-NOKZH,Female,0,No,Yes,4,Yes,Yes,DSL,No,Yes,Yes,Yes,Yes,Yes,Month-to-month,Yes,Bank transfer (automatic),55.83,227.51,No
4845-AMWZM,Female,0,No,No,59,Yes,No,Fiber optic,No,No,No,Yes,No,Yes,Two year,No,Electronic check,77.52,4394.64,Yes
2254-SQYNA,Female,1,No,No,38,Yes,No,No,No internet service,No internet service,No internet service,No internet service,No internet service,No internet service,One year,No,Bank transfer (automatic),18.25,667.93,No
9106-RUDLL,Male,0,Yes,No,15,Yes,No,Fiber optic,Yes,Yes,Yes,No,Yes,Yes,Month-to-month,No,Bank transfer (automatic),82.24,1175.53,Yes
3408-WEBGZ,Male,1,No,No,69,Yes,Yes,No,No internet service,No internet service,No internet service,No internet service,No internet service,No internet service,Two year,No,Credit card (automatic),28.37,1913.14,No
2020-PEKOA,Male,0,No,No,21,No,No phone service,DSL,No,Yes,Yes,No,No,No,Month-to-month,Yes,Electronic check,57.79,1226.04,No
3170-PAMPF,Male,0,Yes,No,47,Yes,Yes,Fiber optic,No,No,No,No,No,No,Month-to-month,Yes,Bank transfer (automatic),77.39,3615.65,Yes
2459-MSAIZ,Male,0,Yes,No,7,No,No phone service,No,No internet service,No internet service,No internet service,No internet service,No internet service,No internet service,Month-to-month,Yes,Bank transfer (automatic),29.8,199.61,Yes
4020-ITMKU,Male,1,Yes,No,38,Yes,Yes,Fiber optic,No,No,Yes,Yes,No,Yes,One year,No,Credit card (automatic),84.37,3145.35,No
1276-SJXSY,Female,1,No,No,36,Yes,No,No,No internet service,No internet service,No internet service,No internet service,No internet service,No internet service,Month-to-month,Yes,Credit card (automatic),29.49,1048.66,Yes
2158-EXKVR,Female,0,No,No,21,Yes,No,Fiber optic,No,Yes,Yes,Yes,No,Yes,Month-to-month,Yes,Electronic check,86.22,1900.81,Yes
5497-BBSCA,Female,0,No,Yes,72,Yes,Yes,DSL,Yes,Yes,No,Yes,Yes,No,Two year,No,Bank transfer (automatic),51.53,3764.79,No
2975-XQSQO,Female,0,Yes,Yes,51,Yes,No,No,No internet service,No internet service,No internet service,No internet service,No internet service,No internet service,Two year,Yes,Credit card (automatic),29.4,1506.67,No
3307-LOZXT,Female,0,Yes,Yes,72,Yes,Yes,DSL,No,No,Yes,Yes,Yes,No,Two year,Yes,Bank transfer (automatic),68.86,4993.84,No
8318-URVBA,Female,0,Yes,No,26,Yes,Yes,No,No internet service,No internet service,No internet service,No internet service,No internet service,No internet service,Month-to-month,Yes,Electronic check,19.18,484.4,No
4998-BIFYR,Male,0,No,No,43,Yes,Yes,DSL,No,No,No,Yes,No,Yes,Two year,Yes,Credit card (automatic),54.34,2269.84,No
1377-QTIWZ,Male,0,No,Yes,37,No,No phone service,Fiber optic,No,No,No,No,No,No,Two year,Yes,Credit card (automatic),80.54,2956.25,No
9825-CLULM,Male,0,Yes,No,44,Yes,No,Fiber optic,Yes,No,No,Yes,Yes,No,Month-to-month,Yes,Mailed check,83.48,3594.03,No
3954-KSAUS,Male,0,No,No,28,Yes,No,Fiber optic,No,Yes,No,Yes,No,No,Month-to-month,Yes,Electronic check,86.1,2384.63,Yes
2247-UNILN,Male,0,No,No,5,Yes,No,Fiber optic,Yes,No,Yes,No,Yes,No,Month-to-month,No,Bank transfer (automatic),76.83,396.29,Yes
2894-PQJLQ,Male,0,No,Yes,15,No,No phone service,DSL,No,No,Yes,Yes,Yes,Yes,Two year,Yes,Credit card (automatic),59.18,897.47,No
5531-LYWJS,Female,0,Yes,Yes,7,Yes,No,DSL,No,Yes,Yes,Yes,Yes,No,One year,No,Credit card (automatic),50.62,341.15,No
8290-CPUBI,Male,0,No,No,72,Yes,No,Fiber optic,Yes,No,No,No,No,Yes,Month-to-month,Yes,Credit card (automatic),81.03,5792.15,No
8179-YZPBA,Female,0,Yes,Yes,9,Yes,Yes,Fiber optic,Yes,No,Yes,No,Yes,Yes,Month-to-month,No,Bank transfer (automatic),84.88,763.06,Yes
8299-TFDDW,Male,0,Yes,No,65,Yes,Yes,Fiber optic,Yes,No,No,No,Yes,Yes,Two year,Yes,Mailed check,78.7,4913.92,No
7881-YCSYN,Male,0,No,No,38,Yes,Yes,DSL,No,No,No,No,No,Yes,One year,Yes,Electronic check,60.43,2283.69,No
7965-PALGC,Male,0,No,No,41,Yes,No,Fiber optic,No,Yes,No,No,No,No,Two year,No,Bank transfer (automatic),89.4,3491.34,No
6359-YBIRI,Female,0,No,No,6,Yes,No,DSL,Yes,Yes,Yes,No,No,No,Month-to-month,No,Electronic check,55.2,337.33,Yes
2048-EAZMY,Male,1,No,Yes,72,No,No phone service,DSL,No,No,Yes,Yes,Yes,No,Two year,Yes,Mailed check,52.75,3767.46,No
7170-JYGEU,Male,0,No,Yes,2,Yes,No,Fiber optic,No,No,No,Yes,No,No,Month-to-month,Yes,Electronic check,69.13,143.65,Yes
5979-KPZHX,Female,0,Yes,No,38,No,No phone service,Fiber optic,No,Yes,No,Yes,No,Yes,Month-to-month,Yes,Credit card (automatic),78.99,2902.2,Yes
9196-TECDS,Female,1,No,No,72,Yes,No,Fiber optic,Yes,No,No,Yes,Yes,No,Two year,Yes,Bank transfer (automatic),90.8,6727.93,No
4599-ZAJGW,Male,1,Yes,Yes,20,No,No phone service,DSL,No,No,Yes,No,No,No,Month-to-month,No,Bank transfer (automatic),48.86,941.77,No
2090-KWZXQ,Male,0,No,No,1,Yes,No,DSL,Yes,No,No,No,Yes,No,One year,Yes,Electronic check,57.1,55.67,Yes
2466-CKMNB,Female,0,No,No,12,Yes,No,Fiber optic,No,Yes,Yes,No,Yes,Yes,Month-to-month,No,Mailed check,89.14,1065.18,Yes
7077-KCXJG,Male,0,Yes,No,48,No,No phone service,No,No internet service,No internet service,No internet service,No internet service,No internet service,No internet service,One year,Yes,Mailed check,28.68,1378.32,No
5431-YVCRR,Male,0,Yes,No,7,Yes,No,DSL,Yes,Yes,No,No,Yes,No,Month-to-month,No,Bank transfer (automatic),59.64,435.73,Yes
8972-ZTRJX,Male,0,No,Yes,36,Yes,Yes,DSL,No,No,No,No,No,No,Month-to-month,No,Mailed check,54.5,2029.38,Yes
9486-ZYQYU,Male,0,Yes,No,3,No,No phone service,No,No internet service,No internet service,No internet service,No internet service,No internet service,No internet service,Month-to-month,No,Electronic check,18.25,55.99,Yes
3161-AZLWH,Male,0,No,No,71,Yes,No,Fiber optic,No,Yes,Yes,No,Yes,Yes,Two year,Yes,Electronic check,86.23,6408.98,No
4245-VNRIP,Male,0,Yes,No,43,Yes,No,Fiber optic,No,No,Yes,No,No,No,Two year,Yes,Mailed check,78.99,3232.36,No
5381-YMCTY,Male,1,Yes,No,72,Yes,No,No,No internet service,No internet service,No internet service,No internet service,No internet service,No internet service,Two year,Yes,Bank transfer (automatic),22.1,1616.53,No
8944-CZJVQ,Male,0,No,No,33,Yes,No,Fiber optic,No,Yes,No,No,No,No,Two year,No,Electronic check,78.64,2623.39,No
9756-IPREU,Female,1,Yes,No,72,No,No phone service,DSL,No,No,No,Yes,Yes,No,One year,No,Credit card (automatic),60.61,4447.47,No
2290-VDEME,Male,0,No,No,19,Yes,No,Fiber optic,Yes,Yes,No,No,No,No,Month-to-month,No,Credit card (automatic),83.91,1558.11,No
1690-BHMBD,Female,1,Yes,Yes,36,Yes,Yes,DSL,Yes,Yes,Yes,Yes,Yes,Yes,Month-to-month,No,Electronic check,56.68,2016.5,Yes
6504-ITVAY,Female,0,No,No,60,Yes,No,Fiber optic,Yes,Yes,Yes,No,No,No,Two year,No,Mailed check,83.57,4915.69,No
7152-VMAXO,Female,0,Yes,No,6,No,No phone service,Fiber optic,Yes,Yes,Yes,No,No,Yes,Month-to-month,Yes,Credit card (automatic),80.77,506.11,Yes
1334-EFJLL,Male,0,Yes,Yes,9,Yes,No,Fiber optic,Yes,No,No,Yes,Yes,Yes,Month-to-month,Yes,Mailed check,73.28,691.4,No
8812-YRQWG,Male,0,No,No,3,Yes,No,No,No internet service,No internet service,No internet service,No internet service,No internet service,No internet service,Month-to-month,No,Mailed check,27.59,79.11,Yes
6022-QHYGB,Male,0,Yes,No,62,Yes,No,No,No internet service,No internet service,No internet service,No internet service,No internet service,No internet service,Two year,No,Electronic check,32.68,2007.17,No
3910-VJFWD,Female,0,Yes,No,72,Yes,Yes,Fiber optic,No,Yes,Yes,Yes,No,Yes,Month-to-month,Yes,Credit card (automatic),78.55,5460.57,No
2428-XIALT,Male,0,No,Yes,6,No,No phone service,DSL,No,Yes,No,Yes,Yes,Yes,Month-to-month,Yes,Credit card (automatic),50.58,297.14,Yes
7812-CHQRQ,Female,1,Yes,No,40,Yes,Yes,DSL,Yes,No,No,No,No,Yes,One year,No,Electronic check,66.61,2614.59,No
4040-WCVYR,Female,0,Yes,No,53,Yes,No,Fiber optic,Yes,No,No,No,No,No,One year,No,Credit card (automatic),71.72,3839.51,No
4865-JLEFQ,Female,0,Yes,No,4,Yes,Yes,No,No internet service,No internet service,No internet service,No internet service,No internet service,No internet service,Month-to-month,Yes,Electronic check,38.56,149.57,No
5951-MMCWY,Female,1,No,Yes,34,Yes,Yes,DSL,No,No,No,Yes,No,Yes,One year,Yes,Electronic check,53.66,1775.91,No
3207-IQACX,Female,0,Yes,No,12,Yes,No,No,No internet service,No internet service,No internet service,No internet service,No internet service,No internet service,Month-to-month,Yes,Bank transfer (automatic),22.14,270.01,No
2552-PWTHD,Female,0,No,No,6,Yes,Yes,Fiber optic,Yes,No,Yes,No,No,Yes,Month-to-month,No,Credit card (automatic),77.31,468.62,Yes
7460-KZQAG,Female,0,Yes,No,72,Yes,No,Fiber optic,No,No,No,Yes,No,Yes,One year,No,Credit card (automatic),75.87,5621.77,No
7699-STGGF,Female,0,No,No,54,Yes,Yes,Fiber optic,No,No,Yes,No,No,No,Two year,Yes,Mailed check,85.14,4511.13,No
7261-AVHMG,Female,0,No,No,38,No,No phone service,No,No internet service,No internet service,No internet service,No internet service,No internet service,No internet service,One year,No,Mailed check,22.97,847.03,No
4826-TFOBE,Female,0,Yes,Yes,34,Yes,No,DSL,Yes,Yes,No,No,No,No,Month-to-month,Yes,Mailed check,55.86,1836.53,Yes
7159-OPFFL,Male,1,Yes,No,37,Yes,Yes,No,No internet service,No internet service,No internet service,No internet service,No internet service,No internet service,Month-to-month,No,Bank transfer (automatic),18.25,707.63,No
2160-XGSEQ,Female,0,Yes,No,10,Yes,Yes,DSL,Yes,No,No,No,Yes,No,Month-to-month,No,Electronic check,57.15,586.96,Yes
2834-HKDDT,Female,0,Yes,No,26,Yes,Yes,No,No internet service,No internet service,No internet service,No internet service,No internet service,No internet service,Month-to-month,Yes,Electronic check,27.81,741.94,No
4110-OQQQZ,Male,0,No,Yes,20,Yes,No,Fiber optic,Yes,Yes,No,Yes,Yes,Yes,Month-to-month,Yes,Credit card (automatic),82.89,1714.78,Yes
6676-JHUKO,Male,1,Yes,No,36,Yes,No,Fiber optic,Yes,No,Yes,No,No,Yes,Month-to-month,Yes,Bank transfer (automatic),84.53,2957.39,Yes
8333-GFBBQ,Female,0,No,No,13,Yes,Yes,Fiber optic,Yes,No,No,No,No,Yes,Month-to-month,No,Credit card (automatic),80.99,1085.34,No
5531-HFSCS,Female,0,Yes,No,3,Yes,No,No,No internet service,No internet service,No internet service,No internet service,No internet service,No internet service,Month-to-month,No,Electronic check,18.25,56.48,No
9142-LMNCQ,Female,0,Yes,No,45,Yes,Yes,Fiber optic,No,No,No,Yes,No,No,Month-to-month,No,Credit card (automatic),73.32,3429.37,Yes
4286-MAWIB,Female,0,Yes,No,7,Yes,No,No,No internet service,No internet service,No internet service,No internet service,No internet service,No internet service,Month-to-month,Yes,Mailed check,31.39,212.72,No
8037-ZNAZF,Female,0,No,Yes,9,Yes,Yes,DSL,No,Yes,No,No,No,No,Month-to-month,No,Credit card (automatic),61.41,542.13,No
3163-SICRG,Female,0,No,Yes,12,Yes,No,Fiber optic,Yes,No,Yes,No,No,No,Month-to-month,Yes,Electronic check,76.58,904.7,Yes
8753-EXSGP,Female,0,No,No,41,Yes,No,DSL,Yes,No,Yes,Yes,Yes,Yes,Month-to-month,Yes,Bank transfer (automatic),59.4,2487.08,No
9444-BVLYF,Male,0,Yes,No,68,No,No phone service,DSL,No,Yes,Yes,Yes,Yes,Yes,Month-to-month,Yes,Credit card (automatic),65.72,4359.18,Yes
7474-ZICKP,Female,0,Yes,Yes,11,Yes,No,No,No internet service,No internet service,No internet service,No internet service,No internet service,No internet service,Month-to-month,No,Mailed check,21.43,225.69,No
6670-MYPQY,Female,0,No,No,11,Yes,No,Fiber optic,Yes,No,No,Yes,No,No,Month-to-month,Yes,Mailed check,83.04,880.87,No
9452-IHTNL,Female,0,No,No,69,Yes,Yes,No,No internet service,No internet service,No internet service,No internet service,No internet service,No internet service,Two year,No,Bank transfer (automatic),28.76,1993.16,No
7284-RXJTF,Female,1,No,No,5,Yes,No,DSL,Yes,Yes,No,No,No,No,Month-to-month,No,Bank transfer (automatic),56.18,282.66,No
9432-CTCWY,Female,0,No,No,52,Yes,No,Fiber optic,Yes,Yes,Yes,No,Yes,Yes,One year,No,Electronic check,98.4,5089.21,No
8360-UMGZN,Female,0,No,No,53,Yes,No,No,No internet service,No internet service,No internet service,No internet service,No internet service,No internet service,One year,Yes,Bank transfer (automatic),24.11,1303.01,No
8347-SSJLL,Male,0,Yes,Yes,2,Yes,No,Fiber optic,No,No,Yes,No,Yes,Yes,One year,Yes,Bank transfer (automatic),90.03,175.11,Yes
6421-SFFBN,Female,0,No,No,50,Yes,Yes,Fiber optic,Yes,Yes,No,Yes,Yes,No,One year,No,Bank transfer (automatic),87.65,4411.45,No
7018-FSAWR,Male,0,Yes,No,66,Yes,No,DSL,Yes,Yes,No,No,No,No,Month-to-month,Yes,Bank transfer (automatic),64.8,4200.84,No
7148-SJZTE,Male,0,No,No,27,Yes,No,Fiber optic,No,No,Yes,No,Yes,No,Month-to-month,Yes,Mailed check,87.07,2327.94,Yes
9300-TIYGQ,Female,1,Yes,Yes,59,Yes,Yes,DSL,Yes,Yes,Yes,Yes,Yes,No,Month-to-month,Yes,Electronic check,50.55,3114.77,No
7030-ZOZHU,Female,0,No,Yes,4,Yes,Yes,Fiber optic,No,Yes,Yes,Yes,Yes,Yes,Month-to-month,No,Electronic check,74.78,297.7,Yes
3208-ZTQBM,Male,0,Yes,No,6,No,No phone service,DSL,Yes,Yes,No,No,No,No,Month-to-month,Yes,Electronic check,64.4,376.6,No
2296-XJVXC,Female,0,No,No,7,Yes,Yes,Fiber optic,Yes,No,No,No,Yes,No,Month-to-month,Yes,Mailed check,77.26,520.64,No
7832-HCGOW,Male,0,No,No,69,Yes,No,Fiber optic,Yes,Yes,No,Yes,No,Yes,Month-to-month,Yes,Bank transfer (automatic),94.13,6662.0,No
7224-GHHTN,Female,0,Yes,No,72,Yes,No,Fiber optic,Yes,No,No,No,No,No,Two year,No,Electronic check,74.7,5591.45,No
1215-BBYNM,Male,0,Yes,Yes,15,Yes,No,DSL,Yes,Yes,No,No,Yes,Yes,Month-to-month,No,Electronic check,57.72,860.48,Yes
7848-EAHFU,Female,1,Yes,No,0,Yes,No,Fiber optic,No,Yes,Yes,Yes,Yes,Yes,Month-to-month,No,Mailed check,84.09, ,Yes
8364-QXMGI,Female,1,Yes,No,18,Yes,Yes,DSL,Yes,No,No,Yes,Yes,Yes,One year,No,Mailed check,57.83,1083.37,Yes
2274-XPUHS,Female,0,No,No,41,Yes,No,Fiber optic,No,No,Yes,No,Yes,Yes,Two year,No,Bank transfer (automatic),87.68,3498.34,No
3974-LQZOS,Male,0,No,Yes,21,Yes,Yes,DSL,Yes,Yes,Yes,Yes,No,No,Month-to-month,Yes,Mailed check,71.83,1474.14,No
6351-LYYIX,Male,0,Yes,Yes,69,Yes,Yes,DSL,No,Yes,No,No,No,Yes,One year,No,Credit card (automatic),55.6,3726.82,No
5060-TNTWL,Male,0,Yes,Yes,50,Yes,Yes,Fiber optic,Yes,Yes,No,No,Yes,No,Month-to-month,No,Bank transfer (automatic),77.18,4023.08,No
7305-NUESP,Male,0,No,Yes,55,Yes,No,No,No internet service,No internet service,No internet service,No internet service,No internet service,No internet service,Two year,No,Credit card (automatic),27.51,1472.27,No
5062-JSJAY,Female,0,No,No,24,Yes,Yes,No,No internet service,No internet service,No internet service,No internet service,No internet service,No internet service,One year,Yes,Mailed check,27.89,690.54,No
5030-EFVIH,Male,0,No,No,12,Yes,No,DSL,Yes,Yes,Yes,Yes,Yes,No,Month-to-month,No,Electronic check,54.08,657.68,No
5385-AOBVL,Female,1,No,No,28,Yes,No,Fiber optic,No,Yes,No,No,Yes,No,One year,Yes,Credit card (automatic),93.28,2496.67,Yes
2963-LEIDR,Female,0,No,Yes,26,Yes,Yes,No,No internet service,No internet service,No internet service,No internet service,No internet service,No internet service,Month-to-month,Yes,Credit card (automatic),20.19,545.73,No
9784-MCBVJ,Female,1,No,Yes,12,Yes,No,Fiber optic,No,No,No,Yes,No,No,Month-to-month,No,Bank transfer (automatic),87.37,1035.78,No
3664-CRBXF,Female,0,Yes,No,13,Yes,Yes,No,No internet service,No internet service,No internet service,No internet service,No internet service,No internet service,Month-to-month,Yes,Mailed check,25.25,326.4,No
1621-SJSBW,Female,1,Yes,No,35,Yes,Yes,DSL,Yes,No,Yes,Yes,Yes,Yes,One year,No,Mailed check,66.31,2339.14,No
3787-TYNII,Female,0,Yes,No,51,Yes,No,No,No internet service,No internet service,No internet service,No internet service,No internet service,No internet service,Two year,No,Mailed check,19.05,980.77,No
7176-ADQAH,Female,0,Yes,Yes,14,Yes,No,Fiber optic,Yes,No,No,Yes,Yes,Yes,Month-to-month,Yes,Mailed check,86.72,1261.93,Yes
6828-GYZAE,Male,0,No,No,26,Yes,Yes,Fiber optic,Yes,Yes,Yes,No,Yes,Yes,One year,Yes,Bank transfer (automatic),71.0,1866.01,Yes
9165-AMYPH,Female,0,No,No,34,Yes,Yes,Fiber optic,Yes,Yes,No,Yes,Yes,Yes,One year,No,Electronic check,82.27,2884.76,No
1057-KOCNK,Female,0,No,Yes,50,Yes,Yes,No,No internet service,No internet service,No internet service,No internet service,No internet service,No internet service,Month-to-month,No,Credit card (automatic),21.2,1046.06,No
3932-ZXSPM,Female,0,Yes,No,56,Yes,Yes,DSL,Yes,No,Yes,Yes,Yes,Yes,One year,No,Bank transfer (automatic),62.6,3665.71,No
1633-HAJMP,Female,0,No,No,72,Yes,Yes,DSL,Yes,No,Yes,No,Yes,Yes,Two year,Yes,Mailed check,71.19,5333.46,No
4194-GSDDS,Female,1,No,Yes,17,Yes,Yes,Fiber optic,Yes,Yes,Yes,Yes,No,Yes,One year,Yes,Electronic check,78.18,1294.22,No
6272-WTXRV,Male,0,No,No,5,Yes,Yes,No,No internet service,No internet service,No internet service,No internet service,No internet service,No internet service,Month-to-month,No,Bank transfer (automatic),26.65,135.55,Yes
2522-NYUKY,Female,0,Yes,No,33,Yes,Yes,No,No internet service,No internet service,No internet service,No internet service,No internet service,No internet service,One year,Yes,Mailed check,22.08,697.75,No
3812-AUKAF,Female,1,No,No,47,Yes,Yes,DSL,Yes,No,No,Yes,Yes,Yes,Two year,Yes,Credit card (automatic),68.46,3187.5,No
1647-ZWYEU,Male,0,No,No,26,Yes,Yes,DSL,No,No,Yes,No,No,Yes,Month-to-month,Yes,Bank transfer (automatic),62.37,1634.08,Yes
6073-HRYLA,Female,1,No,No,4,Yes,No,No,No internet service,No internet service,No internet service,No internet service,No internet service,No internet service,Month-to-month,Yes,Credit card (automatic),22.69,91.02,No
8580-EEQUU,Male,0,Yes,No,11,No,No phone service,Fiber optic,Yes,No,No,Yes,No,Yes,One year,Yes,Electronic check,82.79,887.26,Yes
8810-WDHSK,Female,0,No,No,43,Yes,No,Fiber optic,Yes,Yes,Yes,No,No,No,Month-to-month,No,Electronic check,76.63,3235.35,Yes
7443-LLAPW,Female,0,Yes,Yes,45,Yes,Yes,Fiber optic,No,No,Yes,No,Yes,No,Two year,Yes,Mailed check,84.6,3681.72,No
8367-IRFQK,Female,0,Yes,Yes,6,Yes,No,DSL,No,Yes,Yes,No,No,Yes,Month-to-month,Yes,Credit card (automatic),58.8,368.67,Yes
9339-SBWSF,Male,0,Yes,No,25,Yes,No,Fiber optic,Yes,Yes,Yes,Yes,No,No,Month-to-month,Yes,Mailed check,87.2,2267.69,Yes
3542-EIYXO,Male,0,Yes,No,72,No,No phone service,Fiber optic,No,No,Yes,Yes,Yes,Yes,Two year,Yes,Bank transfer (automatic),66.4,4956.82,No
4259-JYFTZ,Male,0,No,No,24,Yes,No,Fiber optic,Yes,No,No,Yes,No,Yes,Month-to-month,No,Credit card (automatic),78.39,1847.86,No
8696-SXFZC,Male,0,Yes,No,47,Yes,No,Fiber optic,Yes,Yes,Yes,Yes,No,No,Month-to-month,No,Electronic check,81.32,3913.92,Yes
1124-FPGQC,Female,1,Yes,No,16,Yes,Yes,Fiber optic,No,Yes,Yes,No,No,No,Month-to-month,No,Mailed check,73.69,1217.89,Yes
7272-FNDZJ,Female,1,Yes,No,61,Yes,Yes,Fiber optic,No,No,Yes,Yes,No,Yes,Two year,Yes,Bank transfer (automatic),72.31,4202.69,No
6441-MPLBV,Male,0,Yes,No,34,Yes,Yes,Fiber optic,Yes,Yes,No,No,No,Yes,Month-to-month,No,Credit card (automatic),89.87,3078.46,No
6781-GCXIX,Female,0,No,No,54,Yes,No,DSL,No,Yes,Yes,No,Yes,Yes,One year,Yes,Credit card (automatic),59.0,3208.96,Yes
7892-YREAG,Female,0,No,No,38,Yes,No,Fiber optic,No,Yes,Yes,Yes,Yes,Yes,Two year,Yes,Electronic check,91.24,3301.26,No
4952-QXDQC,Male,0,No,Yes,35,No,No phone service,Fiber optic,No,Yes,No,No,No,No,One year,Yes,Credit card (automatic),77.88,2671.46,No
5332-BJPTU,Female,0,No,No,52,Yes,No,Fiber optic,No,Yes,Yes,No,No,Yes,Month-to-month,No,Credit card (automatic),90.11,4841.07,Yes
5720-GXYZU,Female,0,No,Yes,22,Yes,No,Fiber optic,Yes,Yes,No,No,Yes,Yes,Month-to-month,Yes,Bank transfer (automatic),76.29,1752.18,Yes
8000-COKGB,Male,0,No,No,4,Yes,No,DSL,Yes,Yes,Yes,No,Yes,Yes,Month-to-month,Yes,Mailed check,64.07,249.56,Yes
2919-XXTCR,Female,0,Yes,No,22,Yes,Yes,Fiber optic,Yes,No,No,Yes,No,No,Month-to-month,Yes,Electronic check,74.4,1704.52,No
2140-RAHDY,Male,0,Yes,No,26,Yes,Yes,No,No internet service,No internet service,No internet service,No internet service,No internet service,No internet service,Month-to-month,No,Credit card (automatic),27.54,746.94,No
6118-XATMM,Male,1,No,No,13,No,No phone service,DSL,No,No,No,No,No,No,Month-to-month,Yes,Electronic check,68.63,887.02,Yes
8858-BYAJD,Male,0,Yes,No,55,Yes,Yes,Fiber optic,No,No,No,Yes,Yes,No,One year,Yes,Credit card (automatic),80.96,4257.52,No
5707-PQUTY,Male,0,Yes,Yes,55,Yes,Yes,No,No internet service,No internet service,No internet service,No internet service,No internet service,No internet service,One year,Yes,Bank transfer (automatic),26.91,1482.42,No
5046-EEHPB,Female,0,Yes,No,54,No,No phone service,DSL,Yes,Yes,No,Yes,No,No,One year,Yes,Mailed check,53.41,2858.09,No
9592-ZEUPM,Male,0,Yes,No,9,Yes,Yes,DSL,No,No,Yes,Yes,Yes,Yes,Month-to-month,No,Electronic check,62.28,568.68,Yes
7610-OIODG,Female,0,No,Yes,6,Yes,Yes,No,No internet service,No internet service,No internet service,No internet service,No internet service,No internet service,Month-to-month,Yes,Mailed check,24.63,141.37,Yes
9755-EPHMG,Male,0,No,Yes,71,Yes,Yes,Fiber optic,Yes,No,No,No,No,Yes,Two year,Yes,Mailed check,97.34,6792.14,No
6118-OQIPS,Female,0,Yes,No,15,Yes,No,DSL,No,No,Yes,Yes,Yes,No,One year,Yes,Mailed check,62.23,893.33,Yes
7478-OHNNY,Male,0,No,No,8,Yes,No,Fiber optic,No,No,No,Yes,Yes,No,Month-to-month,Yes,Mailed check,77.74,592.26,Yes
4392-ITQLA,Male,1,Yes,No,56,Yes,No,No,No internet service,No internet service,No internet service,No internet service,No internet service,No internet service,Month-to-month,No,Credit card (automatic),21.28,1173.29,No
7343-TYNNF,Female,0,No,No,68,Yes,Yes,DSL,Yes,Yes,Yes,No,No,Yes,One year,Yes,Mailed check,68.31,4652.78,No
5136-ANSUR,Female,1,Yes,No,31,Yes,No,Fiber optic,Yes,No,No,Yes,No,Yes,Month-to-month,No,Mailed check,81.23,2617.61,No
8247-RULPQ,Female,0,Yes,Yes,2,Yes,Yes,Fiber optic,No,Yes,No,Yes,Yes,No,Month-to-month,Yes,Bank transfer (automatic),90.57,173.34,Yes
6152-OUGIN,Female,1,No,No,48,Yes,Yes,No,No internet service,No internet service,No internet service,No internet service,No internet service,No internet service,Month-to-month,No,Credit card (automatic),30.84,1486.92,No
6807-NFVOL,Female,0,No,No,1,No,No phone service,DSL,No,No,No,No,No,No,Month-to-month,Yes,Electronic check,52.9,55.16,No
8901-LEZJX,Female,0,Yes,No,2,Yes,No,No,No internet service,No internet service,No internet service,No internet service,No internet service,No internet service,Month-to-month,Yes,Mailed check,21.4,44.82,Yes
5651-GJXYD,Male,0,No,Yes,39,Yes,No,Fiber optic,Yes,Yes,Yes,Yes,Yes,No,Month-to-month,No,Bank transfer (automatic),86.19,3296.08,No
9883-WQEPL,Male,0,No,No,72,Yes,No,Fiber optic,No,No,Yes,No,No,Yes,Month-to-month,No,Mailed check,76.62,5608.5,No
2120-ZPCIV,Male,0,No,No,58,No,No phone service,Fiber optic,Yes,No,Yes,No,No,No,Two year,No,Credit card (automatic),85.12,4693.77,No
4979-MDCZY,Male,0,Yes,No,67,Yes,No,Fiber optic,Yes,No,Yes,Yes,No,No,Two year,No,Mailed check,79.34,5484.86,No
1857-ORWOW,Female,0,No,Yes,12,Yes,Yes,DSL,No,No,No,No,No,No,Month-to-month,No,Credit card (automatic),59.15,743.44,Yes
2087-AMGTI,Female,0,No,Yes,15,Yes,Yes,No,No internet service,No internet service,No internet service,No internet service,No internet service,No internet service,Month-to-month,Yes,Bank transfer (automatic),27.17,406.89,No
4662-NYBOK,Female,0,No,No,16,No,No phone service,DSL,No,Yes,Yes,Yes,No,Yes,Month-to-month,Yes,Bank transfer (automatic),57.47,885.31,No
1324-VXETS,Male,0,No,No,59,Yes,No,No,No internet service,No internet service,No internet service,No internet service,No internet service,No internet service,Two year,Yes,Electronic check,19.14,1103.58,No
7347-LIBAE,Female,1,No,Yes,7,Yes,No,No,No internet service,No internet service,No internet service,No internet service,No internet service,No internet service,Month-to-month,Yes,Bank transfer (automatic),18.25,122.02,No
5750-DRQIC,Male,0,Yes,No,59,No,No phone service,Fiber optic,No,Yes,No,Yes,No,No,Two year,Yes,Credit card (automatic),74.34,4181.32,No
5656-VKUHC,Male,0,Yes,Yes,64,Yes,Yes,DSL,No,Yes,No,Yes,No,Yes,One year,Yes,Electronic check,61.86,3947.52,No
6849-XWYCB,Male,0,No,No,15,Yes,No,DSL,No,Yes,Yes,No,No,Yes,Two year,Yes,Bank transfer (automatic),65.82,990.54,No
6124-YZHJR,Female,0,Yes,Yes,57,Yes,Yes,No,No internet service,No internet service,No internet service,No internet service,No internet service,No internet service,Month-to-month,Yes,Credit card (automatic),18.25,1015.86,No
9221-EZVBV,Male,0,No,Yes,44,Yes,Yes,DSL,Yes,Yes,Yes,Yes,No,Yes,One year,No,Mailed check,59.59,2679.87,No
6774-ZFZBB,Female,0,No,No,26,Yes,Yes,Fiber optic,Yes,Yes,Yes,No,No,Yes,Month-to-month,Yes,Electronic check,73.0,1891.01,No
5028-REHKD,Male,0,Yes,No,11,Yes,Yes,No,No internet service,No internet service,No internet service,No internet service,No internet service,No internet service,One year,No,Credit card (automatic),18.25,195.58,No
2583-DYYQR,Male,0,Yes,No,52,Yes,No,DSL,No,Yes,Yes,Yes,Yes,No,One year,No,Mailed check,73.18,3733.09,No
2233-BJZMV,Male,0,No,No,72,Yes,No,Fiber optic,No,No,No,No,Yes,Yes,Two year,No,Credit card (automatic),79.99,5497.42,No
4328-IVMTS,Male,0,Yes,No,46,Yes,Yes,Fiber optic,No,No,No,No,Yes,No,One year,Yes,Mailed check,83.99,4031.12,No
7543-RVMHN,Female,0,No,No,72,Yes,No,Fiber optic,Yes,Yes,No,No,Yes,No,Two year,No,Mailed check,87.65,6200.48,No
3921-BJNNI,Male,0,Yes,No,15,Yes,Yes,Fiber optic,Yes,Yes,No,Yes,Yes,No,Month-to-month,No,Mailed check,93.72,1415.89,No
7528-HQHZQ,Female,0,No,No,32,Yes,No,Fiber optic,No,Yes,No,No,No,Yes,One year,No,Credit card (automatic),81.69,2666.0,Yes
6010-LTLUE,Female,0,Yes,No,12,Yes,No,DSL,No,Yes,Yes,No,Yes,No,Month-to-month,Yes,Credit card (automatic),55.64,645.84,No
8380-ZGFYK,Male,0,No,Yes,11,Yes,No,Fiber optic,No,No,No,Yes,Yes,Yes,Month-to-month,Yes,Electronic check,79.38,882.35,No
7257-ELSXL,Female,0,Yes,No,40,Yes,No,DSL,Yes,Yes,No,Yes,No,Yes,Month-to-month,No,Bank transfer (automatic),58.46,2290.83,Yes
1676-KQWVT,Female,0,No,No,19,Yes,No,Fiber optic,No,No,Yes,No,Yes,Yes,Month-to-month,Yes,Bank transfer (automatic),82.93,1613.81,Yes
2487-NOMXY,Male,0,No,No,28,Yes,Yes,DSL,Yes,Yes,Yes,No,No,No,Month-to-month,Yes,Mailed check,60.01,1623.48,No
2891-YWSJT,Female,0,Yes,No,18,Yes,Yes,DSL,No,No,Yes,Yes,No,Yes,Month-to-month,Yes,Mailed check,56.3,1007.88,Yes
6274-XSZKC,Male,0,No,No,33,Yes,Yes,Fiber optic,No,Yes,No,Yes,Yes,Yes,Month-to-month,No,Credit card (automatic),76.38,2514.5,No
5427-ZRSQP,Female,0,No,No,45,Yes,Yes,DSL,No,No,Yes,No,No,Yes,One year,Yes,Credit card (automatic),69.91,3052.95,No
1552-KCISU,Male,0,Yes,No,13,Yes,No,Fiber optic,Yes,Yes,Yes,Yes,No,No,Month-to-month,Yes,Mailed check,82.77,1026.58,Yes
3012-RFFYP,Male,0,Yes,No,71,Yes,No,DSL,No,No,Yes,No,No,No,Two year,Yes,Electronic check,54.66,3853.45,No
2777-DBMCP,Female,0,Yes,No,2,Yes,Yes,No,No internet service,No internet service,No internet service,No internet service,No internet service,No internet service,Month-to-month,No,Electronic check,18.25,35.89,No
4903-QFDCC,Female,0,No,No,32,Yes,No,DSL,Yes,Yes,No,Yes,No,Yes,Month-to-month,Yes,Mailed check,61.22,1980.18,No
1650-GUPGY,Female,0,No,Yes,72,Yes,No,DSL,Yes,No,Yes,No,Yes,No,Two year,Yes,Electronic check,58.43,4339.63,No
7848-UXTYI,Female,1,Yes,No,41,Yes,Yes,Fiber optic,No,No,No,Yes,No,No,Two year,No,Credit card (automatic),77.64,3105.74,No
8704-CHXDN,Male,1,Yes,No,8,Yes,No,No,No internet service,No internet service,No internet service,No internet service,No internet service,No internet service,Month-to-month,No,Electronic check,29.62,233.7,Yes
4064-CGNQR,Female,0,No,Yes,46,Yes,No,DSL,Yes,No,Yes,No,No,No,Month-to-month,Yes,Bank transfer (automatic),52.63,2299.97,No
2183-ICAKQ,Female,0,No,No,56,Yes,No,DSL,No,Yes,No,No,No,Yes,Two year,Yes,Mailed check,60.56,3457.8,No
4336-BFLJV,Male,0,No,Yes,72,Yes,No,Fiber optic,Yes,No,No,Yes,Yes,Yes,Two year,Yes,Bank transfer (automatic),85.93,6380.38,No
6381-ZEJCA,Female,0,No,Yes,23,Yes,No,Fiber optic,Yes,Yes,No,No,Yes,No,Two year,No,Electronic check,76.46,1683.54,No
9314-MRHBX,Female,0,Yes,No,29,Yes,No,DSL,No,Yes,Yes,No,Yes,Yes,Month-to-month,Yes,Bank transfer (automatic),60.65,1792.05,No
6925-SNKKT,Male,1,Yes,No,31,Yes,Yes,DSL,No,No,No,Yes,No,No,Month-to-month,No,Electronic check,58.35,1848.78,Yes
3045-IHNZX,Female,0,No,No,4,No,No phone service,No,No internet service,No internet service,No internet service,No internet service,No internet service,No internet service,Month-to-month,Yes,Credit card (automatic),23.47,93.12,Yes
5902-FYIJX,Female,0,No,No,46,Yes,No,DSL,Yes,No,Yes,Yes,Yes,Yes,One year,No,Credit card (automatic),64.39,3017.62,No
3369-MXIQA,Female,0,No,Yes,3,Yes,Yes,Fiber optic,Yes,Yes,Yes,Yes,No,Yes,Month-to-month,No,Bank transfer (automatic),68.08,210.72,Yes
9959-KRNLK,Male,0,Yes,Yes,28,Yes,No,No,No internet service,No internet service,No internet service,No internet service,No internet service,No internet service,Month-to-month,Yes,Mailed check,27.62,778.14,No
1159-HJJHQ,Male,0,Yes,Yes,58,Yes,No,DSL,Yes,No,Yes,No,Yes,Yes,Two year,Yes,Bank transfer (automatic),62.63,3808.85,No
8461-XZQKQ,Male,1,Yes,No,10,No,No phone service,Fiber optic,No,Yes,Yes,Yes,No,No,Month-to-month,No,Credit card (automatic),88.63,866.08,No
2191-VNELH,Male,0,Yes,No,20,No,No phone service,Fiber optic,Yes,No,Yes,No,Yes,No,Month-to-month,No,Mailed check,82.2,1623.64,No
4145-BAJHZ,Female,0,Yes,No,29,Yes,No,Fiber optic,No,No,No,No,No,No,One year,Yes,Bank transfer (automatic),84.13,2318.99,No
3362-IXWBC,Male,0,Yes,Yes,62,No,No phone service,DSL,Yes,Yes,Yes,No,Yes,Yes,Two year,Yes,Credit card (automatic),52.59,3169.81,No
1854-LOJAF,Female,0,Yes,No,32,Yes,No,No,No internet service,No internet service,No internet service,No internet service,No internet service,No internet service,Two year,Yes,Mailed check,18.25,607.86,No
6530-JDQPM,Male,0,Yes,No,30,Yes,No,No,No internet service,No internet service,No internet service,No internet service,No internet service,No internet service,Month-to-month,Yes,Bank transfer (automatic),27.35,852.1,No
9460-VBXBM,Male,0,Yes,No,54,Yes,No,Fiber optic,No,Yes,No,Yes,No,No,One year,Yes,Mailed check,79.32,4288.4,No
9114-ZABGH,Female,0,No,No,50,Yes,No,DSL,No,Yes,Yes,No,No,No,Two year,No,Bank transfer (automatic),55.7,2742.27,No
3514-KIPWO,Male,1,Yes,Yes,68,Yes,Yes,Fiber optic,Yes,Yes,Yes,No,Yes,Yes,One year,Yes,Electronic check,81.98,5604.8,No
3986-OQXYH,Female,0,Yes,Yes,14,Yes,No,No,No internet service,No internet service,No internet service,No internet service,No internet service,No internet service,Month-to-month,Yes,Mailed check,27.17,387.02,No
9263-VDODM,Male,0,No,No,18,Yes,Yes,No,No internet service,No internet service,No internet service,No internet service,No internet service,No internet service,One year,Yes,Credit card (automatic),31.17,555.41,No
1402-HPHAK,Female,0,No,No,21,Yes,No,DSL,Yes,No,Yes,Yes,No,No,Month-to-month,Yes,Electronic check,61.28,1269.31,Yes
5870-TDMFD,Female,0,Yes,No,72,Yes,No,Fiber optic,No,Yes,No,No,Yes,Yes,Month-to-month,No,Bank transfer (automatic),84.62,5821.64,No
2097-TXRJY,Female,0,Yes,Yes,47,Yes,No,Fiber optic,Yes,No,No,Yes,No,Yes,Month-to-month,Yes,Credit card (automatic),80.74,3736.04,Yes
5473-NQRMM,Male,0,Yes,No,23,Yes,Yes,DSL,Yes,Yes,Yes,Yes,No,Yes,Month-to-month,Yes,Credit card (automatic),57.23,1262.55,No
3861-RRLSD,Female,1,Yes,No,60,Yes,Yes,DSL,No,Yes,Yes,No,Yes,No,Two year,Yes,Credit card (automatic),58.4,3356.16,No
4745-ZTSWP,Male,0,Yes,No,53,Yes,Yes,DSL,No,No,Yes,Yes,No,No,Month-to-month,No,Mailed check,61.18,3287.13,No
6962-MVSND,Male,0,No,No,53,Yes,Yes,DSL,Yes,No,Yes,Yes,Yes,No,Month-to-month,Yes,Credit card (automatic),52.76,2878.83,No
8253-IJDFD,Male,0,Yes,No,6,Yes,No,Fiber optic,Yes,Yes,No,No,Yes,Yes,Month-to-month,Yes,Credit card (automatic),77.13,452.71,Yes
1877-AHTWF,Male,0,Yes,No,41,Yes,Yes,Fiber optic,Yes,No,Yes,Yes,No,No,One year,Yes,Mailed check,88.81,3801.32,Yes
4814-VSXKE,Female,1,Yes,No,49,Yes,Yes,No,No internet service,No internet service,No internet service,No internet service,No internet service,No internet service,One year,No,Bank transfer (automatic),25.4,1232.2,Yes
2288-SALJX,Male,0,No,Yes,38,Yes,No,Fiber optic,Yes,No,No,Yes,No,Yes,Two year,Yes,Mailed check,66.4,2398.44,No
9982-MPJUH,Female,0,Yes,Yes,72,Yes,No,DSL,Yes,No,Yes,No,No,No,Two year,Yes,Credit card (automatic),62.93,4625.38,No
7698-XEFJV,Male,0,Yes,No,39,Yes,No,Fiber optic,No,Yes,No,No,Yes,No,One year,No,Electronic check,83.32,3368.36,No
6767-FJQZL,Male,0,No,No,21,Yes,No,DSL,No,Yes,Yes,No,No,Yes,One year,Yes,Mailed check,61.14,1304.67,Yes
1670-CADKH,Female,1,No,No,21,Yes,Yes,DSL,Yes,No,Yes,No,No,No,One year,No,Electronic check,59.86,1275.8,No
3708-TMSOF,Female,0,No,Yes,24,Yes,No,No,No internet service,No internet service,No internet service,No internet service,No internet service,No internet service,Month-to-month,Yes,Mailed check,35.11,846.33,Yes
9533-MVCWS,Female,0,No,No,40,Yes,No,DSL,Yes,Yes,Yes,Yes,Yes,Yes,Month-to-month,No,Electronic check,59.84,2390.5,No
3249-UTXFX,Female,0,No,No,13,No,No phone service,Fiber optic,Yes,Yes,Yes,Yes,Yes,Yes,Month-to-month,Yes,Credit card (automatic),64.02,795.19,No
7857-IJGMX,Female,1,No,No,48,Yes,Yes,No,No internet service,No internet service,No internet service,No internet service,No internet service,No internet service,Two year,No,Bank transfer (automatic),33.46,1603.92,No
8538-DDBPI,Male,0,No,Yes,50,Yes,Yes,Fiber optic,No,No,Yes,Yes,Yes,Yes,One year,No,Mailed check,89.18,4618.11,No
7846-TFSTZ,Male,0,No,No,36,Yes,Yes,Fiber optic,Yes,Yes,No,Yes,Yes,No,Month-to-month,Yes,Bank transfer (automatic),78.96,2746.11,Yes
7503-JZHUJ,Female,0,Yes,No,60,Yes,No,DSL,No,Yes,Yes,No,Yes,No,Two year,Yes,Credit card (automatic),56.83,3264.5,No
9414-UPFEY,Female,0,Yes,No,52,Yes,No,DSL,No,Yes,Yes,Yes,No,No,Two year,No,Bank transfer (automatic),65.71,3344.59,No
8214-NWUKV,Female,0,Yes,No,33,Yes,No,No,No internet service,No internet service,No internet service,No internet service,No internet service,No internet service,Month-to-month,Yes,Electronic check,41.17,1389.03,No
8163-MATIJ,Male,1,No,Yes,51,Yes,Yes,No,No internet service,No internet service,No internet service,No internet service,No internet service,No internet service,Two year,No,Electronic check,28.25,1504.01,No
7421-VCVHO,Female,0,No,No,15,Yes,No,No,No internet service,No internet service,No internet service,No internet service,No internet service,No internet service,Month-to-month,No,Bank transfer (automatic),20.68,301.9,No
8815-FFZJY,Male,1,No,No,6,Yes,No,Fiber optic,No,Yes,No,No,No,Yes,Month-to-month,No,Credit card (automatic),86.9,501.96,Yes
4214-QNZON,Female,0,No,Yes,66,Yes,No,Fiber optic,No,No,No,Yes,No,No,One year,Yes,Bank transfer (automatic),78.75,5419.76,No
5196-JLLTB,Male,1,No,No,5,Yes,No,DSL,Yes,No,Yes,Yes,Yes,Yes,Month-to-month,No,Credit card (automatic),55.32,287.47,No
5508-OTRLC,Male,0,Yes,Yes,72,Yes,Yes,No,No internet service,No internet service,No internet service,No internet service,No internet service,No internet service,One year,Yes,Bank transfer (automatic),23.91,1730.19,No
4348-GFSMU,Female,0,Yes,No,43,No,No phone service,DSL,Yes,No,Yes,Yes,Yes,No,Two year,No,Mailed check,59.78,2605.69,No
2245-ZMGJV,Male,0,No,No,72,Yes,Yes,Fiber optic,No,No,Yes,Yes,Yes,No,Month-to-month,Yes,Electronic check,89.11,6444.27,No
7389-EZDHS,Female,0,Yes,No,14,Yes,No,Fiber optic,Yes,No,Yes,Yes,Yes,Yes,Month-to-month,No,Credit card (automatic),74.85,1003.02,Yes
5766-LYUZH,Male,0,Yes,No,37,Yes,Yes,No,No internet service,No internet service,No internet service,No internet service,No internet service,No internet service,Month-to-month,No,Credit card (automatic),21.1,795.56,Yes
8654-FUOPC,Female,0,Yes,No,29,Yes,Yes,No,No internet service,No internet service,No internet service,No internet service,No internet service,No internet service,Month-to-month,No,Mailed check,18.25,538.77,No
8911-HPEYI,Female,0,No,Yes,29,Yes,No,Fiber optic,No,Yes,No,Yes,Yes,Yes,One year,Yes,Credit card (automatic),89.39,2696.76,No
7863-TODHP,Female,0,Yes,No,34,Yes,Yes,DSL,Yes,No,No,Yes,No,No,Two year,No,Electronic check,62.24,2126.29,No
5822-PGNCM,Female,0,Yes,Yes,72,Yes,Yes,Fiber optic,No,Yes,Yes,Yes,No,No,Two year,Yes,Bank transfer (automatic),85.28,6322.34,No
1822-ROWME,Male,0,Yes,No,7,Yes,Yes,No,No internet service,No internet service,No internet service,No internet service,No internet service,No internet service,Month-to-month,No,Electronic check,25.04,182.04,No
3116-VYBRM,Male,0,Yes,Yes,27,Yes,Yes,DSL,No,No,No,No,Yes,No,Month-to-month,No,Credit card (automatic),61.56,1586.2,No
3320-NYFVC,Male,0,Yes,No,33,Yes,Yes,Fiber optic,No,No,No,No,Yes,No,Month-to-month,No,Electronic check,84.71,2711.7,No
7484-BBAUO,Male,0,Yes,No,23,No,No phone service,DSL,Yes,No,Yes,Yes,No,No,One year,No,Electronic check,57.05,1293.69,No
7212-EXVMX,Female,0,Yes,No,22,Yes,Yes,Fiber optic,No,No,No,No,No,No,Month-to-month,Yes,Credit card (automatic),77.97,1725.0,No
2287-HBEVK,Male,0,No,No,40,Yes,Yes,Fiber optic,No,No,No,Yes,No,Yes,Month-to-month,No,Credit card (automatic),88.32,3532.71,No
6807-WTKJC,Male,0,Yes,No,18,Yes,Yes,Fiber optic,Yes,No,No,No,No,Yes,Month-to-month,Yes,Electronic check,90.34,1663.1,Yes
8466-ZNMWI,Female,0,Yes,No,58,Yes,Yes,DSL,Yes,No,No,Yes,Yes,No,One year,Yes,Credit card (automatic),61.49,3496.34,Yes
4658-XJYEM,Male,0,Yes,Yes,10,Yes,Yes,Fiber optic,No,Yes,No,No,No,No,Month-to-month,Yes,Electronic check,81.64,836.19,Yes
5407-HZMWF,Male,0,Yes,No,14,Yes,No,DSL,Yes,No,No,No,Yes,Yes,Month-to-month,Yes,Bank transfer (automatic),71.42,1038.15,No
4140-MOFIQ,Male,1,No,Yes,67,Yes,Yes,Fiber optic,No,No,Yes,Yes,Yes,Yes,Two year,No,Credit card (automatic),87.43,6115.43,No
3506-TMZGV,Female,0,No,No,47,Yes,Yes,No,No internet service,No internet service,No internet service,No internet service,No internet service,No internet service,Two year,Yes,Mailed check,18.25,834.0,No
5411-CSFDN,Female,1,No,No,11,Yes,Yes,Fiber optic,Yes,No,Yes,Yes,Yes,No,Month-to-month,Yes,Bank transfer (automatic),86.95,979.18,Yes
8072-GQAET,Male,0,No,No,49,No,No phone service,No,No internet service,No internet service,No internet service,No internet service,No internet service,No internet service,Two year,Yes,Electronic check,26.86,1339.73,No
1115-JNBZN,Female,1,Yes,Yes,62,No,No phone service,No,No internet service,No internet service,No internet service,No internet service,No internet service,No internet service,One year,No,Mailed check,19.0,1229.55,No
4046-ZORCE,Male,1,No,No,38,Yes,No,Fiber optic,No,Yes,Yes,Yes,Yes,No,Two year,No,Electronic check,75.26,2899.82,No
1406-NVXOB,Female,0,Yes,No,48,Yes,Yes,Fiber optic,Yes,No,Yes,No,No,No,Two year,Yes,Electronic check,90.45,4351.22,No
6634-QPSOS,Male,1,Yes,No,14,Yes,Yes,Fiber optic,Yes,No,Yes,No,No,Yes,One year,Yes,Mailed check,84.84,1178.57,Yes
5376-DCXLI,Female,0,Yes,Yes,72,Yes,Yes,Fiber optic,Yes,No,Yes,Yes,No,No,Two year,Yes,Bank transfer (automatic),90.42,6713.34,No
3638-BYCFL,Male,0,No,No,14,Yes,No,Fiber optic,Yes,Yes,Yes,Yes,Yes,Yes,Month-to-month,Yes,Electronic check,84.37,1146.39,Yes
4222-BIUGW,Female,0,No,No,6,Yes,Yes,DSL,No,No,Yes,No,No,No,Month-to-month,Yes,Electronic check,49.85,307.01,No
4241-ACVKZ,Male,0,No,No,72,Yes,Yes,DSL,Yes,Yes,Yes,No,Yes,No,Two year,Yes,Mailed check,64.44,4732.57,No
8098-AISBZ,Female,0,No,No,18,Yes,No,Fiber optic,No,No,Yes,Yes,Yes,Yes,Month-to-month,Yes,Bank transfer (automatic),87.17,1624.1,No
2496-UVNUX,Female,0,No,Yes,2,Yes,No,No,No internet service,No internet service,No internet service,No internet service,No internet service,No internet service,Month-to-month,No,Bank transfer (automatic),19.25,37.2,No
7608-SKHWF,Female,0,Yes,No,10,No,No phone service,Fiber optic,No,No,Yes,No,Yes,No,Month-to-month,Yes,Bank transfer (automatic),93.22,926.62,Yes
4730-NKJPI,Female,0,Yes,No,45,Yes,Yes,Fiber optic,Yes,No,No,Yes,No,No,One year,Yes,Bank transfer (automatic),77.51,3591.15,No
9897-EKVMS,Female,0,Yes,No,51,No,No phone service,DSL,No,Yes,Yes,Yes,Yes,Yes,One year,No,Electronic check,50.67,2547.1,No
6821-ITGTD,Male,1,No,No,72,Yes,Yes,DSL,Yes,No,No,No,Yes,No,One year,Yes,Credit card (automatic),69.44,4924.87,No
7246-CWQBC,Female,1,Yes,No,8,Yes,Yes,No,No internet service,No internet service,No internet service,No internet service,No internet service,No internet service,Month-to-month,No,Mailed check,18.25,145.68,Yes
2686-YPHHA,Female,0,Yes,No,55,Yes,No,DSL,No,No,No,No,Yes,Yes,Two year,Yes,Mailed check,59.45,3354.36,No
2828-WPJAI,Male,1,Yes,No,1,Yes,Yes,Fiber optic,No,Yes,No,No,No,Yes,Month-to-month,Yes,Mailed check,78.9,78.69,Yes
4445-DPRZJ,Male,0,Yes,No,64,Yes,No,Fiber optic,Yes,Yes,Yes,Yes,No,Yes,Two year,Yes,Credit card (automatic),82.92,5087.08,No
3483-VJQTW,Male,0,Yes,Yes,11,Yes,Yes,Fiber optic,No,Yes,Yes,No,No,No,Month-to-month,No,Credit card (automatic),77.03,840.48,No
3867-QDUBS,Female,0,No,Yes,36,Yes,No,DSL,Yes,No,No,Yes,No,Yes,Month-to-month,No,Credit card (automatic),72.05,2596.53,No
2880-MBRMR,Female,0,No,No,15,Yes,No,DSL,No,No,No,Yes,No,No,Month-to-month,No,Credit card (automatic),54.64,813.99,Yes
4127-APSRG,Female,0,Yes,No,11,Yes,No,No,No internet service,No internet service,No internet service,No internet service,No internet service,No internet service,One year,Yes,Mailed check,29.47,330.96,No
7448-OFCIA,Female,0,Yes,Yes,61,Yes,No,Fiber optic,Yes,Yes,Yes,Yes,No,No,Two year,No,Bank transfer (automatic),74.36,4312.42,No
7444-ABEIA,Female,1,No,No,50,Yes,No,No,No internet service,No internet service,No internet service,No internet service,No internet service,No internet service,One year,Yes,Credit card (automatic),23.95,1188.07,No
6668-DUOCK,Female,0,Yes,Yes,72,No,No phone service,DSL,Yes,No,No,No,Yes,No,Two year,Yes,Mailed check,63.02,4560.51,No
2262-ZPVJD,Female,1,Yes,No,8,Yes,Yes,DSL,Yes,Yes,No,No,No,Yes,Month-to-month,No,Credit card (automatic),60.92,501.42,Yes
3113-KULYJ,Male,0,No,No,9,Yes,Yes,Fiber optic,Yes,Yes,No,No,No,Yes,Month-to-month,Yes,Credit card (automatic),90.99,812.61,Yes
3098-MCRCQ,Male,0,Yes,No,71,Yes,Yes,DSL,Yes,No,Yes,No,No,No,Month-to-month,No,Bank transfer (automatic),58.88,4382.31,No
4442-JPSYH,Male,0,No,No,56,Yes,No,Fiber optic,Yes,No,Yes,No,No,Yes,One year,Yes,Bank transfer (automatic),86.98,4955.16,No
8306-VZZUH,Male,1,No,No,2,Yes,Yes,Fiber optic,Yes,Yes,No,No,Yes,No,Month-to-month,Yes,Mailed check,84.23,167.83,Yes
7250-UHVSM,Female,0,Yes,No,2,Yes,Yes,DSL,Yes,Yes,No,Yes,No,No,Month-to-month,Yes,Credit card (automatic),54.23,107.2,Yes
8754-CRUBK,Male,0,No,No,50,Yes,No,DSL,No,Yes,Yes,No,No,Yes,One year,No,Credit card (automatic),67.02,3353.19,No
5652-FWQHL,Female,1,No,No,15,Yes,Yes,Fiber optic,Yes,Yes,Yes,No,No,No,Month-to-month,Yes,Mailed check,78.11,1206.42,Yes
2008-CTZHG,Male,0,No,No,54,Yes,Yes,DSL,No,No,Yes,Yes,Yes,No,Two year,Yes,Bank transfer (automatic),62.84,3557.09,No
7154-NDRFC,Female,0,Yes,No,40,Yes,No,Fiber optic,Yes,No,No,Yes,No,Yes,Month-to-month,No,Electronic check,82.0,3149.34,No
5177-TNQGM,Male,0,No,No,9,Yes,No,DSL,Yes,Yes,Yes,Yes,No,No,Month-to-month,Yes,Mailed check,61.93,549.27,Yes
7415-NGYBX,Female,0,Yes,Yes,17,Yes,No,DSL,No,No,No,Yes,No,No,Month-to-month,No,Electronic check,60.27,1031.91,No
7520-CGJYN,Male,0,Yes,No,42,Yes,Yes,No,No internet service,No internet service,No internet service,No internet service,No internet service,No internet service,Two year,Yes,Bank transfer (automatic),37.45,1573.82,No
3322-XDVVK,Male,0,Yes,Yes,5,Yes,Yes,No,No internet service,No internet service,No internet service,No internet service,No internet service,No internet service,Month-to-month,Yes,Bank transfer (automatic),29.33,143.78,No
1388-XZJEH,Female,0,No,No,9,Yes,Yes,DSL,No,Yes,No,No,Yes,No,Month-to-month,Yes,Electronic check,57.84,509.05,Yes
2227-PNJQQ,Male,0,Yes,No,31,Yes,No,No,No internet service,No internet service,No internet service,No internet service,No internet service,No internet service,Month-to-month,Yes,Credit card (automatic),23.82,739.88,No
1101-KWUWY,Female,1,Yes,No,68,Yes,No,Fiber optic,No,Yes,Yes,No,No,Yes,Two year,Yes,Electronic check,83.04,5823.66,No
1552-HLNUS,Female,0,Yes,Yes,33,Yes,Yes,DSL,No,Yes,Yes,Yes,Yes,No,Month-to-month,No,Electronic check,57.59,1950.54,No
7355-ERUTP,Male,0,Yes,No,62,Yes,No,Fiber optic,No,No,Yes,Yes,No,Yes,Two year,Yes,Credit card (automatic),75.38,4630.22,No
1794-DTWVL,Male,0,No,Yes,12,Yes,Yes,Fiber optic,Yes,No,No,No,No,Yes,Month-to-month,No,Bank transfer (automatic),95.4,1124.64,No
6284-EPFUU,Female,0,No,No,41,Yes,No,DSL,No,Yes,Yes,No,No,No,Two year,No,Credit card (automatic),65.62,2645.69,No
1460-YUJLC,Male,0,No,No,30,Yes,Yes,No,No internet service,No internet service,No internet service,No internet service,No internet service,No internet service,Month-to-month,No,Credit card (automatic),21.08,638.54,No
9426-CXRXJ,Female,0,No,No,49,Yes,Yes,DSL,Yes,No,No,Yes,Yes,Yes,Month-to-month,Yes,Electronic check,61.3,2929.77,No
9060-LJIYM,Female,0,Yes,No,36,Yes,Yes,No,No internet service,No internet service,No internet service,No internet service,No internet service,No internet service,Two year,Yes,Bank transfer (automatic),32.6,1140.21,No
5306-QOOJE,Male,1,No,No,72,Yes,No,Fiber optic,Yes,No,No,No,No,No,Month-to-month,No,Electronic check,80.39,5572.15,Yes
9950-MZLPO,Female,0,Yes,No,49,Yes,No,No,No internet service,No internet service,No internet service,No internet service,No internet service,No internet service,One year,Yes,Electronic check,18.25,901.04,No
9690-CNDWN,Female,0,No,Yes,33,Yes,No,Fiber optic,Yes,No,Yes,No,Yes,No,Two year,Yes,Bank transfer (automatic),78.04,2610.71,No
9306-HEQDJ,Female,0,Yes,Yes,43,Yes,No,DSL,Yes,Yes,No,Yes,No,No,Month-to-month,No,Credit card (automatic),52.94,2332.68,No
3824-FDRTK,Female,0,Yes,Yes,43,Yes,Yes,Fiber optic,No,Yes,No,Yes,Yes,No,Two year,Yes,Bank transfer (automatic),82.69,3420.72,No
3529-ERVOL,Female,0,Yes,Yes,9,Yes,No,Fiber optic,No,No,No,No,No,No,Month-to-month,Yes,Bank transfer (automatic),75.2,645.74,Yes
6834-XZFMW,Female,0,Yes,Yes,2,Yes,No,Fiber optic,Yes,Yes,Yes,Yes,Yes,No,Month-to-month,Yes,Mailed check,88.11,178.95,Yes
6694-VZCPN,Male,0,No,No,70,Yes,No,Fiber optic,No,Yes,Yes,Yes,Yes,Yes,Month-to-month,Yes,Mailed check,84.17,6088.6,Yes
3562-QCMKK,Female,0,No,No,60,Yes,Yes,Fiber optic,No,Yes,No,Yes,Yes,No,One year,No,Electronic check,87.1,5227.38,No
6526-YYSIZ,Female,1,Yes,Yes,29,Yes,No,No,No internet service,No internet service,No internet service,No internet service,No internet service,No internet service,Month-to-month,Yes,Credit card (automatic),28.6,822.26,No
9984-WWVTS,Male,0,Yes,No,38,Yes,Yes,Fiber optic,Yes,Yes,No,No,No,Yes,Month-to-month,Yes,Bank transfer (automatic),76.45,2794.84,No
6744-QKXQP,Male,0,No,No,13,No,No phone service,Fiber optic,No,Yes,No,No,Yes,No,One year,Yes,Electronic check,64.63,814.13,Yes
7675-BXPYC,Female,0,Yes,Yes,13,Yes,Yes,DSL,Yes,No,No,No,No,No,Month-to-month,Yes,Electronic check,65.06,869.82,No
3102-YSQKO,Female,0,No,Yes,2,Yes,Yes,Fiber optic,Yes,No,Yes,Yes,No,Yes,Month-to-month,No,Mailed check,78.76,154.09,Yes
5916-FONII,Female,0,No,Yes,6,Yes,No,Fiber optic,Yes,No,Yes,Yes,No,No,Month-to-month,No,Electronic check,87.19,538.05,Yes
7910-RMPGM,Female,0,No,No,3,Yes,No,DSL,Yes,No,No,Yes,No,No,Month-to-month,No,Electronic check,59.22,175.87,Yes
6055-GENYM,Female,1,No,No,72,Yes,No,DSL,No,Yes,Yes,Yes,No,No,Month-to-month,Yes,Mailed check,61.2,4594.68,No
9111-WTXKT,Male,0,Yes,No,14,Yes,Yes,DSL,No,No,No,No,No,Yes,Month-to-month,Yes,Bank transfer (automatic),65.66,920.51,Yes
2302-IOATY,Male,1,No,Yes,53,Yes,Yes,Fiber optic,No,Yes,Yes,Yes,Yes,No,Two year,No,Credit card (automatic),78.31,4033.27,No
1947-ZCDTR,Female,0,Yes,Yes,39,Yes,Yes,Fiber optic,No,No,Yes,Yes,Yes,Yes,One year,Yes,Electronic check,78.63,2934.35,No
9423-LODRZ,Female,0,No,Yes,50,Yes,No,Fiber optic,No,No,No,Yes,Yes,Yes,Two year,Yes,Credit card (automatic),91.08,4619.85,No
6371-YKZND,Female,0,Yes,No,31,Yes,No,DSL,Yes,Yes,No,Yes,Yes,No,One year,No,Bank transfer (automatic),65.57,2017.99,No
4262-MBXGR,Female,0,Yes,No,67,Yes,No,DSL,Yes,Yes,Yes,Yes,Yes,No,Two year,Yes,Bank transfer (automatic),62.49,4266.71,No
9278-LPNTB,Female,0,No,No,38,Yes,No,DSL,No,No,No,Yes,No,No,Month-to-month,No,Credit card (automatic),51.9,1991.18,No
4236-PCWQA,Female,1,No,No,15,Yes,Yes,Fiber optic,Yes,No,Yes,No,Yes,No,Month-to-month,No,Credit card (automatic),81.73,1216.7,Yes
1109-ERNMO,Male,1,No,Yes,9,Yes,Yes,Fiber optic,Yes,No,Yes,Yes,No,No,Month-to-month,Yes,Credit card (automatic),76.76,683.48,Yes
5451-IAART,Male,1,Yes,Yes,12,Yes,Yes,No,No internet service,No internet service,No internet service,No internet service,No internet service,No internet service,Month-to-month,Yes,Mailed check,21.19,243.55,No
3158-GKQPO,Female,0,No,No,52,Yes,Yes,Fiber optic,Yes,Yes,Yes,Yes,No,Yes,Two year,Yes,Credit card (automatic),78.11,3888.01,No
1330-LTPUS,Male,1,Yes,No,14,No,No phone service,Fiber optic,No,Yes,Yes,No,No,No,Month-to-month,No,Credit card (automatic),71.68,985.48,Yes
9096-OOOGL,Female,1,Yes,No,71,Yes,No,Fiber optic,Yes,Yes,Yes,Yes,No,Yes,Two year,Yes,Mailed check,82.89,6172.91,No
2518-LDMYL,Male,0,No,No,59,Yes,Yes,Fiber optic,Yes,No,No,No,No,Yes,Month-to-month,No,Bank transfer (automatic),77.67,4624.05,Yes
7646-LXFVS,Female,0,Yes,No,59,Yes,No,Fiber optic,Yes,No,Yes,No,No,No,One year,Yes,Electronic check,80.17,4869.98,No
8998-DXXHQ,Female,0,Yes,No,72,Yes,Yes,Fiber optic,Yes,Yes,Yes,Yes,Yes,Yes,One year,No,Mailed check,77.91,5632.13,No
6279-BNRFJ,Male,0,No,No,15,No,No phone service,DSL,No,Yes,No,No,No,Yes,Month-to-month,No,Electronic check,62.85,922.56,No
6268-YBYVV,Male,0,No,No,52,No,No phone service,No,No internet service,No internet service,No internet service,No internet service,No internet service,No internet service,Two year,Yes,Bank transfer (automatic),21.41,1117.05,No
1428-OJXTQ,Male,1,Yes,Yes,60,Yes,No,No,No internet service,No internet service,No internet service,No internet service,No internet service,No internet service,One year,Yes,Mailed check,28.01,1605.94,No
1250-WMEWX,Female,1,Yes,Yes,4,Yes,No,No,No internet service,No internet service,No internet service,No internet service,No internet service,No internet service,Month-to-month,No,Credit card (automatic),24.19,92.23,No
5468-RPHTZ,Female,1,No,No,14,Yes,No,No,No internet service,No internet service,No internet service,No internet service,No internet service,No internet service,Month-to-month,Yes,Electronic check,24.8,350.63,No
9406-RJXYA,Female,0,No,No,72,Yes,No,DSL,No,No,Yes,No,Yes,Yes,One year,Yes,Bank transfer (automatic),61.41,4315.67,No
4045-OPSNA,Female,0,No,No,27,Yes,Yes,Fiber optic,No,Yes,Yes,No,Yes,No,One year,Yes,Electronic check,92.09,2588.7,No
2491-TSQLH,Male,0,No,No,67,Yes,Yes,DSL,Yes,No,Yes,Yes,No,Yes,Month-to-month,No,Bank transfer (automatic),66.62,4302.93,No
3772-RNDKV,Male,0,Yes,No,17,Yes,Yes,Fiber optic,Yes,Yes,Yes,Yes,Yes,No,One year,Yes,Bank transfer (automatic),83.62,1417.04,Yes
6390-WNMYN,Female,0,Yes,No,11,Yes,Yes,No,No internet service,No internet service,No internet service,No internet service,No internet service,No internet service,Month-to-month,Yes,Credit card (automatic),19.37,221.12,No
2216-KQIKW,Male,1,No,Yes,25,Yes,No,Fiber optic,No,No,No,Yes,Yes,No,Month-to-month,No,Bank transfer (automatic),87.07,2137.94,No
4915-HCKTH,Male,0,No,No,22,Yes,Yes,DSL,Yes,Yes,Yes,No,Yes,Yes,Month-to-month,No,Credit card (automatic),57.15,1214.57,Yes
5235-RYVHE,Female,1,Yes,No,42,No,No phone service,Fiber optic,Yes,No,No,Yes,Yes,No,Month-to-month,Yes,Mailed check,75.35,3280.65,No
7036-GKCUE,Male,0,No,Yes,32,Yes,Yes,DSL,No,Yes,Yes,Yes,Yes,No,Month-to-month,Yes,Credit card (automatic),58.88,1797.4,Yes
4425-KBUQO,Female,0,No,Yes,72,Yes,No,DSL,No,Yes,Yes,Yes,No,Yes,One year,Yes,Bank transfer (automatic),60.88,4576.61,No
2601-BBQTU,Male,0,Yes,No,38,Yes,No,DSL,No,Yes,Yes,Yes,No,Yes,Two year,No,Credit card (automatic),65.83,2459.04,No
8202-KAGUT,Male,0,No,No,69,Yes,No,DSL,No,Yes,No,Yes,Yes,No,Two year,Yes,Electronic check,54.06,3570.23,No
5567-AUVFU,Female,1,Yes,Yes,15,Yes,Yes,No,No internet service,No internet service,No internet service,No internet service,No internet service,No internet service,Month-to-month,Yes,Electronic check,28.27,422.61,Yes
6757-XQCQC,Male,0,Yes,No,40,Yes,Yes,DSL,Yes,Yes,Yes,Yes,Yes,Yes,One year,No,Electronic check,58.18,2283.71,No
3328-WZMHK,Female,0,No,Yes,36,Yes,Yes,DSL,No,Yes,Yes,No,Yes,Yes,Two year,Yes,Electronic check,78.32,2718.95,No
3179-OKBPQ,Female,1,No,No,50,Yes,No,DSL,Yes,No,No,Yes,No,No,Month-to-month,Yes,Bank transfer (automatic),59.19,2864.44,Yes
7002-YSRFM,Male,0,Yes,No,11,Yes,No,Fiber optic,Yes,Yes,Yes,Yes,No,Yes,Month-to-month,No,Bank transfer (automatic),89.44,989.67,No
4909-YMROB,Male,0,Yes,No,27,Yes,No,DSL,Yes,Yes,Yes,No,Yes,No,Month-to-month,Yes,Mailed check,70.45,1936.49,Yes
9419-RFBYH,Female,1,No,No,7,Yes,No,DSL,Yes,No,Yes,No,No,No,Month-to-month,No,Electronic check,53.97,396.07,Yes
1154-QAFXA,Male,0,Yes,No,59,Yes,No,No,No internet service,No internet service,No internet service,No internet service,No internet service,No internet service,Two year,No,Credit card (automatic),24.9,1519.95,No
7768-QHHMN,Male,0,No,No,2,Yes,Yes,Fiber optic,Yes,No,No,Yes,No,No,Month-to-month,Yes,Mailed check,86.02,176.41,Yes
9012-GPRAX,Female,0,Yes,No,7,Yes,No,DSL,Yes,Yes,No,Yes,No,Yes,Month-to-month,No,Electronic check,54.67,369.1,Yes
9926-CGUVE,Male,0,No,No,37,Yes,Yes,DSL,No,Yes,Yes,No,Yes,No,One year,No,Bank transfer (automatic),57.58,2035.7,No
9256-IHJRF,Male,0,Yes,No,39,Yes,Yes,Fiber optic,Yes,Yes,Yes,Yes,Yes,Yes,Two year,Yes,Credit card (automatic),81.29,3186.4,No
5885-BDTJU,Female,0,No,Yes,9,Yes,Yes,Fiber optic,Yes,Yes,Yes,Yes,No,Yes,Month-to-month,No,Bank transfer (automatic),87.78,793.27,Yes
7638-ZDYXL,Female,0,Yes,Yes,11,Yes,No,DSL,No,Yes,No,No,Yes,Yes,One year,No,Mailed check,69.77,789.73,No
2217-DNACN,Female,0,No,No,11,Yes,No,Fiber optic,No,No,Yes,Yes,No,Yes,Month-to-month,No,Mailed check,81.88,925.13,No
6068-WZGIF,Female,0,No,No,5,No,No phone service,No,No internet service,No internet service,No internet service,No internet service,No internet service,No internet service,Month-to-month,Yes,Bank transfer (automatic),18.25,93.05,No
3021-LZXXL,Female,0,Yes,Yes,11,Yes,Yes,Fiber optic,Yes,Yes,Yes,No,Yes,No,Month-to-month,No,Bank transfer (automatic),96.04,1021.55,Yes
6915-SGMOJ,Female,0,Yes,No,44,Yes,Yes,DSL,Yes,Yes,Yes,No,No,Yes,Two year,Yes,Mailed check,63.42,2697.86,No
5257-LBTXT,Female,0,No,Yes,12,Yes,No,No,No internet service,No internet service,No internet service,No internet service,No internet service,No internet service,Month-to-month,Yes,Bank transfer (automatic),29.76,358.88,No
9402-LBGWD,Female,1,No,Yes,13,Yes,No,Fiber optic,Yes,Yes,No,No,No,Yes,Month-to-month,Yes,Bank transfer (automatic),72.95,913.32,No
5923-AICCE,Male,0,No,No,68,Yes,Yes,Fiber optic,Yes,Yes,No,No,Yes,No,Two year,No,Bank transfer (automatic),73.33,5120.72,No
5843-RHVKT,Female,0,Yes,No,42,Yes,Yes,Fiber optic,No,No,No,No,No,No,Two year,No,Electronic check,80.82,3558.67,No
5766-SZZPZ,Male,0,Yes,Yes,14,Yes,Yes,Fiber optic,No,Yes,No,Yes,Yes,No,Month-to-month,No,Bank transfer (automatic),86.51,1159.91,Yes
7311-GYDMD,Male,0,No,No,49,Yes,Yes,Fiber optic,No,Yes,Yes,Yes,Yes,No,Month-to-month,No,Electronic check,83.17,3904.29,Yes
8058-XVCHI,Male,0,No,No,35,Yes,Yes,Fiber optic,Yes,No,Yes,Yes,Yes,Yes,Month-to-month,Yes,Credit card (automatic),79.3,2894.41,No
2040-NAPOP,Female,0,No,No,7,Yes,No,No,No internet service,No internet service,No internet service,No internet service,No internet service,No internet service,Month-to-month,Yes,Bank transfer (automatic),18.32,132.96,Yes
9214-UGOUW,Female,0,Yes,No,7,Yes,No,No,No internet service,No internet service,No internet service,No internet service,No internet service,No internet service,Month-to-month,No,Bank transfer (automatic),30.1,202.67,No
6788-CLWBP,Male,0,No,No,33,Yes,No,Fiber optic,No,Yes,No,No,Yes,No,One year,Yes,Bank transfer (automatic),86.11,2732.93,No
5865-FIZPY,Female,0,No,No,6,Yes,Yes,Fiber optic,No,Yes,Yes,No,Yes,No,Month-to-month,Yes,Electronic check,79.15,458.05,Yes
5241-VQXIJ,Male,0,No,No,6,Yes,No,Fiber optic,Yes,Yes,No,No,No,No,Month-to-month,No,Mailed check,82.52,477.59,Yes
1363-FDEIW,Male,0,No,No,18,Yes,No,Fiber optic,No,Yes,No,Yes,No,No,One year,No,Credit card (automatic),78.04,1381.33,Yes
4406-VVZNW,Female,0,No,No,9,Yes,No,DSL,No,Yes,No,No,Yes,No,Month-to-month,No,Credit card (automatic),54.89,513.97,No
4774-QVDBE,Male,0,No,No,22,Yes,No,Fiber optic,Yes,No,No,No,No,Yes,Month-to-month,No,Electronic check,84.22,1817.88,Yes
7489-MHTAE,Female,0,No,No,17,No,No phone service,No,No internet service,No internet service,No internet service,No internet service,No internet service,No internet service,One year,Yes,Bank transfer (automatic),32.18,530.29,No
5228-XTRSI,Male,1,No,No,11,Yes,No,Fiber optic,No,No,Yes,Yes,Yes,No,Month-to-month,No,Mailed check,84.81,909.13,No
5030-XSPCT,Male,0,No,No,48,Yes,Yes,Fiber optic,No,No,No,Yes,No,Yes,One year,Yes,Electronic check,86.5,4232.34,No
4290-KRKOA,Female,0,Yes,No,6,Yes,No,DSL,Yes,Yes,No,Yes,Yes,No,Month-to-month,Yes,Mailed check,58.41,352.33,Yes
2664-NYTKZ,Male,0,Yes,No,9,Yes,Yes,No,No internet service,No internet service,No internet service,No internet service,No internet service,No internet service,Month-to-month,No,Bank transfer (automatic),23.62,217.43,No
3478-XKCAZ,Male,0,No,No,13,Yes,Yes,Fiber optic,Yes,Yes,Yes,Yes,No,No,Month-to-month,No,Electronic check,86.62,1114.95,No
6779-DZBIT,Male,0,Yes,No,42,No,No phone service,Fiber optic,No,Yes,No,No,Yes,Yes,One year,No,Electronic check,79.42,3242.07,No
1479-XRYVV,Female,1,No,No,2,Yes,Yes,DSL,No,No,No,Yes,No,Yes,Month-to-month,No,Bank transfer (automatic),63.24,127.86,Yes
3047-FGERB,Male,0,No,No,72,Yes,No,DSL,Yes,Yes,Yes,No,Yes,No,Two year,Yes,Credit card (automatic),52.94,3862.08,No
4855-POMFC,Male,0,Yes,Yes,57,Yes,Yes,DSL,Yes,Yes,Yes,No,No,Yes,Two year,No,Bank transfer (automatic),59.29,3514.08,No
9893-MPOJS,Male,0,No,Yes,23,Yes,No,Fiber optic,No,No,No,No,No,Yes,Month-to-month,No,Electronic check,82.94,1846.96,Yes
4385-KUISR,Female,0,No,No,41,Yes,Yes,DSL,Yes,Yes,Yes,No,Yes,Yes,Month-to-month,No,Credit card (automatic),63.57,2607.78,No
1275-RUHXA,Female,0,No,No,9,Yes,No,Fiber optic,Yes,No,No,Yes,Yes,Yes,Month-to-month,No,Credit card (automatic),85.19,759.59,Yes
2617-YWTPF,Male,1,No,No,36,Yes,No,DSL,Yes,No,No,No,Yes,No,Two year,No,Electronic check,55.77,2051.09,No
5402-OCPCD,Female,0,No,Yes,0,Yes,Yes,Fiber optic,Yes,No,No,No,No,Yes,Month-to-month,Yes,Mailed check,89.8, ,Yes
2529-ECYUN,Male,0,No,Yes,15,Yes,No,Fiber optic,Yes,No,Yes,Yes,Yes,No,Month-to-month,No,Credit card (automatic),91.15,1374.45,Yes
4317-EYUTM,Female,1,No,No,3,Yes,Yes,DSL,No,No,Yes,No,Yes,No,Month-to-month,Yes,Bank transfer (automatic),56.56,170.44,No
1247-QMHIB,Male,0,No,Yes,24,Yes,No,Fiber optic,Yes,Yes,Yes,No,Yes,Yes,Month-to-month,Yes,Electronic check,77.12,1884.27,No
8844-EVZBQ,Male,0,Yes,No,28,Yes,No,Fiber optic,Yes,No,Yes,No,Yes,No,Month-to-month,Yes,Mailed check,78.86,2224.49,No
1600-VNAUT,Male,0,Yes,Yes,8,Yes,Yes,DSL,No,Yes,Yes,No,Yes,Yes,Month-to-month,Yes,Bank transfer (automatic),56.0,430.35,Yes
9323-MYRNJ,Female,0,Yes,No,50,Yes,No,Fiber optic,No,Yes,No,Yes,No,No,One year,Yes,Electronic check,82.94,4105.0,No
3636-QTAKB,Female,0,Yes,No,12,Yes,Yes,Fiber optic,Yes,No,No,Yes,No,No,Month-to-month,No,Credit card (automatic),89.31,1070.59,Yes
4569-URDSA,Female,1,Yes,No,46,Yes,No,Fiber optic,No,No,Yes,No,Yes,No,Two year,No,Credit card (automatic),82.44,3639.01,No
1111-XAGDP,Female,0,Yes,No,4,Yes,No,No,No internet service,No internet service,No internet service,No internet service,No internet service,No internet service,Month-to-month,No,Credit card (automatic),32.2,129.21,No
5699-VZTMB,Female,0,Yes,No,14,Yes,No,Fiber optic,No,Yes,Yes,No,No,Yes,Month-to-month,No,Credit card (automatic),92.97,1252.07,Yes
9300-OFOKJ,Male,0,No,No,30,Yes,No,Fiber optic,No,No,Yes,Yes,Yes,No,Two year,Yes,Mailed check,89.15,2585.87,No
5079-TEZBD,Female,0,Yes,No,51,No,No phone service,DSL,No,No,Yes,Yes,No,No,One year,Yes,Electronic check,60.89,3260.03,No
7085-DUTLL,Female,0,Yes,Yes,39,Yes,Yes,Fiber optic,Yes,No,No,No,Yes,Yes,One year,Yes,Bank transfer (automatic),88.38,3387.46,Yes
9998-UQDPB,Male,1,No,No,10,Yes,No,No,No internet service,No internet service,No internet service,No internet service,No internet service,No internet service,Month-to-month,Yes,Mailed check,25.4,263.39,Yes
3266-SKZYC,Female,0,Yes,Yes,64,Yes,No,No,No internet service,No internet service,No internet service,No internet service,No internet service,No internet service,One year,No,Bank transfer (automatic),18.45,1219.17,No
8950-WCKYA,Male,0,No,No,44,Yes,No,Fiber optic,Yes,No,Yes,No,Yes,No,Two year,Yes,Bank transfer (automatic),89.9,4041.8,No
1527-NYHUS,Female,0,No,No,69,Yes,No,DSL,No,Yes,Yes,No,No,No,Two year,Yes,Bank transfer (automatic),65.15,4464.76,No
2314-HQMGF,Male,0,No,No,34,Yes,Yes,DSL,Yes,No,No,No,Yes,No,One year,Yes,Electronic check,51.57,1811.21,No
6014-VKYRK,Male,0,No,Yes,1,Yes,Yes,No,No internet service,No internet service,No internet service,No internet service,No internet service,No internet service,Month-to-month,No,Credit card (automatic),23.84,24.62,No
7361-LTZUD,Female,0,No,Yes,35,Yes,No,No,No internet service,No internet service,No internet service,No internet service,No internet service,No internet service,Two year,Yes,Bank transfer (automatic),24.96,846.2,No
1644-VWOGW,Male,1,No,No,28,Yes,Yes,Fiber optic,No,Yes,Yes,No,No,No,Month-to-month,Yes,Electronic check,80.62,2205.85,Yes
5035-HJHHI,Male,0,Yes,No,0,Yes,No,Fiber optic,No,No,Yes,No,Yes,Yes,Month-to-month,No,Bank transfer (automatic),88.76, ,Yes
7066-AJEQZ,Male,0,Yes,No,13,Yes,No,DSL,No,Yes,Yes,Yes,Yes,No,One year,No,Electronic check,64.88,876.33,No
8089-GNAKH,Male,0,No,No,49,Yes,Yes,Fiber optic,Yes,No,Yes,No,No,Yes,Month-to-month,Yes,Credit card (automatic),87.29,4162.43,Yes
5515-KROYB,Female,0,No,Yes,31,Yes,No,Fiber optic,No,No,Yes,No,Yes,Yes,Month-to-month,Yes,Electronic check,81.83,2518.87,No
9500-USVBF,Female,0,No,No,6,No,No phone service,DSL,Yes,No,Yes,No,No,Yes,Month-to-month,No,Electronic check,50.53,298.64,No
1007-UJJPL,Male,0,No,Yes,66,Yes,Yes,Fiber optic,Yes,No,No,Yes,No,No,Month-to-month,Yes,Mailed check,90.56,6067.96,No
6734-YIXNJ,Female,0,No,No,71,Yes,No,Fiber optic,Yes,No,Yes,Yes,Yes,No,Two year,Yes,Credit card (automatic),77.61,5559.31,No
9271-MDHVN,Female,1,No,No,9,Yes,No,No,No internet service,No internet service,No internet service,No internet service,No internet service,No internet service,One year,Yes,Bank transfer (automatic),18.25,167.25,No
6039-RFCLX,Male,0,Yes,No,72,Yes,No,Fiber optic,Yes,No,Yes,Yes,Yes,No,Two year,Yes,Credit card (automatic),81.91,5725.87,No
2144-SZCDW,Female,0,Yes,No,49,Yes,No,No,No internet service,No internet service,No internet service,No internet service,No internet service,No internet service,Two year,Yes,Credit card (automatic),24.06,1186.74,No
1976-TUIHN,Female,0,No,Yes,4,Yes,No,Fiber optic,Yes,Yes,Yes,No,Yes,Yes,Month-to-month,Yes,Credit card (automatic),84.4,327.52,Yes
5558-WPZGH,Male,0,Yes,Yes,43,Yes,No,DSL,No,Yes,Yes,Yes,No,Yes,One year,Yes,Bank transfer (automatic),64.97,2783.21,No
3169-QAWUZ,Male,0,Yes,Yes,22,Yes,Yes,No,No internet service,No internet service,No internet service,No internet service,No internet service,No internet service,Month-to-month,No,Bank transfer (automatic),30.65,702.77,No
9625-BTNTW,Male,0,No,No,60,Yes,Yes,Fiber optic,No,Yes,No,Yes,No,No,Two year,No,Electronic check,87.08,5236.89,No
6248-AWLLP,Male,1,Yes,Yes,38,Yes,Yes,Fiber optic,No,No,No,No,Yes,No,One year,Yes,Electronic check,79.85,2999.57,No
9203-NFTQB,Male,0,Yes,No,66,Yes,No,Fiber optic,No,Yes,No,No,Yes,Yes,Two year,Yes,Bank transfer (automatic),83.51,5611.61,No
5793-UWHNV,Male,0,No,No,58,Yes,Yes,Fiber optic,No,Yes,Yes,Yes,Yes,Yes,One year,No,Electronic check,82.85,4794.44,No
6253-KEBRZ,Female,0,Yes,No,17,Yes,No,No,No internet service,No internet service,No internet service,No internet service,No internet service,No internet service,Month-to-month,No,Credit card (automatic),34.34,598.06,No
6406-URJNH,Male,0,No,No,44,Yes,No,DSL,Yes,Yes,Yes,Yes,No,No,One year,Yes,Bank transfer (automatic),54.18,2449.0,No
3008-PQZGH,Male,0,Yes,No,21,Yes,No,DSL,Yes,No,Yes,No,Yes,Yes,Month-to-month,Yes,Electronic check,56.93,1224.56,No
2494-YUIZS,Female,0,Yes,No,15,Yes,No,DSL,Yes,No,Yes,Yes,No,Yes,Month-to-month,No,Mailed check,71.36,1069.29,Yes
5286-JOCEY,Male,0,No,No,65,Yes,No,Fiber optic,Yes,Yes,Yes,Yes,No,Yes,Month-to-month,Yes,Bank transfer (automatic),91.25,5799.32,No
2859-EWYVC,Male,0,Yes,No,36,Yes,No,Fiber optic,Yes,No,No,No,Yes,Yes,Month-to-month,Yes,Electronic check,83.26,3063.75,No
8549-GAXGR,Male,0,No,No,46,Yes,Yes,No,No internet service,No internet service,No internet service,No internet service,No internet service,No internet service,Two year,Yes,Credit card (automatic),23.92,1048.53,No
1664-EWPZE,Female,0,No,Yes,7,Yes,No,Fiber optic,Yes,No,Yes,No,No,No,Month-to-month,No,Bank transfer (automatic),88.57,641.68,Yes
9015-WYBCN,Female,0,Yes,No,6,Yes,Yes,Fiber optic,Yes,Yes,Yes,Yes,Yes,Yes,Month-to-month,Yes,Mailed check,89.46,556.45,No
2041-BVSVY,Male,0,No,No,0,Yes,No,Fiber optic,Yes,Yes,Yes,No,No,No,Month-to-month,No,Mailed check,82.99, ,No
2283-VBJHG,Female,0,No,No,28,Yes,Yes,DSL,No,No,No,Yes,Yes,No,Month-to-month,No,Electronic check,71.71,1976.14,Yes
7466-DVWRC,Female,0,Yes,No,24,Yes,Yes,Fiber optic,Yes,Yes,No,No,Yes,No,Month-to-month,Yes,Credit card (automatic),82.18,1908.29,No
6369-QJJMZ,Male,1,No,No,39,No,No phone service,Fiber optic,Yes,No,No,Yes,Yes,Yes,One year,No,Bank transfer (automatic),79.15,3194.72,No
1032-NIOAX,Male,1,No,No,26,Yes,No,Fiber optic,No,No,Yes,No,Yes,No,One year,No,Credit card (automatic),92.06,2282.66,No
5112-ZEPRU,Female,1,No,No,1,Yes,No,No,No internet service,No internet service,No internet service,No internet service,No internet service,No internet service,Month-to-month,No,Mailed check,24.2,23.99,Yes
1081-QDLBB,Male,1,No,No,7,Yes,Yes,DSL,Yes,No,No,Yes,No,Yes,Month-to-month,Yes,Bank transfer (automatic),70.9,498.0,Yes
7896-SXSPD,Male,0,No,No,23,Yes,No,DSL,Yes,No,No,Yes,No,Yes,Month-to-month,Yes,Mailed check,64.72,1476.29,No
7885-FCTPD,Female,0,Yes,No,52,Yes,Yes,Fiber optic,Yes,Yes,Yes,Yes,Yes,No,Two year,Yes,Bank transfer (automatic),79.39,4271.38,No
5942-RMSNJ,Male,0,No,No,2,Yes,No,DSL,Yes,Yes,Yes,Yes,No,Yes,Month-to-month,Yes,Electronic check,68.93,133.02,No
3010-GVJSJ,Male,0,No,No,21,Yes,Yes,DSL,No,Yes,Yes,Yes,No,No,Month-to-month,Yes,Credit card (automatic),57.08,1175.04,No
5728-PMTYW,Male,1,No,Yes,72,Yes,No,No,No internet service,No internet service,No internet service,No internet service,No internet service,No internet service,Month-to-month,Yes,Bank transfer (automatic),18.25,1348.34,No
9291-ATSKI,Female,0,Yes,Yes,14,No,No phone service,No,No internet service,No internet service,No internet service,No internet service,No internet service,No internet service,Month-to-month,Yes,Bank transfer (automatic),20.17,274.07,No
1478-VVBPO,Female,0,No,No,13,Yes,Yes,Fiber optic,Yes,No,Yes,No,No,Yes,Month-to-month,Yes,Credit card (automatic),79.4,1009.96,No
2551-OVISZ,Male,0,No,No,24,No,No phone service,DSL,Yes,Yes,Yes,Yes,Yes,Yes,One year,No,Mailed check,53.49,1331.18,No
5092-CHDJQ,Female,0,Yes,No,15,Yes,No,No,No internet service,No internet service,No internet service,No internet service,No internet service,No internet service,Month-to-month,No,Bank transfer (automatic),22.31,323.94,No
2823-NZGWH,Male,0,Yes,No,53,Yes,Yes,No,No internet service,No internet service,No internet service,No internet service,No internet service,No internet service,One year,Yes,Electronic check,19.88,1002.2,No
6526-EGWPO,Male,0,Yes,No,72,Yes,Yes,Fiber optic,No,Yes,Yes,Yes,Yes,Yes,Month-to-month,Yes,Electronic check,73.2,5091.65,No
5596-GYKAX,Female,0,No,No,7,Yes,No,Fiber optic,No,Yes,No,Yes,No,No,Month-to-month,Yes,Mailed check,87.88,620.72,Yes
1418-XGBFR,Male,0,Yes,No,3,Yes,Yes,DSL,No,Yes,No,No,Yes,Yes,Month-to-month,Yes,Mailed check,63.73,183.01,Yes
5911-DHFQW,Female,0,No,No,5,Yes,No,Fiber optic,No,Yes,No,Yes,No,Yes,Month-to-month,No,Credit card (automatic),86.67,450.24,Yes
3295-XKCIW,Male,0,No,No,32,Yes,No,DSL,Yes,No,No,No,No,No,Month-to-month,No,Credit card (automatic),61.66,1938.29,Yes
8275-SKUSU,Female,0,Yes,No,19,Yes,No,No,No internet service,No internet service,No internet service,No internet service,No internet service,No internet service,Month-to-month,No,Bank transfer (automatic),19.8,378.43,No
6019-NZYNF,Male,1,No,Yes,35,Yes,No,Fiber optic,Yes,Yes,No,No,No,Yes,One year,No,Mailed check,85.5,3019.09,Yes
4680-NRIBV,Female,0,No,No,47,Yes,Yes,DSL,Yes,No,Yes,Yes,Yes,No,Two year,No,Electronic check,56.41,2670.58,No
9540-CILTU,Male,0,Yes,No,63,Yes,No,DSL,Yes,No,No,Yes,No,No,Two year,No,Credit card (automatic),55.64,3643.33,No
4089-IKGLG,Male,1,Yes,No,29,No,No phone service,DSL,No,Yes,Yes,Yes,No,No,Month-to-month,Yes,Credit card (automatic),43.31,1300.79,No
1542-SUHKK,Male,1,No,No,1,Yes,No,DSL,Yes,No,Yes,Yes,Yes,No,Month-to-month,No,Credit card (automatic),65.96,66.82,Yes
1199-OLYJU,Male,0,Yes,Yes,21,Yes,No,Fiber optic,Yes,Yes,No,No,Yes,Yes,Month-to-month,No,Mailed check,78.43,1577.35,Yes
4515-EJWGV,Male,0,Yes,Yes,13,Yes,Yes,DSL,No,Yes,No,Yes,Yes,Yes,Month-to-month,Yes,Credit card (automatic),63.68,793.63,No
6988-TTNPB,Female,0,No,No,58,Yes,Yes,Fiber optic,No,No,No,Yes,No,No,Month-to-month,No,Electronic check,74.99,4455.3,No
7290-SCNNI,Male,0,No,No,3,Yes,Yes,Fiber optic,No,No,Yes,No,No,No,Month-to-month,Yes,Bank transfer (automatic),78.61,238.26,Yes
1595-AFGFP,Male,0,No,Yes,39,Yes,Yes,No,No internet service,No internet service,No internet service,No internet service,No internet service,No internet service,One year,No,Credit card (automatic),31.93,1297.67,No
4789-CCRYV,Male,0,Yes,No,10,Yes,No,No,No internet service,No internet service,No internet service,No internet service,No internet service,No internet service,Month-to-month,No,Credit card (automatic),30.26,290.14,No
7818-ISCED,Male,1,No,Yes,1,Yes,No,Fiber optic,No,No,Yes,Yes,Yes,Yes,Month-to-month,Yes,Credit card (automatic),90.56,92.39,No
2653-JBVSQ,Male,1,No,No,36,Yes,No,DSL,No,No,Yes,Yes,No,Yes,One year,Yes,Mailed check,57.26,2051.04,No
2579-WAZSF,Female,0,No,No,40,Yes,No,Fiber optic,No,Yes,No,No,No,No,Two year,Yes,Mailed check,76.71,2966.77,No
2770-SVMBM,Female,1,Yes,No,32,Yes,No,No,No internet service,No internet service,No internet service,No internet service,No internet service,No internet service,Month-to-month,Yes,Electronic check,27.69,879.88,No
5314-IXIGR,Female,0,Yes,Yes,26,Yes,No,Fiber optic,Yes,No,No,Yes,Yes,Yes,Month-to-month,No,Bank transfer (automatic),73.59,1828.6,No
6563-QNIGD,Male,0,Yes,No,5,Yes,No,Fiber optic,No,Yes,No,No,No,No,Month-to-month,Yes,Bank transfer (automatic),79.37,381.0,Yes
2670-PKTUO,Female,0,No,No,59,Yes,Yes,Fiber optic,Yes,Yes,No,No,Yes,Yes,Month-to-month,Yes,Bank transfer (automatic),78.48,4702.16,No
1941-AFHBU,Female,0,No,Yes,16,Yes,No,Fiber optic,Yes,Yes,No,Yes,No,No,Month-to-month,No,Credit card (automatic),92.1,1472.48,No
4303-TFADM,Female,0,No,Yes,58,Yes,No,No,No internet service,No internet service,No internet service,No internet service,No internet service,No internet service,One year,No,Bank transfer (automatic),21.1,1241.63,No
5316-LYQTD,Male,0,No,Yes,55,Yes,Yes,No,No internet service,No internet service,No internet service,No internet service,No internet service,No internet service,One year,Yes,Bank transfer (automatic),26.01,1452.51,No
5189-QPYMJ,Female,0,No,Yes,51,Yes,Yes,Fiber optic,Yes,No,No,Yes,No,No,Two year,Yes,Mailed check,75.18,4002.92,No
9498-IOAEB,Male,0,No,No,1,Yes,Yes,No,No internet service,No internet service,No internet service,No internet service,No internet service,No internet service,Month-to-month,Yes,Mailed check,31.36,29.89,Yes
4760-YBZWA,Male,0,Yes,No,46,Yes,Yes,No,No internet service,No internet service,No internet service,No internet service,No internet service,No internet service,Two year,No,Mailed check,29.33,1322.18,No
1138-XPEYO,Male,1,No,No,1,Yes,Yes,No,No internet service,No internet service,No internet service,No internet service,No internet service,No internet service,Month-to-month,Yes,Mailed check,22.51,22.81,No
6716-RFJDN,Male,0,Yes,No,34,Yes,Yes,Fiber optic,Yes,No,Yes,No,No,No,Month-to-month,Yes,Electronic check,89.05,3097.51,No
9884-QRFOZ,Male,0,No,No,51,Yes,No,Fiber optic,Yes,No,No,No,Yes,Yes,Month-to-month,No,Bank transfer (automatic),91.5,4468.62,No
1792-FSAFY,Male,0,No,Yes,72,No,No phone service,Fiber optic,No,No,No,No,No,No,Month-to-month,Yes,Mailed check,75.35,5338.88,No
1172-LIKGH,Female,0,Yes,No,54,Yes,Yes,Fiber optic,No,No,Yes,Yes,No,Yes,Two year,Yes,Bank transfer (automatic),89.74,4869.66,No
7845-ADGVK,Male,1,Yes,No,33,Yes,Yes,Fiber optic,Yes,No,Yes,Yes,No,Yes,Month-to-month,Yes,Bank transfer (automatic),82.95,2740.76,Yes
1313-NQLCW,Male,0,No,Yes,31,Yes,Yes,Fiber optic,No,No,No,No,No,No,Month-to-month,Yes,Electronic check,74.9,2418.55,No
8722-XZIKY,Female,0,No,Yes,29,Yes,Yes,DSL,Yes,Yes,No,No,Yes,Yes,One year,Yes,Electronic check,62.26,1891.54,No
5047-WQYAS,Male,1,Yes,Yes,25,Yes,No,Fiber optic,No,Yes,Yes,No,No,Yes,Month-to-month,No,Credit card (automatic),79.89,2007.88,Yes
8206-FTFXX,Female,0,Yes,No,49,Yes,No,Fiber optic,Yes,Yes,Yes,No,No,Yes,One year,No,Mailed check,75.28,3574.45,No
1033-NJXIS,Male,0,Yes,No,70,Yes,No,Fiber optic,No,Yes,Yes,No,Yes,No,Two year,Yes,Credit card (automatic),84.34,5898.26,No
2050-FZKTZ,Male,0,No,No,27,Yes,No,DSL,No,Yes,Yes,Yes,No,No,Month-to-month,Yes,Credit card (automatic),62.36,1749.0,No
9686-AGSYZ,Male,0,Yes,No,24,Yes,Yes,Fiber optic,Yes,Yes,No,Yes,No,No,Month-to-month,Yes,Electronic check,94.92,2277.97,Yes
7481-CTHVO,Female,0,Yes,No,20,No,No phone service,No,No internet service,No internet service,No internet service,No internet service,No internet service,No internet service,Month-to-month,No,Credit card (automatic),19.18,377.77,No
2654-VZNVB,Female,0,No,No,33,Yes,Yes,DSL,No,Yes,Yes,Yes,No,Yes,Two year,Yes,Mailed check,52.58,1695.1,No
3440-DHJLI,Male,0,No,No,25,Yes,Yes,No,No internet service,No internet service,No internet service,No internet service,No internet service,No internet service,Two year,Yes,Electronic check,22.31,534.99,No
5902-FJVOA,Female,0,No,No,52,Yes,No,DSL,No,Yes,No,No,No,No,Two year,Yes,Mailed check,66.32,3443.24,No
3954-VEXHQ,Male,0,No,Yes,33,Yes,Yes,DSL,Yes,No,No,No,Yes,Yes,One year,No,Bank transfer (automatic),71.42,2401.9,No
5274-QUDJO,Male,0,Yes,Yes,20,Yes,No,Fiber optic,No,No,No,No,No,No,Month-to-month,No,Mailed check,88.32,1678.36,No
3345-JXFEP,Male,0,No,No,72,Yes,No,No,No internet service,No internet service,No internet service,No internet service,No internet service,No internet service,Two year,Yes,Electronic check,27.6,1895.51,No
1897-AWHDR,Male,1,Yes,No,57,Yes,Yes,No,No internet service,No internet service,No internet service,No internet service,No internet service,No internet service,One year,Yes,Mailed check,22.44,1261.29,No
5327-LLDWA,Male,0,No,Yes,72,Yes,No,DSL,No,Yes,No,No,No,No,Month-to-month,Yes,Credit card (automatic),56.98,4004.42,No
5348-HQOKN,Male,0,Yes,No,48,Yes,No,DSL,Yes,No,Yes,Yes,No,No,One year,Yes,Electronic check,63.06,3176.65,No
3042-DXPQZ,Female,0,Yes,No,58,Yes,No,No,No internet service,No internet service,No internet service,No internet service,No internet service,No internet service,Two year,Yes,Mailed check,26.31,1507.61,No
9136-PUNGQ,Male,1,No,Yes,71,Yes,No,DSL,Yes,Yes,No,Yes,No,No,Two year,Yes,Credit card (automatic),50.67,3601.09,No
9216-WNYFB,Male,0,Yes,No,47,Yes,Yes,DSL,No,Yes,Yes,Yes,Yes,No,One year,Yes,Mailed check,52.54,2570.54,No
4628-FYDNU,Male,0,Yes,No,42,Yes,No,No,No internet service,No internet service,No internet service,No internet service,No internet service,No internet service,One year,Yes,Electronic check,23.57,1008.12,No
1997-BOXAA,Female,0,No,Yes,42,Yes,No,DSL,Yes,Yes,No,Yes,Yes,No,Two year,No,Credit card (automatic),60.35,2589.08,Yes
9328-PSHIM,Male,0,Yes,No,10,Yes,No,Fiber optic,Yes,Yes,Yes,Yes,Yes,No,Month-to-month,No,Bank transfer (automatic),79.29,787.98,No
2926-LYTWM,Female,1,Yes,No,60,Yes,Yes,No,No internet service,No internet service,No internet service,No internet service,No internet service,No internet service,One year,Yes,Bank transfer (automatic),27.11,1602.29,No
8086-KQSVY,Male,0,No,No,42,Yes,Yes,Fiber optic,No,Yes,Yes,No,Yes,Yes,Two year,Yes,Bank transfer (automatic),84.59,3692.81,No
1949-USTAM,Male,0,Yes,No,0,Yes,Yes,Fiber optic,Yes,No,No,No,Yes,No,One year,Yes,Bank transfer (automatic),85.37, ,No
9646-XGMWY,Male,0,No,No,72,Yes,Yes,Fiber optic,Yes,No,No,Yes,Yes,Yes,Two year,Yes,Credit card (automatic),88.28,6112.03,No
3979-UVDAB,Male,1,No,No,11,Yes,No,DSL,Yes,No,Yes,Yes,Yes,Yes,Month-to-month,No,Bank transfer (automatic),53.43,565.62,Yes
2308-TKRCP,Male,0,Yes,No,12,Yes,Yes,No,No internet service,No internet service,No internet service,No internet service,No internet service,No internet service,Month-to-month,No,Electronic check,25.75,324.32,No
7705-ZIOMJ,Female,0,Yes,Yes,14,Yes,Yes,Fiber optic,Yes,Yes,No,No,Yes,No,Month-to-month,No,Credit card (automatic),84.25,1213.96,Yes
6757-OVAFP,Female,0,No,Yes,66,Yes,Yes,No,No internet service,No internet service,No internet service,No internet service,No internet service,No internet service,Month-to-month,Yes,Credit card (automatic),29.2,1939.11,No
6163-XRAMV,Female,1,No,No,22,Yes,No,No,No internet service,No internet service,No internet service,No internet service,No internet service,No internet service,One year,No,Bank transfer (automatic),24.95,555.82,No
8857-UMCFW,Female,0,Yes,No,37,Yes,Yes,Fiber optic,Yes,Yes,No,Yes,Yes,No,Month-to-month,No,Bank transfer (automatic),77.92,2802.21,No
4065-TAMYG,Male,0,Yes,No,11,Yes,Yes,DSL,Yes,No,No,No,Yes,Yes,Month-to-month,No,Mailed check,59.63,670.22,Yes
1274-HBPEG,Male,0,No,Yes,40,Yes,Yes,No,No internet service,No internet service,No internet service,No internet service,No internet service,No internet service,One year,Yes,Credit card (automatic),24.84,1029.9,No
6288-IQYYS,Female,1,Yes,No,40,Yes,Yes,DSL,Yes,Yes,No,Yes,Yes,No,One year,No,Mailed check,60.42,2297.95,No
9717-TBYOA,Female,0,No,No,27,Yes,Yes,DSL,Yes,No,Yes,No,No,Yes,Month-to-month,No,Credit card (automatic),68.66,1788.23,Yes
6584-GNRAL,Male,0,Yes,No,17,Yes,No,DSL,No,No,No,Yes,No,Yes,Month-to-month,Yes,Mailed check,56.55,1007.42,No
1499-CFUKB,Male,0,No,Yes,45,Yes,Yes,No,No internet service,No internet service,No internet service,No internet service,No internet service,No internet service,One year,No,Bank transfer (automatic),26.56,1250.61,No
7722-ODOGQ,Male,1,Yes,Yes,57,Yes,Yes,Fiber optic,Yes,Yes,Yes,Yes,No,No,Month-to-month,Yes,Credit card (automatic),71.9,4201.67,No
9527-ITAKX,Male,0,Yes,No,46,Yes,No,Fiber optic,Yes,No,Yes,Yes,No,Yes,Two year,No,Bank transfer (automatic),78.0,3425.98,No
1671-YCMEA,Female,0,No,No,47,Yes,Yes,DSL,Yes,No,No,No,Yes,No,One year,Yes,Electronic check,56.92,2748.21,No
4143-PSIME,Female,1,No,No,56,Yes,No,Fiber optic,Yes,No,No,Yes,No,No,One year,Yes,Electronic check,80.87,4361.6,No
7565-EWERI,Male,0,Yes,No,13,Yes,Yes,DSL,No,No,Yes,No,No,No,Month-to-month,Yes,Credit card (automatic),66.17,876.44,Yes
9967-HYVMM,Male,0,Yes,No,38,Yes,Yes,DSL,No,No,No,Yes,Yes,No,One year,No,Credit card (automatic),66.09,2399.46,No
4183-LMDIW,Male,0,No,No,21,No,No phone service,Fiber optic,Yes,No,No,Yes,No,Yes,Month-to-month,No,Electronic check,66.15,1337.75,Yes
9809-BTGRQ,Female,1,No,Yes,64,Yes,No,DSL,No,Yes,Yes,Yes,Yes,No,Two year,Yes,Bank transfer (automatic),58.68,3869.65,No
8909-SVUQK,Female,0,Yes,No,5,No,No phone service,No,No internet service,No internet service,No internet service,No internet service,No internet service,No internet service,Month-to-month,No,Credit card (automatic),26.0,130.57,Yes
4033-JJHIO,Female,0,No,No,17,Yes,No,Fiber optic,No,No,No,Yes,Yes,Yes,Month-to-month,Yes,Bank transfer (automatic),84.49,1396.28,No
3431-JSICA,Female,1,Yes,Yes,29,Yes,Yes,Fiber optic,Yes,No,No,Yes,Yes,No,One year,No,Bank transfer (automatic),82.19,2356.88,No
7885-YRBOH,Male,1,Yes,No,23,Yes,Yes,Fiber optic,No,Yes,No,No,Yes,No,Month-to-month,Yes,Mailed check,80.22,1860.46,Yes
3886-XVTNP,Male,0,No,No,28,No,No phone service,Fiber optic,No,No,Yes,Yes,No,Yes,Month-to-month,Yes,Bank transfer (automatic),60.32,1625.47,Yes
9242-RPCZV,Male,0,No,No,16,Yes,No,DSL,Yes,Yes,Yes,Yes,No,Yes,Month-to-month,No,Electronic check,60.09,932.33,No
4282-GZYKG,Female,0,Yes,No,46,Yes,No,Fiber optic,Yes,No,No,Yes,Yes,Yes,Two year,Yes,Electronic check,72.71,3403.72,No
8179-QXOOD,Male,0,No,No,3,Yes,Yes,Fiber optic,Yes,No,Yes,Yes,Yes,No,Month-to-month,No,Electronic check,81.67,253.88,Yes
6427-JFUIF,Male,0,No,No,34,Yes,No,DSL,No,Yes,Yes,No,No,No,Month-to-month,Yes,Credit card (automatic),67.65,2274.02,No
9644-ZMHEQ,Female,1,No,No,66,Yes,No,No,No internet service,No internet service,No internet service,No internet service,No internet service,No internet service,Month-to-month,Yes,Bank transfer (automatic),28.66,1963.44,No
6496-QTMRR,Male,0,No,Yes,21,Yes,Yes,Fiber optic,No,Yes,No,Yes,No,No,One year,No,Credit card (automatic),77.54,1600.93,No
8159-TAQZO,Male,0,Yes,Yes,20,Yes,Yes,Fiber optic,No,No,Yes,No,No,No,One year,Yes,Bank transfer (automatic),83.69,1738.38,Yes
5767-POKZB,Male,0,Yes,No,51,Yes,Yes,Fiber optic,Yes,No,Yes,Yes,Yes,Yes,Month-to-month,Yes,Credit card (automatic),90.81,4569.17,No
8327-EFPQY,Female,1,Yes,No,20,Yes,No,DSL,Yes,Yes,Yes,Yes,No,No,Month-to-month,No,Mailed check,58.37,1160.47,No
3648-AGOJG,Female,0,No,No,50,Yes,No,No,No internet service,No internet service,No internet service,No internet service,No internet service,No internet service,One year,No,Bank transfer (automatic),27.61,1327.6,No
9226-ORTKT,Male,0,No,Yes,8,Yes,No,No,No internet service,No internet service,No internet service,No internet service,No internet service,No internet service,Month-to-month,No,Mailed check,27.49,220.45,Yes
9672-SHUGB,Male,0,No,Yes,61,Yes,No,DSL,Yes,No,No,Yes,No,Yes,Two year,No,Credit card (automatic),60.83,3880.8,No
4996-NMGHX,Female,1,Yes,No,43,Yes,Yes,Fiber optic,No,No,Yes,Yes,Yes,Yes,Month-to-month,Yes,Electronic check,80.92,3416.72,No
3623-UGCBG,Female,0,Yes,No,12,Yes,Yes,No,No internet service,No internet service,No internet service,No internet service,No internet service,No internet service,Month-to-month,Yes,Mailed check,38.53,471.09,Yes
8570-LSZBC,Male,0,No,No,9,Yes,No,Fiber optic,Yes,Yes,No,No,Yes,No,Month-to-month,No,Credit card (automatic),92.26,865.91,Yes
9280-OQIVQ,Female,1,No,No,58,Yes,Yes,Fiber optic,No,No,No,No,No,No,One year,No,Electronic check,83.72,4941.79,No
3319-QAGFU,Female,0,Yes,No,10,Yes,No,No,No internet service,No internet service,No internet service,No internet service,No internet service,No internet service,Month-to-month,Yes,Mailed check,23.11,231.97,No
7615-CXVLF,Male,0,Yes,Yes,4,Yes,No,DSL,Yes,Yes,No,No,No,No,Month-to-month,Yes,Credit card (automatic),62.86,263.61,Yes
4782-PQJCP,Female,0,No,Yes,5,Yes,No,No,No internet service,No internet service,No internet service,No internet service,No internet service,No internet service,Month-to-month,Yes,Credit card (automatic),36.93,178.86,Yes
7345-GQONA,Female,0,No,Yes,7,Yes,No,No,No internet service,No internet service,No internet service,No internet service,No internet service,No internet service,Month-to-month,No,Bank transfer (automatic),27.06,180.49,No
3765-JVVWM,Male,0,No,No,36,Yes,No,DSL,No,Yes,No,No,Yes,Yes,Month-to-month,Yes,Credit card (automatic),66.47,2407.71,No
3941-MUQPL,Male,0,Yes,Yes,1,Yes,Yes,No,No internet service,No internet service,No internet service,No internet service,No internet service,No internet service,Month-to-month,Yes,Bank transfer (automatic),20.12,19.67,No
7267-WRKVY,Male,0,No,No,43,Yes,No,No,No internet service,No internet service,No internet service,No internet service,No internet service,No internet service,One year,Yes,Bank transfer (automatic),28.07,1222.97,No
8168-WGKGJ,Male,1,Yes,Yes,11,No,No phone service,Fiber optic,Yes,No,No,No,Yes,No,Month-to-month,Yes,Credit card (automatic),87.53,916.92,No
7600-RATEE,Male,0,Yes,No,21,Yes,No,No,No internet service,No internet service,No internet service,No internet service,No internet service,No internet service,Month-to-month,No,Electronic check,31.27,640.61,No
5892-GZDDT,Female,0,Yes,No,49,No,No phone service,DSL,No,Yes,Yes,No,Yes,Yes,Two year,Yes,Bank transfer (automatic),62.98,3151.36,No
3578-SREPN,Female,0,No,No,32,Yes,No,Fiber optic,No,No,Yes,Yes,Yes,Yes,One year,Yes,Credit card (automatic),81.95,2734.57,Yes
1851-TWYCE,Male,0,No,No,41,Yes,No,Fiber optic,Yes,Yes,Yes,Yes,Yes,Yes,Two year,Yes,Bank transfer (automatic),80.11,3234.0,No
8425-HQJFQ,Female,1,Yes,No,69,Yes,Yes,Fiber optic,Yes,Yes,No,Yes,No,No,Month-to-month,Yes,Bank transfer (automatic),89.31,5959.15,No
2849-DNFEU,Male,0,Yes,No,4,Yes,No,No,No internet service,No internet service,No internet service,No internet service,No internet service,No internet service,Month-to-month,No,Credit card (automatic),20.92,84.06,No
5758-ODEKK,Male,0,Yes,No,29,Yes,Yes,Fiber optic,Yes,Yes,No,Yes,No,Yes,Month-to-month,No,Credit card (automatic),92.13,2607.04,Yes
5064-DXJVK,Female,0,No,Yes,72,Yes,No,No,No internet service,No internet service,No internet service,No internet service,No internet service,No internet service,Two year,Yes,Mailed check,31.2,2295.23,No
5249-CRBTW,Female,0,No,No,53,Yes,No,DSL,No,No,No,No,Yes,No,Two year,Yes,Credit card (automatic),71.74,3642.1,No
4254-XSAFQ,Female,0,Yes,No,47,Yes,Yes,Fiber optic,No,No,No,No,Yes,Yes,One year,Yes,Mailed check,80.26,3665.73,No
7314-CRVCW,Male,0,No,No,29,Yes,No,DSL,No,No,No,No,No,No,Month-to-month,Yes,Credit card (automatic),54.38,1591.52,No
5797-QBPLJ,Male,1,No,Yes,12,Yes,Yes,DSL,Yes,No,Yes,No,Yes,Yes,Month-to-month,Yes,Electronic check,64.25,745.52,No
8022-GBMTD,Female,0,Yes,No,42,Yes,No,No,No internet service,No internet service,No internet service,No internet service,No internet service,No internet service,Two year,Yes,Credit card (automatic),26.72,1094.81,No
9860-RYMDE,Male,0,No,No,43,Yes,Yes,Fiber optic,Yes,No,Yes,Yes,No,No,One year,No,Bank transfer (automatic),77.42,3387.51,No
5505-PTUTP,Female,0,Yes,No,36,Yes,No,DSL,Yes,No,Yes,Yes,No,Yes,Two year,No,Mailed check,64.93,2332.31,No
1162-NVWVA,Female,1,No,Yes,47,No,No phone service,Fiber optic,No,Yes,No,No,Yes,No,One year,Yes,Bank transfer (automatic),88.65,4092.53,No
4917-QGKCF,Female,0,No,Yes,47,Yes,No,Fiber optic,No,Yes,No,Yes,No,Yes,Month-to-month,Yes,Electronic check,93.82,4221.57,No
1052-ZWKAI,Female,0,No,Yes,56,Yes,No,No,No internet service,No internet service,No internet service,No internet service,No internet service,No internet service,One year,Yes,Electronic check,24.61,1408.19,No
4906-ERZVW,Female,1,Yes,No,27,Yes,No,DSL,No,Yes,No,Yes,No,No,Month-to-month,Yes,Bank transfer (automatic),52.55,1455.15,No
8477-BOOCD,Female,1,No,No,44,No,No phone service,DSL,No,Yes,No,No,Yes,No,Two year,No,Electronic check,51.29,2162.42,Yes
6086-SFMBC,Male,0,No,Yes,31,Yes,Yes,Fiber optic,Yes,Yes,Yes,Yes,No,No,Month-to-month,Yes,Mailed check,77.49,2307.8,Yes
6221-OTXEI,Female,0,No,No,29,Yes,Yes,Fiber optic,Yes,Yes,Yes,Yes,No,Yes,One year,Yes,Mailed check,78.44,2248.56,No
8702-BVYCD,Female,0,No,No,55,Yes,Yes,Fiber optic,Yes,Yes,No,Yes,Yes,Yes,Month-to-month,Yes,Mailed check,84.46,4542.81,Yes
7157-MZORG,Female,0,Yes,No,3,Yes,No,DSL,No,No,No,No,Yes,No,Month-to-month,Yes,Bank transfer (automatic),55.12,172.44,Yes
3920-EDCXB,Male,0,Yes,No,64,Yes,Yes,Fiber optic,No,Yes,Yes,Yes,Yes,No,Two year,No,Credit card (automatic),73.0,4822.2,No
5647-NBVND,Female,0,No,No,54,Yes,Yes,DSL,No,Yes,No,Yes,No,No,One year,No,Mailed check,54.33,2911.98,No
2158-SQKKA,Male,0,Yes,No,62,Yes,No,Fiber optic,Yes,Yes,No,Yes,No,Yes,Two year,No,Credit card (automatic),91.91,5846.43,No
1286-NJGJP,Female,0,No,No,31,Yes,No,No,No internet service,No internet service,No internet service,No internet service,No internet service,No internet service,One year,Yes,Bank transfer (automatic),29.47,895.83,No
3638-JHRBX,Female,0,Yes,Yes,22,Yes,No,DSL,Yes,No,No,No,Yes,Yes,Month-to-month,Yes,Mailed check,53.75,1234.32,No
5990-GTYBF,Male,1,No,No,27,Yes,Yes,DSL,Yes,Yes,No,No,No,No,Month-to-month,No,Electronic check,63.23,1661.09,No
2295-BTFJV,Female,0,Yes,No,11,Yes,No,Fiber optic,Yes,No,Yes,No,No,Yes,Month-to-month,No,Mailed check,83.1,945.22,No
6505-RCZCS,Male,0,Yes,No,16,No,No phone service,DSL,Yes,Yes,Yes,No,Yes,No,Month-to-month,Yes,Bank transfer (automatic),53.4,848.78,No
6754-KVXBY,Female,1,No,No,39,Yes,Yes,Fiber optic,Yes,No,Yes,Yes,Yes,Yes,Month-to-month,Yes,Mailed check,81.22,3109.14,No
3169-UVOWV,Female,0,No,No,55,Yes,Yes,Fiber optic,No,No,Yes,Yes,Yes,Yes,Month-to-month,Yes,Credit card (automatic),91.17,5137.69,Yes
5703-ELXFZ,Female,0,Yes,No,55,Yes,No,No,No internet service,No internet service,No internet service,No internet service,No internet service,No internet service,Two year,Yes,Bank transfer (automatic),19.68,1031.05,No
2635-RQFMD,Female,0,Yes,No,47,Yes,Yes,DSL,Yes,Yes,Yes,Yes,No,Yes,Month-to-month,No,Credit card (automatic),61.21,2995.25,No
4282-YBWRT,Female,0,No,Yes,6,Yes,No,No,No internet service,No internet service,No internet service,No internet service,No internet service,No internet service,One year,No,Bank transfer (automatic),22.25,133.48,No
3538-YGNAX,Female,0,Yes,No,56,Yes,Yes,Fiber optic,No,Yes,Yes,No,No,Yes,One year,No,Credit card (automatic),75.49,4268.74,Yes
7340-ERELN,Female,0,Yes,No,48,Yes,No,No,No internet service,No internet service,No internet service,No internet service,No internet service,No internet service,One year,Yes,Electronic check,31.22,1471.44,No
9380-IALYU,Female,0,Yes,No,62,Yes,Yes,Fiber optic,Yes,No,No,No,Yes,No,One year,No,Electronic check,90.69,5816.4,No
1531-BTSOC,Female,0,Yes,No,62,Yes,No,DSL,No,Yes,Yes,Yes,No,Yes,Two year,Yes,Mailed check,60.56,3649.69,Yes
3520-WDFLT,Female,1,No,Yes,31,Yes,Yes,No,No internet service,No internet service,No internet service,No internet service,No internet service,No internet service,One year,No,Credit card (automatic),30.44,915.07,No
8453-PMKBG,Male,0,No,No,30,Yes,No,Fiber optic,Yes,Yes,Yes,No,Yes,Yes,Month-to-month,No,Electronic check,80.06,2486.08,No
2932-BTJNF,Male,0,Yes,No,4,Yes,No,Fiber optic,Yes,No,Yes,No,Yes,No,Month-to-month,No,Bank transfer (automatic),87.53,365.06,Yes
6320-DRTIF,Male,1,Yes,Yes,70,Yes,No,Fiber optic,No,No,Yes,Yes,Yes,Yes,Two year,Yes,Mailed check,82.85,5931.08,No
8020-FEIZM,Female,0,No,No,9,Yes,No,DSL,No,No,Yes,Yes,Yes,Yes,Month-to-month,No,Credit card (automatic),55.64,484.41,No
3363-NJRLP,Male,0,No,Yes,27,Yes,No,DSL,Yes,No,Yes,No,Yes,No,One year,No,Electronic check,59.27,1534.46,No
4926-MLKZG,Male,0,No,No,15,Yes,Yes,No,No internet service,No internet service,No internet service,No internet service,No internet service,No internet service,Month-to-month,Yes,Bank transfer (automatic),25.01,387.76,Yes
8247-SNIMW,Female,0,No,No,59,Yes,No,Fiber optic,No,No,Yes,No,Yes,Yes,One year,Yes,Electronic check,85.9,4998.3,No
2637-PTQDN,Female,0,No,No,14,Yes,No,Fiber optic,No,Yes,No,Yes,Yes,No,Month-to-month,Yes,Bank transfer (automatic),68.72,991.37,No
2646-YJKWL,Female,1,No,Yes,22,Yes,Yes,DSL,Yes,No,Yes,Yes,No,No,Month-to-month,No,Electronic check,57.53,1269.17,No
2745-XQPBL,Female,0,No,Yes,42,Yes,No,No,No internet service,No internet service,No internet service,No internet service,No internet service,No internet service,Two year,Yes,Credit card (automatic),32.31,1346.28,No
5133-GOGMU,Female,0,No,No,24,Yes,Yes,No,No internet service,No internet service,No internet service,No internet service,No internet service,No internet service,Month-to-month,Yes,Bank transfer (automatic),24.38,590.8,No
7616-HFAIA,Female,1,Yes,No,45,Yes,No,DSL,Yes,Yes,No,Yes,No,Yes,Month-to-month,Yes,Credit card (automatic),52.36,2354.24,No
2153-ZWOUM,Female,0,Yes,No,9,Yes,Yes,Fiber optic,No,Yes,No,Yes,Yes,Yes,Month-to-month,Yes,Mailed check,89.09,829.07,Yes
6411-XCJDU,Male,0,No,No,17,Yes,Yes,No,No internet service,No internet service,No internet service,No internet service,No internet service,No internet service,Month-to-month,No,Mailed check,28.53,472.89,Yes
8402-SPMAU,Female,0,No,Yes,3,Yes,No,No,No internet service,No internet service,No internet service,No internet service,No internet service,No internet service,Month-to-month,No,Electronic check,20.31,57.99,No
9045-ZIFRA,Male,0,Yes,No,28,Yes,No,Fiber optic,Yes,Yes,Yes,No,No,No,One year,Yes,Electronic check,74.96,1994.43,No
1542-VYKNO,Female,0,No,No,29,Yes,No,Fiber optic,Yes,No,Yes,No,No,No,Month-to-month,No,Electronic check,87.28,2616.51,No
2246-FHVLS,Male,0,Yes,No,2,Yes,No,DSL,No,Yes,Yes,No,No,Yes,Month-to-month,Yes,Electronic check,57.8,117.84,No
2749-YWMFZ,Female,0,No,Yes,42,Yes,Yes,Fiber optic,Yes,No,Yes,No,No,No,One year,No,Mailed check,65.42,2617.15,No
8272-NGQJR,Female,0,Yes,No,12,Yes,Yes,No,No internet service,No internet service,No internet service,No internet service,No internet service,No internet service,Month-to-month,Yes,Credit card (automatic),18.25,226.19,Yes
8491-MBOWF,Female,0,Yes,No,9,No,No phone service,DSL,No,No,Yes,Yes,No,Yes,Month-to-month,Yes,Electronic check,52.76,489.59,No
9633-JRSEB,Male,1,Yes,No,44,Yes,No,DSL,No,Yes,No,Yes,Yes,Yes,One year,No,Electronic check,70.79,3092.06,No
9537-SQHCH,Male,0,Yes,No,54,Yes,Yes,No,No internet service,No internet service,No internet service,No internet service,No internet service,No internet service,Two year,No,Bank transfer (automatic),29.32,1566.43,No
5928-SIFGZ,Female,1,Yes,No,3,Yes,No,No,No internet service,No internet service,No internet service,No internet service,No internet service,No internet service,Month-to-month,No,Credit card (automatic),18.25,52.16,No
6674-ZALLK,Female,0,Yes,No,14,Yes,No,DSL,No,Yes,No,Yes,No,No,Month-to-month,Yes,Credit card (automatic),55.68,812.66,No
4523-CAULE,Female,0,Yes,Yes,69,No,No phone service,DSL,No,No,No,No,No,No,Two year,Yes,Bank transfer (automatic),63.63,4330.29,No
4127-YMZED,Female,0,Yes,Yes,72,Yes,No,Fiber optic,Yes,Yes,No,Yes,No,No,Two year,No,Bank transfer (automatic),76.07,5709.8,No
6073-RZMFO,Male,0,No,Yes,46,Yes,No,No,No internet service,No internet service,No internet service,No internet service,No internet service,No internet service,Two year,No,Mailed check,29.31,1383.43,No
3762-ECSQE,Female,0,No,Yes,25,Yes,No,DSL,No,No,No,No,Yes,No,Month-to-month,Yes,Electronic check,54.83,1395.19,No
6029-XVLBQ,Male,0,Yes,No,68,No,No phone service,DSL,No,Yes,Yes,No,No,No,Two year,No,Credit card (automatic),52.68,3475.69,No
5645-XOTNO,Male,0,Yes,Yes,39,Yes,Yes,No,No internet service,No internet service,No internet service,No internet service,No internet service,No internet service,Two year,Yes,Mailed check,18.25,724.11,No
3856-KHMYI,Male,1,No,Yes,1,Yes,No,Fiber optic,No,No,Yes,Yes,No,No,Month-to-month,No,Bank transfer (automatic),81.29,78.75,Yes
5168-YDGMK,Male,0,Yes,No,53,Yes,Yes,Fiber optic,Yes,No,Yes,Yes,Yes,No,One year,No,Credit card (automatic),81.19,4178.91,No
4069-UMJMX,Female,0,No,No,40,Yes,Yes,Fiber optic,No,No,No,Yes,No,Yes,Month-to-month,No,Electronic check,80.69,3329.36,No
9854-GBALQ,Female,1,No,No,53,Yes,No,Fiber optic,No,Yes,No,Yes,No,Yes,Month-to-month,No,Bank transfer (automatic),94.92,4792.76,Yes
1461-NKYPL,Female,0,No,No,13,Yes,Yes,Fiber optic,No,Yes,No,No,No,No,One year,No,Credit card (automatic),88.02,1144.55,Yes
6279-DMIEK,Female,0,Yes,Yes,28,Yes,Yes,DSL,No,No,No,Yes,Yes,Yes,Month-to-month,Yes,Electronic check,54.85,1505.01,No
6750-PZHSO,Male,0,No,No,53,No,No phone service,DSL,Yes,Yes,No,Yes,No,No,Two year,Yes,Bank transfer (automatic),49.16,2548.65,No
8863-XSLNQ,Female,0,No,No,51,Yes,No,DSL,No,No,No,No,No,Yes,Two year,No,Electronic check,64.94,3231.18,No
8252-FWUCH,Female,0,No,Yes,30,Yes,No,DSL,No,No,No,Yes,No,Yes,Two year,Yes,Mailed check,53.37,1609.36,No
3122-PFHEB,Female,0,No,Yes,4,Yes,No,DSL,No,No,Yes,Yes,No,Yes,Month-to-month,Yes,Bank transfer (automatic),57.26,225.42,No
5133-INFHX,Male,0,Yes,Yes,72,Yes,Yes,No,No internet service,No internet service,No internet service,No internet service,No internet service,No internet service,One year,No,Bank transfer (automatic),31.17,2187.56,No
8244-GEZRM,Female,0,Yes,Yes,24,Yes,Yes,DSL,Yes,No,No,Yes,No,Yes,Two year,No,Credit card (automatic),57.43,1364.25,No
7293-FLKSE,Female,0,Yes,Yes,10,Yes,Yes,No,No internet service,No internet service,No internet service,No internet service,No internet service,No internet service,Month-to-month,Yes,Electronic check,20.84,209.4,No
5401-VFDVW,Male,0,Yes,Yes,50,Yes,No,No,No internet service,No internet service,No internet service,No internet service,No internet service,No internet service,One year,No,Mailed check,20.8,1057.09,No
4874-BOHPD,Male,0,Yes,No,17,No,No phone service,Fiber optic,No,Yes,No,Yes,No,No,Month-to-month,No,Credit card (automatic),72.72,1191.3,No
8245-RQNFY,Female,0,No,Yes,42,No,No phone service,DSL,Yes,No,No,No,No,Yes,One year,No,Credit card (automatic),61.34,2468.66,No
3391-JYBDT,Male,0,Yes,No,39,Yes,No,No,No internet service,No internet service,No internet service,No internet service,No internet service,No internet service,One year,Yes,Electronic check,26.08,1055.5,No
4311-PPVQL,Male,1,Yes,Yes,72,Yes,Yes,Fiber optic,No,No,No,Yes,No,No,Two year,No,Bank transfer (automatic),81.28,5747.02,No
5942-TJEMZ,Female,1,Yes,No,4,Yes,Yes,DSL,No,Yes,Yes,Yes,Yes,Yes,Month-to-month,No,Credit card (automatic),58.97,233.72,No
2009-EZVDF,Female,1,No,No,60,Yes,No,DSL,No,No,Yes,Yes,No,No,One year,Yes,Bank transfer (automatic),64.23,4008.47,No
7216-UTWNW,Male,0,Yes,No,72,Yes,No,No,No internet service,No internet service,No internet service,No internet service,No internet service,No internet service,Month-to-month,Yes,Mailed check,21.94,1594.46,No
6363-MQLPV,Male,0,No,No,42,Yes,No,No,No internet service,No internet service,No internet service,No internet service,No internet service,No internet service,One year,Yes,Mailed check,24.94,1094.93,No
9622-PAQGG,Female,0,No,No,71,Yes,Yes,DSL,Yes,Yes,Yes,No,No,Yes,Two year,Yes,Mailed check,54.36,4002.62,No
8929-LUJPR,Female,0,Yes,No,20,Yes,Yes,DSL,No,No,Yes,No,Yes,No,One year,No,Credit card (automatic),69.37,1385.44,No
9038-FOKMW,Female,1,Yes,Yes,68,Yes,Yes,No,No internet service,No internet service,No internet service,No internet service,No internet service,No internet service,Two year,Yes,Mailed check,27.5,1922.07,No
2222-OKXFG,Male,0,No,No,29,Yes,Yes,No,No internet service,No internet service,No internet service,No internet service,No internet service,No internet service,One year,No,Bank transfer (automatic),18.25,509.8,No
1817-LANFK,Female,0,No,No,44,Yes,Yes,Fiber optic,Yes,No,No,No,Yes,Yes,One year,No,Electronic check,79.49,3472.7,No
6446-RBDIN,Male,0,No,No,50,Yes,Yes,DSL,No,Yes,No,Yes,Yes,Yes,Two year,No,Mailed check,56.09,2790.98,No
8950-DBQZV,Female,0,Yes,No,32,No,No phone service,DSL,Yes,No,Yes,Yes,Yes,Yes,Month-to-month,Yes,Credit card (automatic),53.77,1657.4,No
6088-AOLLM,Female,0,Yes,No,17,Yes,Yes,Fiber optic,No,Yes,Yes,Yes,No,Yes,One year,No,Bank transfer (automatic),93.97,1598.3,No
6053-SEBBK,Female,1,No,Yes,28,Yes,No,DSL,No,Yes,No,No,Yes,Yes,One year,No,Electronic check,57.18,1670.52,Yes
5570-ULNZT,Female,0,Yes,No,59,Yes,Yes,DSL,Yes,No,No,No,Yes,Yes,Two year,No,Credit card (automatic),58.81,3358.26,No
7217-JDXOC,Female,1,Yes,Yes,14,No,No phone service,DSL,Yes,Yes,No,Yes,Yes,Yes,Month-to-month,Yes,Credit card (automatic),50.52,715.8,No
5340-CZNUM,Female,0,Yes,No,13,Yes,Yes,Fiber optic,Yes,No,No,Yes,No,No,Month-to-month,No,Mailed check,83.76,1103.14,Yes
1177-QQFSF,Male,0,No,No,7,Yes,Yes,Fiber optic,No,Yes,Yes,No,No,No,Month-to-month,Yes,Mailed check,78.77,560.76,No
7223-TDHES,Female,0,Yes,No,71,Yes,No,No,No internet service,No internet service,No internet service,No internet service,No internet service,No internet service,Two year,No,Credit card (automatic),20.37,1401.62,No
3119-QKCWS,Female,0,No,No,0,Yes,No,DSL,No,Yes,Yes,No,Yes,Yes,Month-to-month,No,Bank transfer (automatic),56.93, ,Yes
3354-WSVEA,Female,0,No,No,27,Yes,No,No,No internet service,No internet service,No internet service,No internet service,No internet service,No internet service,One year,No,Credit card (automatic),25.39,686.21,No
1556-OUXYP,Female,0,Yes,Yes,17,Yes,Yes,Fiber optic,No,Yes,Yes,Yes,No,No,Month-to-month,Yes,Mailed check,81.79,1352.69,No
6680-HAFBR,Male,0,No,No,49,No,No phone service,No,No internet service,No internet service,No internet service,No internet service,No internet service,No internet service,One year,Yes,Credit card (automatic),19.54,911.77,No
5527-UDXSX,Male,0,No,No,14,Yes,No,DSL,Yes,Yes,No,No,Yes,No,Month-to-month,Yes,Bank transfer (automatic),64.93,885.53,Yes
6835-IQPEC,Female,0,Yes,No,9,Yes,No,DSL,No,No,No,Yes,No,Yes,One year,Yes,Mailed check,52.35,468.71,No
6851-CCBQY,Male,0,Yes,Yes,45,Yes,No,Fiber optic,Yes,No,No,No,No,No,One year,Yes,Mailed check,83.84,3769.25,No
5472-DNMPL,Female,0,No,No,41,Yes,No,DSL,No,Yes,No,No,No,No,One year,Yes,Electronic check,66.87,2719.3,Yes
5788-IXNIA,Male,0,No,No,27,Yes,Yes,DSL,No,No,Yes,Yes,No,Yes,Month-to-month,Yes,Credit card (automatic),66.51,1744.91,No
7107-JGMMU,Female,0,No,No,57,Yes,No,Fiber optic,No,No,Yes,No,Yes,No,Two year,No,Bank transfer (automatic),83.85,4819.6,No
5882-SQWAJ,Male,1,Yes,Yes,48,Yes,Yes,Fiber optic,No,Yes,Yes,No,Yes,No,One year,No,Mailed check,86.76,4089.98,No
7437-DLKUZ,Male,0,No,No,37,Yes,Yes,Fiber optic,No,No,Yes,No,Yes,No,Month-to-month,Yes,Mailed check,90.27,3318.14,No
1956-FUEMY,Female,0,Yes,Yes,72,Yes,No,DSL,Yes,Yes,No,No,No,Yes,Month-to-month,No,Mailed check,55.26,4121.43,No
9776-YDDEU,Female,0,No,No,72,Yes,Yes,No,No internet service,No internet service,No internet service,No internet service,No internet service,No internet service,Two year,Yes,Electronic check,22.63,1624.47,No
2611-LVMYM,Male,0,Yes,No,40,Yes,No,DSL,Yes,No,Yes,Yes,Yes,Yes,Two year,Yes,Bank transfer (automatic),56.37,2182.38,No
4417-ZOEQU,Male,0,No,No,72,No,No phone service,Fiber optic,No,No,Yes,Yes,No,Yes,Two year,Yes,Credit card (automatic),76.54,5722.93,No
8545-ACQTQ,Male,0,No,No,40,Yes,Yes,DSL,Yes,No,Yes,Yes,Yes,Yes,Two year,Yes,Credit card (automatic),54.85,2230.83,No
4445-TPYJT,Female,0,Yes,No,16,Yes,No,DSL,Yes,No,No,No,Yes,Yes,Month-to-month,Yes,Credit card (automatic),57.25,871.64,No
2293-TTGBZ,Male,1,No,No,36,Yes,No,Fiber optic,No,No,No,No,Yes,No,Month-to-month,Yes,Electronic check,86.07,3183.25,No
1688-MAKVN,Male,0,No,Yes,72,Yes,Yes,DSL,No,Yes,Yes,No,Yes,No,Two year,Yes,Bank transfer (automatic),57.55,3999.29,No
3157-KCPAJ,Female,0,No,No,34,Yes,No,DSL,No,No,Yes,No,No,Yes,Month-to-month,No,Credit card (automatic),60.77,2137.59,No
1546-GBYUY,Male,0,No,No,34,No,No phone service,No,No internet service,No internet service,No internet service,No internet service,No internet service,No internet service,One year,Yes,Mailed check,18.25,650.49,No
7147-MEZXK,Male,0,Yes,No,35,No,No phone service,Fiber optic,No,Yes,Yes,No,No,No,One year,Yes,Mailed check,82.67,2998.83,No
3030-KKXBQ,Male,0,Yes,No,7,Yes,Yes,No,No internet service,No internet service,No internet service,No internet service,No internet service,No internet service,Month-to-month,Yes,Electronic check,18.25,134.01,No
7916-TFKIK,Male,0,Yes,Yes,28,Yes,No,No,No internet service,No internet service,No internet service,No internet service,No internet service,No internet service,Month-to-month,Yes,Mailed check,23.53,672.31,No
1783-CAZKF,Female,0,Yes,Yes,36,Yes,No,DSL,Yes,Yes,No,Yes,Yes,Yes,Month-to-month,No,Bank transfer (automatic),65.65,2302.22,No
8178-MJCKQ,Male,0,Yes,No,37,Yes,Yes,Fiber optic,No,No,Yes,Yes,Yes,Yes,Month-to-month,No,Electronic check,80.97,2903.16,No
6610-KPTYN,Female,0,Yes,Yes,10,Yes,No,Fiber optic,Yes,Yes,Yes,Yes,No,No,Month-to-month,No,Electronic check,77.83,794.85,No
3049-DEAOF,Female,0,Yes,Yes,1,Yes,Yes,No,No internet service,No internet service,No internet service,No internet service,No internet service,No internet service,Month-to-month,Yes,Bank transfer (automatic),31.63,30.61,No
3034-SIVDI,Female,0,Yes,No,51,No,No phone service,No,No internet service,No internet service,No internet service,No internet service,No internet service,No internet service,Month-to-month,Yes,Electronic check,18.25,914.44,No
1464-NDGTW,Male,0,Yes,No,9,Yes,Yes,DSL,Yes,Yes,No,Yes,Yes,Yes,Month-to-month,Yes,Mailed check,58.19,519.22,No
5908-ZTTZC,Male,0,Yes,No,34,Yes,No,Fiber optic,No,Yes,No,Yes,Yes,No,One year,No,Electronic check,80.91,2757.64,No
3089-LQZCF,Male,0,Yes,Yes,42,Yes,No,Fiber optic,No,Yes,Yes,Yes,No,Yes,Two year,No,Bank transfer (automatic),80.06,3365.98,No
3683-RYYTU,Female,0,No,No,19,Yes,Yes,Fiber optic,Yes,No,No,No,Yes,Yes,Month-to-month,No,Bank transfer (automatic),89.7,1665.73,Yes
4739-PENHY,Female,0,No,Yes,0,No,No phone service,DSL,No,Yes,No,Yes,Yes,Yes,One year,Yes,Credit card (automatic),45.93, ,No
4307-KKXYL,Male,0,Yes,Yes,62,Yes,No,No,No internet service,No internet service,No internet service,No internet service,No internet service,No internet service,One year,Yes,Credit card (automatic),20.88,1355.66,No
9960-TWXIO,Female,0,No,Yes,38,Yes,No,Fiber optic,Yes,No,No,Yes,No,Yes,One year,Yes,Credit card (automatic),82.26,3259.99,No
3565-IMBFV,Male,0,No,No,72,Yes,No,Fiber optic,No,No,No,Yes,No,No,Two year,No,Bank transfer (automatic),86.05,5967.5,No
2491-QTGLW,Female,0,Yes,No,43,No,No phone service,No,No internet service,No internet service,No internet service,No internet service,No internet service,No internet service,One year,No,Credit card (automatic),18.25,816.41,No
8518-XQXKP,Female,0,Yes,Yes,17,Yes,Yes,DSL,No,Yes,Yes,Yes,Yes,Yes,Month-to-month,Yes,Electronic check,63.71,1042.59,Yes
7004-ZJWNC,Male,0,No,No,50,Yes,Yes,Fiber optic,No,No,Yes,No,No,Yes,Two year,No,Bank transfer (automatic),85.46,4140.37,No
6899-ZLOYX,Female,0,Yes,Yes,40,Yes,No,Fiber optic,No,Yes,Yes,Yes,Yes,No,One year,No,Bank transfer (automatic),74.9,2891.27,No
4600-TQQSI,Male,0,No,No,31,Yes,Yes,Fiber optic,Yes,No,No,No,No,Yes,Month-to-month,Yes,Credit card (automatic),79.4,2356.74,Yes
3743-AWHRR,Female,0,Yes,Yes,20,Yes,No,No,No internet service,No internet service,No internet service,No internet service,No internet service,No internet service,One year,No,Credit card (automatic),23.43,477.2,No
7330-WWAVF,Female,0,No,Yes,24,Yes,Yes,DSL,Yes,No,No,No,Yes,No,Month-to-month,Yes,Bank transfer (automatic),66.72,1556.74,No
6807-RBHXD,Male,1,No,No,50,Yes,No,No,No internet service,No internet service,No internet service,No internet service,No internet service,No internet service,One year,No,Credit card (automatic),32.62,1599.38,No
3086-CEQVP,Male,0,No,Yes,49,Yes,Yes,Fiber optic,Yes,No,Yes,Yes,No,No,Two year,Yes,Bank transfer (automatic),87.59,4264.66,No
3560-WJIND,Female,0,No,Yes,58,Yes,No,Fiber optic,No,Yes,Yes,No,Yes,Yes,One year,Yes,Mailed check,79.69,4652.46,No
4206-UPZUJ,Male,0,No,No,13,Yes,Yes,Fiber optic,Yes,No,Yes,No,Yes,Yes,Month-to-month,Yes,Credit card (automatic),84.46,1070.23,No
7899-WQTNX,Male,1,Yes,No,30,Yes,No,DSL,Yes,Yes,No,Yes,No,No,Month-to-month,Yes,Mailed check,61.68,1769.51,No
3138-LGCQD,Male,0,No,No,40,Yes,No,Fiber optic,No,No,No,Yes,Yes,Yes,Two year,No,Electronic check,75.94,2948.37,No
3035-TGWBL,Male,0,Yes,No,19,Yes,No,Fiber optic,Yes,No,No,No,No,No,Month-to-month,No,Bank transfer (automatic),81.93,1572.96,Yes
1604-BUBXP,Male,0,Yes,Yes,53,Yes,No,DSL,No,No,Yes,No,No,No,Two year,No,Mailed check,69.07,3504.31,No
5342-XKKKQ,Male,0,Yes,No,3,Yes,Yes,DSL,No,Yes,Yes,No,Yes,No,Month-to-month,Yes,Electronic check,53.28,166.35,No
8624-OHXPV,Male,1,Yes,No,15,Yes,No,No,No internet service,No internet service,No internet service,No internet service,No internet service,No internet service,One year,No,Credit card (automatic),26.92,422.44,No
4890-FYRIW,Female,0,Yes,No,10,No,No phone service,Fiber optic,Yes,No,Yes,No,No,No,Month-to-month,Yes,Credit card (automatic),78.15,773.43,Yes
1081-YPPAE,Female,0,No,No,40,Yes,No,Fiber optic,No,Yes,No,Yes,Yes,Yes,One year,Yes,Mailed check,77.59,3046.18,No
7484-ODRTH,Male,1,Yes,No,36,Yes,No,Fiber optic,Yes,No,Yes,No,No,No,Two year,Yes,Bank transfer (automatic),87.33,3017.21,No
7203-ZMFZX,Female,0,No,No,49,No,No phone service,DSL,Yes,Yes,No,Yes,Yes,No,One year,No,Credit card (automatic),51.72,2547.11,No
5111-LVAIO,Male,1,Yes,No,5,Yes,No,Fiber optic,No,Yes,Yes,No,No,Yes,Month-to-month,No,Bank transfer (automatic),90.25,471.55,No
6885-QJWQO,Male,0,Yes,No,52,No,No phone service,DSL,No,Yes,Yes,No,Yes,No,Two year,Yes,Mailed check,68.84,3442.03,No
9447-CSYRO,Male,0,No,No,19,Yes,No,Fiber optic,Yes,No,Yes,Yes,Yes,No,Month-to-month,Yes,Bank transfer (automatic),83.35,1505.93,Yes
4279-HOXMD,Female,0,No,No,55,Yes,Yes,Fiber optic,Yes,No,Yes,Yes,Yes,Yes,One year,No,Mailed check,93.91,4983.03,Yes
5352-CYNFQ,Male,0,No,No,9,Yes,No,Fiber optic,No,Yes,No,No,No,Yes,Month-to-month,Yes,Mailed check,83.74,749.08,Yes
5839-NPYWG,Female,0,No,No,11,Yes,Yes,Fiber optic,No,Yes,No,Yes,Yes,Yes,Month-to-month,No,Mailed check,70.04,758.21,Yes
3157-ZQAND,Male,0,No,No,47,Yes,No,Fiber optic,No,Yes,No,Yes,Yes,No,One year,Yes,Electronic check,81.2,3659.93,No
1268-EGCVL,Female,0,Yes,No,44,Yes,No,No,No internet service,No internet service,No internet service,No internet service,No internet service,No internet service,Month-to-month,No,Credit card (automatic),24.65,1126.84,No
5966-WVVFT,Female,0,No,Yes,31,Yes,No,DSL,No,Yes,No,No,No,Yes,Month-to-month,Yes,Credit card (automatic),70.56,2257.53,No
9960-AWWVK,Male,0,No,No,69,Yes,Yes,DSL,Yes,No,Yes,Yes,Yes,No,Month-to-month,Yes,Bank transfer (automatic),60.66,4106.38,No
2790-TQSGE,Male,0,No,No,59,No,No phone service,DSL,Yes,No,Yes,Yes,No,Yes,Month-to-month,Yes,Mailed check,41.9,2593.98,No
9113-NWYLG,Female,0,No,No,63,Yes,Yes,Fiber optic,Yes,No,No,Yes,Yes,Yes,Two year,Yes,Electronic check,85.59,5227.49,No
9061-SRYGJ,Male,0,Yes,No,49,Yes,No,DSL,No,No,No,Yes,No,Yes,Two year,No,Mailed check,60.61,2844.38,No
1351-KLLDV,Female,0,No,No,58,Yes,Yes,Fiber optic,Yes,Yes,No,Yes,Yes,No,One year,Yes,Credit card (automatic),81.91,4791.63,No
5402-LWMXF,Female,1,Yes,Yes,72,Yes,No,Fiber optic,No,No,No,No,Yes,No,Two year,No,Bank transfer (automatic),82.97,6269.94,No
8654-ZTXTP,Female,1,No,No,14,Yes,Yes,Fiber optic,No,No,No,Yes,No,Yes,Month-to-month,Yes,Bank transfer (automatic),89.91,1251.73,Yes
7873-YPRCY,Male,0,Yes,Yes,60,Yes,No,Fiber optic,No,Yes,Yes,No,No,Yes,Two year,No,Bank transfer (automatic),83.96,5264.22,No
7998-EHFIX,Female,0,Yes,No,29,Yes,Yes,Fiber optic,Yes,Yes,Yes,No,No,No,Month-to-month,No,Credit card (automatic),84.16,2518.53,No
5177-KUJXT,Female,0,Yes,No,4,Yes,No,DSL,Yes,Yes,Yes,No,Yes,No,Month-to-month,No,Bank transfer (automatic),56.99,232.26,Yes
3312-QMIXK,Female,0,No,No,18,Yes,No,Fiber optic,Yes,Yes,Yes,No,No,No,Month-to-month,No,Electronic check,75.42,1409.45,No
2050-KNDTF,Female,0,Yes,No,72,Yes,Yes,No,No internet service,No internet service,No internet service,No internet service,No internet service,No internet service,Month-to-month,Yes,Credit card (automatic),26.14,1950.1,No
1831-NEUBK,Female,1,Yes,No,70,No,No phone service,Fiber optic,Yes,Yes,Yes,Yes,Yes,Yes,One year,No,Bank transfer (automatic),74.63,5051.08,No
1465-JYQNE,Female,0,Yes,No,19,No,No phone service,DSL,Yes,No,No,No,No,No,Month-to-month,Yes,Mailed check,55.89,1076.01,Yes
3815-JPFZQ,Male,0,No,Yes,37,Yes,Yes,No,No internet service,No internet service,No internet service,No internet service,No internet service,No internet service,Month-to-month,No,Credit card (automatic),18.25,685.62,No
3805-CPLRP,Female,0,Yes,No,63,No,No phone service,No,No internet service,No internet service,No internet service,No internet service,No internet service,No internet service,One year,Yes,Mailed check,20.64,1297.07,No
6762-VNSJY,Male,1,No,No,39,Yes,No,Fiber optic,Yes,No,Yes,No,Yes,Yes,One year,No,Bank transfer (automatic),82.66,3152.2,No
4671-RZJCG,Male,0,Yes,Yes,3,Yes,Yes,Fiber optic,No,No,Yes,No,Yes,No,Month-to-month,Yes,Bank transfer (automatic),83.38,246.66,No
3193-BOHCD,Male,0,No,No,67,Yes,Yes,No,No internet service,No internet service,No internet service,No internet service,No internet service,No internet service,Month-to-month,No,Mailed check,26.4,1704.36,No
3460-JZSSR,Male,0,No,No,18,Yes,Yes,DSL,No,Yes,No,Yes,No,No,One year,No,Mailed check,62.88,1170.67,Yes
8228-ICNAF,Female,1,No,No,63,Yes,No,Fiber optic,No,No,Yes,No,Yes,No,One year,Yes,Electronic check,86.35,5585.55,No
7776-NRNOH,Male,0,Yes,No,35,Yes,Yes,Fiber optic,Yes,Yes,No,No,No,No,Month-to-month,No,Credit card (automatic),81.87,2895.44,No
2966-GUZCN,Male,0,No,Yes,66,Yes,No,Fiber optic,Yes,Yes,Yes,Yes,Yes,No,Month-to-month,No,Credit card (automatic),88.64,5705.9,No
5233-OGAFE,Female,0,Yes,No,12,Yes,Yes,DSL,Yes,Yes,Yes,No,No,No,Month-to-month,Yes,Electronic check,59.52,691.93,Yes
1471-JRZRE,Male,0,Yes,No,15,No,No phone service,DSL,Yes,Yes,No,No,No,No,Month-to-month,Yes,Mailed check,46.89,710.5,No
4259-HFZRM,Male,0,No,No,41,Yes,No,Fiber optic,No,No,No,No,No,No,Two year,No,Bank transfer (automatic),87.22,3443.53,Yes
4930-IKQYM,Female,0,No,No,29,Yes,No,Fiber optic,Yes,No,Yes,No,Yes,Yes,Two year,No,Credit card (automatic),81.82,2392.44,No
2664-YICOU,Male,0,Yes,No,28,Yes,No,Fiber optic,No,Yes,Yes,No,No,No,One year,Yes,Mailed check,80.78,2150.31,No
3318-HHUYW,Female,0,No,Yes,1,Yes,Yes,Fiber optic,Yes,Yes,Yes,Yes,Yes,Yes,Month-to-month,Yes,Mailed check,91.86,93.03,Yes
3035-WIWZS,Female,0,No,Yes,35,Yes,Yes,DSL,No,Yes,Yes,Yes,No,Yes,Two year,Yes,Electronic check,58.68,2010.66,No
9595-DRBQI,Male,0,Yes,No,11,Yes,Yes,Fiber optic,Yes,Yes,No,No,Yes,Yes,Month-to-month,No,Credit card (automatic),84.75,957.28,Yes
9728-MTHBT,Female,0,Yes,Yes,18,Yes,Yes,DSL,No,No,No,No,Yes,Yes,Two year,Yes,Bank transfer (automatic),66.26,1185.29,No
2995-SMZJK,Female,0,Yes,Yes,45,Yes,Yes,Fiber optic,Yes,No,No,Yes,Yes,Yes,One year,No,Bank transfer (automatic),79.84,3487.81,No
7663-UDTMZ,Female,0,Yes,No,0,Yes,Yes,Fiber optic,No,No,No,No,Yes,Yes,One year,Yes,Mailed check,87.44, ,No
6678-UIHUA,Male,0,Yes,No,42,Yes,No,Fiber optic,Yes,Yes,Yes,Yes,No,Yes,Month-to-month,No,Credit card (automatic),84.03,3699.77,No
6223-ZZSMV,Male,0,Yes,Yes,26,Yes,Yes,Fiber optic,No,No,No,No,No,No,Month-to-month,Yes,Credit card (automatic),90.85,2401.74,No
1131-UETJT,Male,0,No,No,13,Yes,No,Fiber optic,No,No,Yes,No,No,Yes,Month-to-month,Yes,Electronic check,79.63,1071.3,No
6429-YUXDJ,Female,1,No,No,19,Yes,Yes,Fiber optic,No,Yes,No,Yes,Yes,Yes,Month-to-month,No,Electronic check,79.18,1473.63,Yes
4936-AABTL,Female,0,No,No,32,Yes,No,No,No internet service,No internet service,No internet service,No internet service,No internet service,No internet service,Month-to-month,Yes,Electronic check,26.74,880.68,No
7764-VAWFK,Female,0,No,Yes,12,Yes,Yes,DSL,Yes,Yes,Yes,Yes,Yes,No,Month-to-month,Yes,Mailed check,54.16,666.33,No
9665-HYNAV,Female,0,No,No,8,Yes,Yes,Fiber optic,Yes,Yes,Yes,No,No,No,Month-to-month,Yes,Electronic check,90.5,693.15,Yes
1399-QLDNJ,Female,0,No,No,34,No,No phone service,DSL,Yes,No,Yes,No,No,Yes,Two year,Yes,Bank transfer (automatic),53.31,1798.11,No
1886-OBNFV,Female,0,Yes,Yes,21,Yes,Yes,No,No internet service,No internet service,No internet service,No internet service,No internet service,No internet service,Month-to-month,No,Mailed check,35.35,748.9,No
9551-YYCNF,Male,1,Yes,Yes,42,Yes,Yes,DSL,No,Yes,No,Yes,No,No,One year,Yes,Bank transfer (automatic),54.03,2215.39,No
1870-KLHCK,Male,0,No,No,50,Yes,No,No,No internet service,No internet service,No internet service,No internet service,No internet service,No internet service,Month-to-month,No,Electronic check,31.27,1584.99,No
2398-BLBZV,Male,0,No,Yes,30,No,No phone service,DSL,Yes,Yes,No,Yes,No,No,One year,No,Bank transfer (automatic),53.51,1581.05,No
9332-CMVOH,Female,0,No,Yes,59,Yes,Yes,No,No internet service,No internet service,No internet service,No internet service,No internet service,No internet service,One year,Yes,Mailed check,21.4,1309.79,No
8483-IZCSA,Male,0,Yes,No,44,Yes,No,No,No internet service,No internet service,No internet service,No internet service,No internet service,No internet service,One year,No,Credit card (automatic),27.67,1250.18,No
9227-JAVZX,Male,0,Yes,No,37,Yes,Yes,DSL,No,Yes,No,Yes,Yes,Yes,Month-to-month,Yes,Mailed check,60.84,2190.35,No
5371-BFABE,Female,0,Yes,No,27,Yes,Yes,Fiber optic,No,Yes,Yes,Yes,No,Yes,Month-to-month,Yes,Electronic check,86.37,2394.87,Yes
6067-TPFPG,Female,0,Yes,No,43,Yes,Yes,DSL,Yes,No,Yes,No,No,Yes,Month-to-month,Yes,Electronic check,55.78,2385.1,No
5149-XDWHR,Male,0,No,No,38,Yes,No,DSL,No,Yes,Yes,No,Yes,Yes,Two year,Yes,Mailed check,50.71,1883.34,No
3351-ELJNG,Male,0,No,No,26,Yes,Yes,Fiber optic,No,Yes,Yes,No,Yes,Yes,Month-to-month,Yes,Mailed check,86.9,2206.6,Yes
9803-RVUSD,Male,1,Yes,No,29,Yes,No,Fiber optic,Yes,No,No,Yes,Yes,No,One year,Yes,Electronic check,78.98,2222.66,No
6292-XCMEU,Male,0,No,No,35,Yes,No,DSL,Yes,Yes,No,No,No,No,Month-to-month,No,Electronic check,60.31,2203.85,No
9381-BUJZA,Male,1,No,No,26,Yes,No,No,No internet service,No internet service,No internet service,No internet service,No internet service,No internet service,Month-to-month,Yes,Mailed check,28.69,770.74,Yes
2722-SUCEI,Female,0,Yes,No,42,Yes,Yes,Fiber optic,No,Yes,No,Yes,Yes,No,Month-to-month,No,Bank transfer (automatic),83.94,3351.77,No
1313-URTMQ,Female,0,Yes,No,51,Yes,Yes,Fiber optic,Yes,No,No,Yes,Yes,No,Month-to-month,Yes,Mailed check,81.81,3977.1,Yes
6154-SLQQQ,Male,0,No,No,4,Yes,No,Fiber optic,No,Yes,No,Yes,No,No,Month-to-month,Yes,Mailed check,79.66,305.83,Yes
8851-JWAML,Male,0,Yes,No,27,Yes,Yes,Fiber optic,No,Yes,Yes,Yes,Yes,No,Month-to-month,No,Bank transfer (automatic),89.56,2318.26,Yes
8811-BFMVM,Female,0,No,No,10,No,No phone service,DSL,Yes,No,Yes,Yes,No,No,Month-to-month,Yes,Mailed check,59.61,619.88,Yes
6749-EYUBS,Male,0,No,No,32,Yes,No,Fiber optic,Yes,No,Yes,Yes,Yes,Yes,Month-to-month,Yes,Bank transfer (automatic),89.91,2742.54,Yes
2164-OSYBH,Male,0,Yes,Yes,70,Yes,Yes,No,No internet service,No internet service,No internet service,No internet service,No internet service,No internet service,Two year,Yes,Electronic check,18.33,1316.18,No
7212-GSEEO,Female,1,No,Yes,10,Yes,No,No,No internet service,No internet service,No internet service,No internet service,No internet service,No internet service,Month-to-month,Yes,Bank transfer (automatic),21.1,205.66,Yes
7201-FWWCH,Male,0,No,Yes,20,Yes,Yes,DSL,No,No,No,Yes,Yes,No,Month-to-month,Yes,Electronic check,57.69,1106.28,No
6004-MGNZH,Female,0,No,Yes,4,Yes,Yes,Fiber optic,Yes,No,Yes,Yes,No,No,Month-to-month,No,Mailed check,85.06,340.47,Yes
2970-TORQT,Female,1,No,No,49,Yes,No,DSL,Yes,Yes,Yes,Yes,Yes,No,Two year,Yes,Bank transfer (automatic),70.07,3593.29,No
7562-PLLGL,Female,0,No,No,29,Yes,Yes,DSL,No,No,Yes,Yes,No,Yes,Month-to-month,Yes,Bank transfer (automatic),60.34,1687.75,Yes
6444-SUJTL,Female,1,Yes,No,72,No,No phone service,DSL,Yes,Yes,Yes,Yes,Yes,No,Two year,No,Credit card (automatic),52.42,3830.53,No
4224-EGRFC,Female,0,No,No,2,Yes,No,No,No internet service,No internet service,No internet service,No internet service,No internet service,No internet service,Month-to-month,No,Mailed check,26.5,52.51,No
3447-ZDDKJ,Female,0,No,No,9,Yes,Yes,Fiber optic,No,No,Yes,Yes,No,Yes,Month-to-month,Yes,Credit card (automatic),74.81,670.12,Yes
9281-GKHGI,Male,0,No,No,25,Yes,Yes,DSL,Yes,No,Yes,No,No,Yes,Month-to-month,No,Electronic check,47.33,1128.31,No
3313-SUEMG,Male,0,Yes,No,2,Yes,Yes,No,No internet service,No internet service,No internet service,No internet service,No internet service,No internet service,Month-to-month,Yes,Electronic check,18.25,35.9,No
8807-CKIJY,Male,0,No,No,14,Yes,No,DSL,Yes,Yes,No,No,Yes,Yes,Month-to-month,No,Bank transfer (automatic),57.5,788.88,No
5866-JVUDM,Female,0,Yes,No,22,Yes,No,Fiber optic,No,No,No,Yes,No,No,Month-to-month,No,Mailed check,85.57,1900.96,Yes
4708-LJVZA,Male,0,Yes,Yes,71,Yes,No,DSL,No,No,Yes,No,Yes,Yes,Two year,Yes,Electronic check,66.7,4759.82,No
8708-WJMCJ,Female,0,Yes,No,36,Yes,No,Fiber optic,Yes,Yes,Yes,Yes,Yes,No,One year,Yes,Bank transfer (automatic),90.95,3377.33,No
3143-XCIMZ,Male,0,Yes,No,50,Yes,No,DSL,Yes,Yes,No,Yes,Yes,No,Two year,Yes,Electronic check,65.41,3216.02,No
8355-YIGOI,Female,0,No,Yes,29,Yes,Yes,No,No internet service,No internet service,No internet service,No internet service,No internet service,No internet service,Two year,No,Credit card (automatic),18.25,545.13,No
1142-VCFYT,Male,0,Yes,Yes,8,Yes,Yes,DSL,Yes,Yes,Yes,Yes,No,No,Month-to-month,Yes,Mailed check,58.7,480.59,Yes
6781-DGFQN,Female,0,Yes,No,69,Yes,No,DSL,Yes,Yes,No,Yes,No,No,Two year,No,Electronic check,68.5,4526.5,No
4244-TUTCP,Female,0,Yes,No,29,Yes,No,DSL,Yes,No,Yes,No,No,Yes,Month-to-month,No,Electronic check,51.58,1456.21,No
2890-HZKUG,Male,1,Yes,No,19,Yes,No,Fiber optic,Yes,Yes,No,Yes,No,Yes,One year,No,Credit card (automatic),83.05,1564.14,No
9750-HEIEP,Male,0,No,No,52,Yes,Yes,DSL,Yes,No,Yes,No,Yes,Yes,One year,Yes,Bank transfer (automatic),60.14,3278.18,Yes
2296-FSBLS,Male,0,Yes,Yes,33,Yes,No,Fiber optic,No,Yes,Yes,Yes,No,Yes,One year,Yes,Electronic check,87.78,2930.68,Yes
5008-AEZUJ,Female,1,No,No,39,Yes,No,Fiber optic,Yes,No,No,Yes,No,No,Month-to-month,Yes,Mailed check,66.11,2706.18,No
8862-ABWRP,Male,0,Yes,No,41,Yes,Yes,No,No internet service,No internet service,No internet service,No internet service,No internet service,No internet service,Month-to-month,Yes,Electronic check,28.63,1219.1,No
4100-VPLJJ,Male,0,No,No,72,Yes,Yes,DSL,Yes,Yes,No,Yes,No,No,Two year,Yes,Credit card (automatic),52.7,3750.8,No
6177-RUKGO,Female,0,No,No,9,No,No phone service,Fiber optic,Yes,No,Yes,Yes,No,No,Month-to-month,Yes,Mailed check,83.21,712.86,Yes
6250-HBIBC,Female,0,Yes,Yes,6,Yes,No,No,No internet service,No internet service,No internet service,No internet service,No internet service,No internet service,Month-to-month,No,Electronic check,18.25,111.88,No
9692-UAJGZ,Male,0,Yes,No,15,Yes,No,Fiber optic,Yes,No,Yes,No,Yes,No,Month-to-month,No,Mailed check,83.66,1249.06,No
4938-GQMEH,Female,1,No,No,28,Yes,No,Fiber optic,No,No,Yes,Yes,No,No,One year,Yes,Credit card (automatic),71.22,1954.57,Yes
2146-SZVJM,Male,0,Yes,Yes,20,Yes,No,DSL,Yes,No,Yes,No,Yes,Yes,Month-to-month,No,Credit card (automatic),53.8,1069.83,No
1547-JATXE,Male,0,Yes,Yes,72,Yes,No,Fiber optic,No,Yes,Yes,Yes,No,No,Two year,Yes,Mailed check,85.84,6368.41,Yes
7065-PKTRH,Male,0,Yes,No,24,Yes,No,DSL,Yes,Yes,No,Yes,No,Yes,One year,No,Credit card (automatic),55.92,1359.77,No
8185-RITQD,Male,1,Yes,No,63,Yes,No,Fiber optic,Yes,No,Yes,No,Yes,No,Two year,Yes,Bank transfer (automatic),86.58,5514.2,No
2497-IBKMU,Female,0,No,Yes,7,Yes,Yes,No,No internet service,No internet service,No internet service,No internet service,No internet service,No internet service,Month-to-month,Yes,Electronic check,26.81,194.76,No
2543-ORLXI,Female,0,Yes,No,14,Yes,Yes,Fiber optic,Yes,Yes,No,No,Yes,Yes,Month-to-month,Yes,Bank transfer (automatic),82.04,1108.42,No
4670-AKAZG,Female,0,Yes,No,7,Yes,No,DSL,Yes,Yes,No,Yes,No,Yes,One year,Yes,Electronic check,47.0,334.52,No
8308-DHDJP,Female,0,No,No,23,Yes,Yes,Fiber optic,Yes,No,No,Yes,Yes,Yes,Month-to-month,No,Bank transfer (automatic),83.94,1866.24,Yes
4778-PUBLP,Female,0,No,No,6,Yes,Yes,Fiber optic,Yes,No,No,No,Yes,Yes,Month-to-month,No,Credit card (automatic),87.2,521.34,No
5710-DFJQZ,Male,1,No,No,42,Yes,No,Fiber optic,No,No,Yes,Yes,No,Yes,One year,Yes,Mailed check,86.02,3571.52,No
4315-NHAKJ,Female,0,No,Yes,64,Yes,No,DSL,No,Yes,No,Yes,Yes,No,One year,Yes,Credit card (automatic),54.87,3479.57,No
2354-RGFKZ,Male,0,No,No,52,Yes,No,Fiber optic,Yes,Yes,Yes,No,No,Yes,Two year,Yes,Electronic check,84.36,4345.47,No
6726-LVAIO,Female,1,Yes,Yes,50,Yes,No,Fiber optic,Yes,No,No,Yes,No,No,One year,Yes,Bank transfer (automatic),81.77,4223.15,No
5397-RSLYY,Female,1,Yes,Yes,1,Yes,No,Fiber optic,No,Yes,No,Yes,No,No,Month-to-month,Yes,Bank transfer (automatic),83.8,84.94,Yes
5276-XQDDC,Male,1,Yes,Yes,70,Yes,Yes,No,No internet service,No internet service,No internet service,No internet service,No internet service,No internet service,Two year,Yes,Electronic check,32.22,2340.84,No
2905-IBPKP,Female,0,No,Yes,33,Yes,No,No,No internet service,No internet service,No internet service,No internet service,No internet service,No internet service,Two year,No,Bank transfer (automatic),26.62,908.14,No
5526-HPYIH,Female,1,Yes,No,3,Yes,Yes,Fiber optic,No,Yes,Yes,Yes,Yes,Yes,Month-to-month,No,Mailed check,79.8,245.96,Yes
5644-UNVBC,Female,0,Yes,No,40,Yes,No,No,No internet service,No internet service,No internet service,No internet service,No internet service,No internet service,Month-to-month,No,Credit card (automatic),28.13,1074.53,No
4656-GAFHX,Female,1,No,Yes,43,Yes,Yes,No,No internet service,No internet service,No internet service,No internet service,No internet service,No internet service,Month-to-month,Yes,Bank transfer (automatic),25.5,1094.65,No
8039-JYVGM,Male,0,No,Yes,8,Yes,Yes,Fiber optic,No,No,Yes,Yes,Yes,No,One year,No,Electronic check,88.93,741.31,No
9294-LJXRL,Female,0,Yes,No,28,Yes,Yes,Fiber optic,Yes,Yes,Yes,No,No,Yes,Month-to-month,Yes,Electronic check,76.28,2186.31,No
8826-TJLBC,Female,0,Yes,No,7,Yes,Yes,DSL,No,Yes,No,Yes,No,No,Month-to-month,No,Credit card (automatic),52.9,362.38,No
9588-BVFOS,Male,0,No,No,19,Yes,Yes,DSL,No,Yes,No,Yes,Yes,Yes,Month-to-month,Yes,Bank transfer (automatic),58.49,1062.35,No
9919-JYLWC,Female,0,Yes,No,61,Yes,No,DSL,No,Yes,No,No,Yes,Yes,Two year,No,Mailed check,49.54,3014.78,No
3412-QSUJQ,Female,1,No,Yes,11,No,No phone service,DSL,No,Yes,No,No,Yes,Yes,Month-to-month,Yes,Electronic check,52.4,585.79,No
6586-ZDAOA,Male,0,Yes,No,3,Yes,No,DSL,Yes,No,No,No,No,Yes,Month-to-month,No,Credit card (automatic),61.08,176.14,Yes
2762-NGGJR,Female,1,Yes,No,36,Yes,No,DSL,No,No,No,Yes,Yes,Yes,One year,No,Electronic check,66.5,2364.37,No
4292-UECEX,Female,0,No,Yes,49,Yes,Yes,Fiber optic,No,No,No,Yes,Yes,Yes,Two year,Yes,Bank transfer (automatic),80.71,3953.83,No
3496-AIRJJ,Male,0,Yes,No,27,Yes,Yes,No,No internet service,No internet service,No internet service,No internet service,No internet service,No internet service,Month-to-month,No,Electronic check,30.11,820.58,No
1777-RFCSY,Male,0,No,No,51,Yes,No,DSL,Yes,No,No,Yes,No,No,Month-to-month,Yes,Electronic check,61.22,3217.34,No
6494-YKNJN,Male,0,No,No,21,Yes,No,Fiber optic,No,Yes,Yes,Yes,No,Yes,Month-to-month,Yes,Credit card (automatic),82.11,1806.51,Yes
9035-QAPJO,Male,0,Yes,Yes,2,Yes,Yes,Fiber optic,No,No,Yes,No,No,No,Month-to-month,No,Electronic check,77.02,151.78,No
6019-PWWZP,Female,0,No,No,2,Yes,No,Fiber optic,Yes,Yes,Yes,Yes,Yes,No,Month-to-month,Yes,Electronic check,79.39,153.72,Yes
3567-FWXAF,Female,1,No,No,32,Yes,Yes,DSL,Yes,Yes,No,Yes,Yes,No,Month-to-month,No,Electronic check,56.66,1792.42,No
7113-EBZCF,Male,0,Yes,Yes,25,Yes,Yes,No,No internet service,No internet service,No internet service,No internet service,No internet service,No internet service,Month-to-month,Yes,Electronic check,23.02,569.07,No
9899-CUOOV,Female,0,No,Yes,68,Yes,No,Fiber optic,Yes,No,Yes,No,No,Yes,Two year,Yes,Bank transfer (automatic),79.7,5344.64,No
1192-BFMZB,Female,0,No,No,51,Yes,No,No,No internet service,No internet service,No internet service,No internet service,No internet service,No internet service,Month-to-month,Yes,Bank transfer (automatic),29.98,1479.31,No
4780-LFIFD,Female,0,Yes,Yes,60,Yes,Yes,Fiber optic,No,Yes,Yes,Yes,Yes,No,Two year,Yes,Bank transfer (automatic),82.05,4818.64,No
5690-YKQRV,Female,1,No,Yes,9,Yes,Yes,No,No internet service,No internet service,No internet service,No internet service,No internet service,No internet service,Month-to-month,Yes,Credit card (automatic),34.7,327.62,No
8421-XVYZT,Female,0,No,Yes,11,Yes,Yes,Fiber optic,Yes,Yes,Yes,No,Yes,Yes,Month-to-month,No,Credit card (automatic),77.47,889.58,Yes
5438-HOVTN,Male,1,Yes,Yes,26,Yes,No,No,No internet service,No internet service,No internet service,No internet service,No internet service,No internet service,One year,Yes,Mailed check,29.68,786.24,No
1685-HPKLH,Male,0,No,Yes,58,Yes,Yes,Fiber optic,Yes,Yes,Yes,No,No,Yes,Two year,Yes,Electronic check,76.06,4336.65,No
1684-MLUCM,Male,0,No,No,4,Yes,No,DSL,Yes,No,Yes,No,No,Yes,Month-to-month,Yes,Credit card (automatic),58.39,239.76,Yes
8683-GICOW,Male,0,No,No,45,Yes,Yes,Fiber optic,Yes,Yes,No,No,Yes,No,Two year,No,Electronic check,81.44,3778.09,No
5332-KTLKT,Female,0,No,Yes,58,Yes,Yes,DSL,Yes,Yes,Yes,No,No,Yes,One year,Yes,Bank transfer (automatic),58.62,3280.76,No
3556-WGNGQ,Female,0,No,No,7,Yes,No,DSL,No,No,No,No,Yes,Yes,Month-to-month,Yes,Bank transfer (automatic),66.31,469.94,No
4907-GTYAO,Female,0,No,Yes,23,Yes,Yes,Fiber optic,Yes,No,Yes,No,Yes,No,One year,No,Credit card (automatic),83.46,2015.17,No
7465-SFCNQ,Male,0,No,Yes,1,Yes,Yes,DSL,No,Yes,No,Yes,Yes,No,Month-to-month,Yes,Credit card (automatic),69.9,68.75,Yes
3605-JNLMR,Female,1,No,No,9,Yes,Yes,DSL,Yes,No,No,No,No,Yes,Month-to-month,Yes,Bank transfer (automatic),67.41,578.51,Yes
9857-UAJAW,Female,1,Yes,No,18,Yes,No,DSL,Yes,Yes,Yes,Yes,No,Yes,Month-to-month,No,Bank transfer (automatic),59.39,1105.47,Yes
6799-FVOBD,Female,0,No,Yes,40,Yes,No,Fiber optic,No,Yes,Yes,Yes,Yes,Yes,Month-to-month,No,Credit card (automatic),88.8,3591.74,Yes
8283-HNXHA,Male,0,No,No,18,Yes,No,No,No internet service,No internet service,No internet service,No internet service,No internet service,No internet service,Month-to-month,Yes,Mailed check,18.25,339.56,Yes
1754-XPICS,Female,1,No,No,27,Yes,No,DSL,Yes,No,Yes,Yes,No,No,Month-to-month,Yes,Mailed check,59.43,1534.0,Yes
1356-CPQOX,Male,0,No,No,38,Yes,Yes,DSL,Yes,Yes,No,No,No,No,Month-to-month,No,Bank transfer (automatic),58.9,2225.28,No
3422-OHJDU,Female,0,Yes,No,12,Yes,No,Fiber optic,No,No,Yes,Yes,No,No,Month-to-month,No,Bank transfer (automatic),85.42,984.52,Yes
7332-SDDUR,Male,0,No,No,26,Yes,No,Fiber optic,Yes,Yes,No,No,No,No,One year,Yes,Credit card (automatic),86.46,2269.65,No
1267-RZTHI,Female,0,No,No,31,No,No phone service,No,No internet service,No internet service,No internet service,No internet service,No internet service,No internet service,One year,Yes,Credit card (automatic),18.25,552.36,No
7768-KTYKO,Male,0,Yes,No,26,Yes,Yes,DSL,Yes,Yes,No,No,Yes,No,One year,Yes,Mailed check,62.22,1696.8,Yes
5407-NBZOF,Female,0,Yes,No,23,No,No phone service,No,No internet service,No internet service,No internet service,No internet service,No internet service,No internet service,Two year,No,Electronic check,27.27,620.83,No
6164-KVTJS,Male,0,No,No,59,Yes,Yes,DSL,Yes,No,No,Yes,Yes,Yes,Two year,Yes,Bank transfer (automatic),64.0,3920.09,No
1297-ZNRQI,Male,0,No,No,5,Yes,Yes,DSL,Yes,No,Yes,No,No,No,Month-to-month,No,Mailed check,62.08,320.37,Yes
7208-KRCDY,Female,0,Yes,No,15,No,No phone service,Fiber optic,No,Yes,Yes,Yes,No,Yes,Month-to-month,Yes,Electronic check,82.98,1199.11,Yes
7622-DFOAK,Male,0,No,No,54,Yes,Yes,No,No internet service,No internet service,No internet service,No internet service,No internet service,No internet service,One year,No,Mailed check,18.25,1016.91,No
3938-DHHBQ,Male,1,No,No,29,Yes,No,DSL,Yes,Yes,No,No,Yes,No,Month-to-month,Yes,Mailed check,49.18,1476.42,No
3451-AAZDX,Female,0,No,No,12,Yes,No,Fiber optic,No,No,Yes,Yes,No,Yes,Month-to-month,No,Bank transfer (automatic),92.29,1060.98,No
2499-COWBI,Female,0,Yes,No,72,Yes,Yes,No,No internet service,No internet service,No internet service,No internet service,No internet service,No internet service,Two year,Yes,Credit card (automatic),28.42,2063.07,No
7773-BEHUV,Male,0,No,No,35,Yes,No,No,No internet service,No internet service,No internet service,No internet service,No internet service,No internet service,Month-to-month,No,Credit card (automatic),26.53,952.46,No
7384-RAGXS,Female,0,Yes,Yes,24,No,No phone service,Fiber optic,No,No,Yes,Yes,Yes,No,Month-to-month,Yes,Mailed check,78.58,1872.44,Yes
3169-SSTZO,Female,0,Yes,Yes,39,Yes,No,DSL,No,Yes,Yes,No,Yes,No,One year,No,Bank transfer (automatic),59.63,2265.9,No
1538-VAQUD,Female,0,No,Yes,72,Yes,Yes,No,No internet service,No internet service,No internet service,No internet service,No internet service,No internet service,Two year,No,Bank transfer (automatic),27.31,1905.81,No
8175-VRIFS,Male,0,No,Yes,67,Yes,Yes,Fiber optic,No,No,No,Yes,Yes,No,Two year,Yes,Electronic check,84.46,5689.22,No
2412-REINE,Female,0,Yes,No,51,Yes,No,No,No internet service,No internet service,No internet service,No internet service,No internet service,No internet service,Two year,No,Bank transfer (automatic),22.61,1103.89,No
8149-SAWSV,Female,0,Yes,No,21,Yes,Yes,DSL,Yes,Yes,No,Yes,Yes,No,Month-to-month,No,Mailed check,61.22,1266.99,No
6414-QJFGI,Female,0,Yes,Yes,48,Yes,Yes,Fiber optic,Yes,No,Yes,Yes,No,No,One year,Yes,Credit card (automatic),84.1,4062.98,No
3618-TNKST,Female,0,Yes,No,14,Yes,No,Fiber optic,No,No,Yes,No,Yes,No,Month-to-month,No,Bank transfer (automatic),79.45,1107.49,Yes
9413-IGAEP,Female,1,No,Yes,57,No,No phone service,Fiber optic,Yes,Yes,Yes,No,Yes,Yes,Two year,No,Mailed check,84.15,4966.34,No
8282-PZQWG,Male,0,Yes,No,19,Yes,No,DSL,Yes,Yes,No,Yes,Yes,Yes,Month-to-month,Yes,Mailed check,56.43,1109.61,No
3914-VRMYT,Male,0,No,No,41,Yes,No,DSL,Yes,No,Yes,Yes,Yes,No,Month-to-month,Yes,Mailed check,55.78,2314.03,No
3658-PKKUR,Female,0,Yes,No,35,Yes,Yes,DSL,No,No,Yes,No,No,No,Two year,Yes,Credit card (automatic),57.35,1976.53,No
1110-OQNHQ,Male,0,No,No,55,Yes,No,Fiber optic,No,No,No,Yes,Yes,Yes,One year,Yes,Credit card (automatic),74.73,4026.61,No
9528-CPXKI,Male,0,No,No,1,Yes,No,Fiber optic,No,No,Yes,No,Yes,Yes,Month-to-month,Yes,Credit card (automatic),82.13,80.23,Yes
3228-FKUEG,Female,0,No,No,34,Yes,Yes,DSL,No,Yes,No,Yes,Yes,Yes,Month-to-month,No,Electronic check,57.54,1980.22,No
9988-ZFKKH,Female,1,No,No,24,Yes,No,Fiber optic,No,Yes,No,Yes,Yes,Yes,Month-to-month,Yes,Electronic check,86.38,2135.62,Yes
2375-BPBQC,Female,1,Yes,No,11,Yes,No,Fiber optic,Yes,No,Yes,Yes,Yes,No,One year,Yes,Electronic check,82.33,906.9,No
2389-AKIII,Female,1,Yes,No,53,Yes,No,DSL,Yes,No,Yes,Yes,No,Yes,One year,No,Mailed check,50.61,2733.18,No
9443-LVGMB,Female,0,No,No,10,Yes,No,DSL,Yes,No,Yes,No,Yes,No,Month-to-month,No,Bank transfer (automatic),57.38,582.02,No
3327-BAEEI,Male,0,Yes,No,36,No,No phone service,Fiber optic,No,Yes,Yes,Yes,No,No,One year,Yes,Mailed check,69.94,2397.09,Yes
7691-DPJKX,Female,0,No,No,52,Yes,No,DSL,No,Yes,Yes,No,Yes,Yes,Month-to-month,Yes,Electronic check,65.56,3243.66,No
5183-GGEUR,Female,0,Yes,No,56,Yes,No,Fiber optic,No,No,Yes,No,Yes,No,Two year,No,Bank transfer (automatic),88.85,5037.17,No
3409-MNBXU,Male,0,Yes,No,72,Yes,No,DSL,Yes,No,No,Yes,No,Yes,One year,Yes,Bank transfer (automatic),62.08,4523.38,No
5818-SCZQY,Male,0,Yes,Yes,50,Yes,No,DSL,No,No,No,No,Yes,No,Two year,No,Mailed check,63.93,3333.28,No
8777-PHRNK,Male,0,Yes,No,37,Yes,No,DSL,Yes,Yes,No,No,No,No,Month-to-month,No,Credit card (automatic),60.46,2167.41,No
7401-XEOUI,Female,0,No,No,60,Yes,No,Fiber optic,Yes,Yes,No,Yes,Yes,Yes,Two year,Yes,Mailed check,84.48,5305.53,No
4076-AIPZN,Female,0,Yes,No,51,No,No phone service,DSL,No,No,Yes,No,No,No,Two year,Yes,Credit card (automatic),51.43,2634.77,No
3616-VEENV,Female,0,Yes,No,10,Yes,Yes,Fiber optic,No,Yes,Yes,No,No,Yes,Month-to-month,Yes,Bank transfer (automatic),80.91,816.58,No
2911-ASPRK,Female,1,No,No,60,Yes,Yes,Fiber optic,Yes,No,Yes,No,No,No,Two year,Yes,Bank transfer (automatic),87.17,5315.01,No
2065-IMLXF,Female,0,No,No,38,Yes,No,No,No internet service,No internet service,No internet service,No internet service,No internet service,No internet service,One year,Yes,Bank transfer (automatic),19.87,778.63,No
3806-EOUWF,Female,0,Yes,No,72,Yes,Yes,Fiber optic,No,Yes,No,Yes,Yes,No,Two year,Yes,Bank transfer (automatic),83.77,5785.02,No
4867-TBSDA,Male,1,Yes,No,48,Yes,No,DSL,No,No,No,No,No,Yes,One year,No,Credit card (automatic),56.48,2771.86,No
2017-WRURU,Female,0,Yes,No,50,Yes,Yes,Fiber optic,Yes,No,Yes,No,Yes,No,Two year,No,Electronic check,79.23,4073.1,No
5468-VBPTZ,Female,1,No,No,31,Yes,Yes,DSL,Yes,No,Yes,Yes,Yes,Yes,Month-to-month,No,Credit card (automatic),66.13,2035.34,Yes
4231-ESBUS,Male,0,Yes,No,7,Yes,No,DSL,No,No,No,Yes,No,No,Month-to-month,Yes,Credit card (automatic),62.91,449.94,No
7218-HDPJK,Female,1,No,No,8,Yes,Yes,Fiber optic,No,Yes,No,No,No,Yes,Month-to-month,No,Credit card (automatic),84.46,653.83,No
2689-IVXJD,Male,0,No,No,72,Yes,No,DSL,Yes,Yes,No,Yes,Yes,Yes,One year,No,Credit card (automatic),54.47,3731.04,No
1304-EARQU,Male,0,Yes,No,2,Yes,No,Fiber optic,No,Yes,Yes,Yes,Yes,Yes,Month-to-month,Yes,Electronic check,83.01,171.75,Yes
3992-VEGXW,Male,0,No,Yes,43,Yes,No,Fiber optic,No,Yes,No,Yes,No,No,Month-to-month,Yes,Mailed check,81.24,3660.89,No
6388-PSVGB,Female,0,No,No,9,Yes,Yes,DSL,Yes,No,No,Yes,Yes,No,Month-to-month,Yes,Bank transfer (automatic),53.13,500.55,Yes
2665-JGNDP,Male,0,Yes,Yes,61,Yes,No,Fiber optic,No,No,No,Yes,No,Yes,Two year,Yes,Electronic check,85.97,5169.21,No
7393-CHOBR,Male,0,No,Yes,25,Yes,Yes,Fiber optic,No,Yes,Yes,Yes,Yes,Yes,One year,Yes,Mailed check,85.55,2173.44,No
7781-JANWH,Female,1,Yes,Yes,1,Yes,Yes,DSL,Yes,No,No,No,Yes,Yes,Month-to-month,No,Credit card (automatic),48.76,47.58,No
8642-WHPBO,Female,0,Yes,Yes,17,Yes,Yes,Fiber optic,Yes,Yes,Yes,No,No,No,Month-to-month,No,Bank transfer (automatic),81.91,1344.84,No
8914-YFRBH,Female,0,Yes,No,54,Yes,Yes,Fiber optic,Yes,No,Yes,Yes,No,No,Two year,Yes,Electronic check,92.32,5083.1,Yes
8516-QKZTA,Male,0,Yes,No,26,Yes,Yes,Fiber optic,No,No,No,Yes,Yes,Yes,Month-to-month,Yes,Credit card (automatic),84.26,2132.08,No
1719-QWENV,Female,0,Yes,No,31,No,No phone service,Fiber optic,No,Yes,No,No,Yes,No,One year,Yes,Electronic check,87.3,2639.4,No
8760-QZYVR,Male,0,No,No,57,Yes,No,DSL,Yes,Yes,Yes,No,Yes,No,Two year,Yes,Credit card (automatic),61.94,3665.69,No
9867-ACNRX,Female,0,Yes,No,59,Yes,No,DSL,No,Yes,Yes,No,No,Yes,Two year,Yes,Electronic check,63.02,3858.34,No
7105-GXCCS,Female,0,No,No,15,Yes,Yes,Fiber optic,Yes,No,No,No,No,Yes,Month-to-month,No,Bank transfer (automatic),81.86,1238.61,Yes
9669-NDBZH,Male,0,Yes,No,43,Yes,No,Fiber optic,No,No,Yes,No,No,Yes,One year,Yes,Bank transfer (automatic),78.17,3488.06,No
6753-IFRTM,Female,0,No,Yes,56,Yes,No,Fiber optic,Yes,No,Yes,Yes,Yes,No,Two year,No,Mailed check,77.81,4161.19,No
5566-MPUSH,Female,0,Yes,No,15,Yes,Yes,Fiber optic,Yes,Yes,No,Yes,No,No,Month-to-month,No,Credit card (automatic),88.96,1299.36,Yes
3222-RQJVK,Male,0,Yes,No,40,Yes,Yes,No,No internet service,No internet service,No internet service,No internet service,No internet service,No internet service,One year,Yes,Mailed check,23.73,907.85,No
4022-OFSXY,Male,1,Yes,No,61,Yes,No,Fiber optic,No,No,Yes,Yes,Yes,Yes,Two year,Yes,Bank transfer (automatic),80.17,4803.23,No
5020-GMCRL,Female,0,No,No,16,Yes,No,DSL,Yes,Yes,No,No,No,Yes,Month-to-month,No,Mailed check,70.14,1177.03,Yes
2096-OSFKX,Male,0,No,No,28,Yes,No,DSL,Yes,No,Yes,Yes,Yes,Yes,Month-to-month,Yes,Mailed check,71.53,2071.3,No
7388-ULMML,Male,1,No,No,41,Yes,No,Fiber optic,No,No,No,No,Yes,Yes,Month-to-month,No,Mailed check,84.13,3289.48,Yes
2298-BVNNP,Male,0,Yes,Yes,30,No,No phone service,Fiber optic,No,Yes,Yes,Yes,No,Yes,Month-to-month,No,Bank transfer (automatic),68.7,1961.27,No
4712-XMNNE,Male,0,No,No,52,Yes,Yes,DSL,No,No,Yes,No,No,Yes,Month-to-month,Yes,Bank transfer (automatic),59.41,3124.82,No
2560-EGEFY,Male,1,No,No,6,Yes,No,Fiber optic,No,Yes,No,No,Yes,Yes,Month-to-month,Yes,Bank transfer (automatic),77.4,463.95,Yes
4245-UKVTV,Female,0,Yes,No,72,No,No phone service,No,No internet service,No internet service,No internet service,No internet service,No internet service,No internet service,One year,Yes,Electronic check,18.25,1334.51,No
3595-CISRS,Male,0,No,No,58,Yes,Yes,Fiber optic,Yes,Yes,No,No,No,Yes,Two year,Yes,Electronic check,90.5,5126.88,No
9939-FLMDR,Female,0,No,Yes,65,Yes,Yes,No,No internet service,No internet service,No internet service,No internet service,No internet service,No internet service,Two year,No,Mailed check,18.25,1229.93,No
1440-XCCEX,Female,0,No,Yes,53,Yes,No,DSL,Yes,No,No,No,Yes,No,Two year,Yes,Mailed check,56.23,2974.7,No
8752-XVYMA,Female,0,No,No,64,Yes,No,Fiber optic,No,Yes,No,Yes,No,No,Two year,No,Bank transfer (automatic),81.93,5130.94,No
4942-FGREI,Female,0,No,No,17,Yes,Yes,DSL,Yes,No,Yes,Yes,No,No,Month-to-month,Yes,Electronic check,53.69,930.88,Yes
4533-BSTOA,Female,0,No,No,25,Yes,Yes,Fiber optic,Yes,No,No,Yes,No,No,Month-to-month,Yes,Bank transfer (automatic),79.74,2066.36,No
8082-LGYWL,Male,0,Yes,No,41,Yes,Yes,DSL,No,No,Yes,No,No,No,Two year,Yes,Bank transfer (automatic),53.91,2179.04,No
4989-XEKOJ,Female,0,Yes,No,72,Yes,No,No,No internet service,No internet service,No internet service,No internet service,No internet service,No internet service,Two year,Yes,Mailed check,18.25,1276.4,No
3840-CGJVI,Female,0,Yes,Yes,18,Yes,No,DSL,No,Yes,No,Yes,Yes,Yes,Month-to-month,No,Bank transfer (automatic),59.3,1017.59,No
2450-WJXCA,Female,0,Yes,Yes,33,Yes,No,Fiber optic,No,Yes,No,Yes,No,Yes,One year,Yes,Credit card (automatic),82.74,2678.57,No
9294-CAQIM,Male,0,No,No,44,No,No phone service,Fiber optic,No,No,No,Yes,No,No,Two year,No,Electronic check,70.37,3216.63,No
4675-HMGFF,Female,0,Yes,No,35,Yes,No,Fiber optic,No,No,Yes,Yes,Yes,No,One year,Yes,Bank transfer (automatic),75.74,2741.59,No
2066-NOALT,Female,0,Yes,No,71,Yes,Yes,No,No internet service,No internet service,No internet service,No internet service,No internet service,No internet service,Two year,Yes,Bank transfer (automatic),18.25,1314.34,No
1011-HYLAN,Male,0,No,No,59,Yes,No,DSL,Yes,Yes,No,Yes,No,No,Two year,Yes,Mailed check,52.75,3096.47,No
4696-FBWVR,Female,0,Yes,Yes,56,Yes,No,DSL,No,Yes,Yes,Yes,No,No,One year,No,Electronic check,59.2,3288.08,No
1158-WMMWL,Male,1,No,Yes,19,Yes,Yes,Fiber optic,No,Yes,No,No,Yes,Yes,Month-to-month,Yes,Mailed check,84.44,1578.08,No
3125-GYOPP,Male,0,Yes,No,51,Yes,No,Fiber optic,No,No,Yes,No,Yes,No,Two year,Yes,Electronic check,80.29,4195.84,No
2984-KYDYH,Female,0,No,Yes,72,No,No phone service,Fiber optic,No,Yes,Yes,No,Yes,Yes,Two year,No,Electronic check,85.06,5958.35,No
3661-ARILP,Female,1,No,Yes,4,Yes,Yes,Fiber optic,Yes,No,Yes,No,Yes,No,Month-to-month,No,Mailed check,90.51,370.42,Yes
6707-YOESB,Female,0,Yes,No,46,Yes,Yes,Fiber optic,No,Yes,No,No,No,Yes,Two year,Yes,Bank transfer (automatic),72.76,3278.47,No
8591-HSEKS,Male,0,No,No,6,Yes,No,Fiber optic,No,Yes,Yes,No,Yes,Yes,Month-to-month,No,Mailed check,83.53,476.25,Yes
6591-AAZNW,Female,0,No,No,50,Yes,No,DSL,Yes,No,No,No,No,No,Two year,Yes,Credit card (automatic),49.83,2396.35,No
1654-MOXSQ,Male,0,No,No,43,Yes,No,DSL,Yes,No,No,No,No,Yes,Two year,No,Credit card (automatic),60.53,2573.33,No
3640-ZIHSZ,Male,0,No,No,24,Yes,No,DSL,Yes,Yes,Yes,No,Yes,Yes,Month-to-month,Yes,Electronic check,65.66,1545.98,Yes
8710-EVJFY,Male,0,No,No,72,Yes,No,No,No internet service,No internet service,No internet service,No internet service,No internet service,No internet service,Two year,No,Electronic check,26.9,1960.86,No
9547-JAFOB,Male,0,Yes,No,34,No,No phone service,No,No internet service,No internet service,No internet service,No internet service,No internet service,No internet service,Month-to-month,Yes,Credit card (automatic),18.25,599.91,No
3044-DYJJK,Male,0,No,Yes,53,Yes,No,Fiber optic,Yes,No,No,No,Yes,No,Two year,No,Electronic check,89.41,4615.28,No
1117-OXVGA,Female,0,Yes,No,41,Yes,No,Fiber optic,Yes,Yes,Yes,Yes,Yes,No,One year,No,Credit card (automatic),78.51,3228.38,No
7959-VXPMT,Male,0,No,No,16,Yes,Yes,DSL,No,Yes,No,Yes,Yes,No,Month-to-month,Yes,Mailed check,61.17,1010.14,No
7212-THXAC,Female,1,No,No,39,Yes,Yes,Fiber optic,Yes,No,No,Yes,No,Yes,Two year,Yes,Mailed check,77.53,3066.52,No
6892-OOXWS,Male,1,Yes,No,38,Yes,Yes,Fiber optic,Yes,No,Yes,No,Yes,No,Month-to-month,Yes,Credit card (automatic),84.7,3303.71,No
2482-CDPSU,Male,0,No,No,47,Yes,No,Fiber optic,No,Yes,Yes,Yes,Yes,No,Month-to-month,No,Electronic check,81.25,3818.71,No
1927-HIQBV,Male,0,No,Yes,19,Yes,Yes,DSL,Yes,Yes,Yes,No,No,Yes,One year,Yes,Credit card (automatic),49.75,923.05,No
1725-NYFRO,Male,0,Yes,No,17,Yes,Yes,Fiber optic,No,No,No,No,No,Yes,Month-to-month,Yes,Mailed check,80.63,1378.56,Yes
8378-PWKER,Male,0,No,No,33,No,No phone service,DSL,Yes,Yes,Yes,No,Yes,No,Month-to-month,Yes,Electronic check,58.99,1907.09,No
9708-LVWQU,Male,1,No,Yes,44,Yes,No,DSL,Yes,No,Yes,Yes,Yes,Yes,One year,No,Credit card (automatic),67.02,3086.76,No
6066-UINCF,Female,0,Yes,No,45,No,No phone service,Fiber optic,No,Yes,Yes,No,Yes,Yes,Month-to-month,Yes,Mailed check,75.66,3335.04,No
6211-SABAN,Male,0,Yes,No,8,Yes,Yes,DSL,Yes,Yes,No,No,Yes,Yes,Month-to-month,No,Bank transfer (automatic),66.12,537.43,No
4016-BUNAR,Female,0,Yes,No,62,Yes,Yes,DSL,Yes,No,No,No,No,No,One year,Yes,Mailed check,56.82,3480.19,No
9202-KYKCD,Male,1,No,No,12,Yes,Yes,DSL,Yes,Yes,Yes,No,Yes,No,Month-to-month,No,Bank transfer (automatic),72.33,874.91,Yes
1602-HKLMW,Female,0,No,No,6,Yes,No,Fiber optic,No,No,Yes,No,No,No,Month-to-month,Yes,Electronic check,78.74,451.37,Yes
1104-XGYDC,Female,0,No,No,19,Yes,No,DSL,No,Yes,Yes,Yes,No,No,Month-to-month,Yes,Credit card (automatic),60.34,1100.07,Yes
2093-HYMEQ,Female,0,Yes,No,15,Yes,No,No,No internet service,No internet service,No internet service,No internet service,No internet service,No internet service,Month-to-month,No,Electronic check,18.25,266.29,Yes
5571-STUDM,Male,0,Yes,No,46,Yes,No,No,No internet service,No internet service,No internet service,No internet service,No internet service,No internet service,One year,No,Bank transfer (automatic),23.7,1044.09,No
6675-OZYVG,Female,1,Yes,Yes,18,No,No phone service,DSL,Yes,No,Yes,No,Yes,No,Month-to-month,No,Electronic check,58.56,1061.6,No
5759-UGSGD,Female,0,Yes,No,46,Yes,Yes,Fiber optic,No,No,Yes,No,No,No,Two year,Yes,Electronic check,99.88,4659.96,No
3159-YZWHU,Female,0,Yes,Yes,50,Yes,No,Fiber optic,No,No,Yes,Yes,Yes,No,Month-to-month,Yes,Bank transfer (automatic),78.96,3859.96,No
2964-DGDQR,Male,0,No,Yes,32,Yes,No,DSL,No,No,No,Yes,No,No,Month-to-month,No,Credit card (automatic),46.98,1488.32,No
1320-CMCVK,Female,0,Yes,No,72,No,No phone service,Fiber optic,Yes,No,No,No,Yes,Yes,Two year,No,Electronic check,84.99,5985.31,No
4714-ASSTO,Female,0,No,No,24,Yes,Yes,Fiber optic,Yes,No,No,No,Yes,No,Month-to-month,No,Mailed check,83.29,2086.94,Yes
3425-CIODB,Female,0,No,Yes,59,Yes,No,DSL,Yes,No,No,No,No,No,One year,Yes,Credit card (automatic),68.03,4134.1,Yes
2952-BAMTM,Female,0,Yes,No,27,Yes,No,DSL,No,No,No,Yes,Yes,Yes,Month-to-month,No,Credit card (automatic),53.25,1366.44,No
1821-IAQGK,Female,0,No,No,35,Yes,Yes,DSL,No,Yes,Yes,Yes,Yes,Yes,Two year,No,Bank transfer (automatic),72.06,2529.07,No
9117-PTJYS,Female,0,Yes,No,12,Yes,No,No,No internet service,No internet service,No internet service,No internet service,No internet service,No internet service,Month-to-month,Yes,Credit card (automatic),21.43,255.53,Yes
5640-PQEGR,Female,1,No,No,22,Yes,Yes,Fiber optic,Yes,Yes,No,Yes,No,No,Month-to-month,No,Electronic check,81.83,1809.79,Yes
4966-UNBRP,Male,0,No,No,54,Yes,Yes,DSL,No,No,No,No,No,No,One year,No,Electronic check,60.62,3319.92,No
4281-UJCDX,Female,0,No,No,38,Yes,No,Fiber optic,No,Yes,Yes,No,Yes,No,Month-to-month,Yes,Bank transfer (automatic),76.22,2804.59,No
4384-KHTPX,Female,1,No,No,59,Yes,Yes,Fiber optic,Yes,Yes,Yes,No,No,No,Two year,Yes,Bank transfer (automatic),80.91,4536.55,No
9049-ZIPJS,Male,0,Yes,No,40,Yes,Yes,Fiber optic,Yes,No,Yes,No,Yes,Yes,Two year,No,Mailed check,72.77,2949.29,No
7732-GWHZW,Male,0,No,No,46,Yes,No,DSL,No,No,Yes,Yes,No,No,Two year,No,Credit card (automatic),63.72,2890.87,No
1163-KKVSB,Female,1,No,No,31,Yes,No,Fiber optic,Yes,Yes,Yes,Yes,Yes,Yes,Month-to-month,No,Mailed check,80.27,2401.91,Yes
8565-FJEEN,Female,0,Yes,Yes,36,Yes,Yes,No,No internet service,No internet service,No internet service,No internet service,No internet service,No internet service,One year,No,Mailed check,18.25,652.43,No
1762-CUIQZ,Male,0,No,No,12,Yes,No,Fiber optic,No,No,No,No,Yes,Yes,Month-to-month,Yes,Bank transfer (automatic),80.7,947.28,Yes
1457-UCTHD,Female,0,Yes,Yes,6,Yes,No,DSL,Yes,Yes,No,Yes,Yes,Yes,Month-to-month,No,Credit card (automatic),61.73,358.88,No
3058-JSRSA,Male,0,No,Yes,34,Yes,Yes,DSL,No,No,Yes,Yes,Yes,Yes,Month-to-month,No,Mailed check,61.89,2207.52,No
9776-LCYUC,Female,0,Yes,No,20,Yes,No,DSL,No,Yes,Yes,Yes,Yes,Yes,Month-to-month,No,Bank transfer (automatic),70.29,1357.01,No
4931-XRFSE,Male,0,No,No,26,Yes,No,No,No internet service,No internet service,No internet service,No internet service,No internet service,No internet service,Month-to-month,Yes,Electronic check,26.1,681.9,No
4166-FSYBP,Male,0,Yes,No,72,Yes,Yes,Fiber optic,Yes,No,Yes,No,No,Yes,Two year,Yes,Mailed check,81.5,6050.07,No
3235-TDJFW,Female,0,No,No,12,Yes,No,No,No internet service,No internet service,No internet service,No internet service,No internet service,No internet service,Month-to-month,No,Bank transfer (automatic),24.19,292.18,No
1742-PDPTT,Female,0,Yes,No,16,Yes,No,DSL,No,Yes,No,No,No,Yes,Month-to-month,No,Credit card (automatic),69.8,1170.02,No
1300-UHRZD,Male,0,Yes,No,15,Yes,Yes,No,No internet service,No internet service,No internet service,No internet service,No internet service,No internet service,Month-to-month,No,Credit card (automatic),19.39,278.34,No
4264-WDGOZ,Female,1,No,Yes,28,Yes,Yes,No,No internet service,No internet service,No internet service,No internet service,No internet service,No internet service,One year,No,Credit card (automatic),22.4,620.07,Yes
3652-KUDII,Male,0,Yes,Yes,56,Yes,No,No,No internet service,No internet service,No internet service,No internet service,No internet service,No internet service,One year,Yes,Bank transfer (automatic),29.4,1581.07,No
4609-OFKXV,Female,0,No,No,34,No,No phone service,DSL,No,No,No,No,Yes,No,Month-to-month,No,Bank transfer (automatic),56.23,1859.91,No
9605-RPFEO,Male,0,Yes,No,42,Yes,No,No,No internet service,No internet service,No internet service,No internet service,No internet service,No internet service,One year,Yes,Electronic check,18.46,806.64,No
4643-UAXEK,Male,0,Yes,Yes,21,Yes,No,Fiber optic,No,Yes,No,No,Yes,Yes,Two year,Yes,Credit card (automatic),84.45,1796.81,Yes
4205-YSAWR,Female,0,No,No,22,Yes,Yes,Fiber optic,Yes,Yes,Yes,Yes,No,No,Month-to-month,Yes,Bank transfer (automatic),93.65,2043.62,No
1612-UALEA,Male,0,No,No,72,Yes,Yes,DSL,No,Yes,No,Yes,Yes,Yes,Two year,Yes,Mailed check,59.49,4275.08,No
6035-RMIND,Male,0,No,No,57,Yes,No,DSL,No,Yes,No,No,No,No,Two year,Yes,Electronic check,57.41,3361.15,No
1449-EBTPE,Female,0,No,No,72,Yes,No,No,No internet service,No internet service,No internet service,No internet service,No internet service,No internet service,Two year,Yes,Bank transfer (automatic),24.97,1730.79,No
6128-MCZYT,Female,0,Yes,Yes,61,Yes,Yes,No,No internet service,No internet service,No internet service,No internet service,No internet service,No internet service,Month-to-month,No,Credit card (automatic),23.82,1421.55,No
8277-OUNEE,Male,0,No,No,3,Yes,Yes,No,No internet service,No internet service,No internet service,No internet service,No internet service,No internet service,Month-to-month,Yes,Mailed check,38.17,119.95,Yes
8685-LSDLC,Female,0,No,No,36,Yes,No,DSL,No,No,Yes,Yes,No,Yes,One year,Yes,Electronic check,65.27,2347.76,No
2986-CFPAF,Female,0,No,No,51,Yes,No,Fiber optic,No,Yes,Yes,No,Yes,Yes,Month-to-month,Yes,Bank transfer (automatic),70.43,3670.12,No
7218-DOWUD,Female,1,No,No,41,Yes,Yes,Fiber optic,Yes,No,No,Yes,No,Yes,Month-to-month,Yes,Credit card (automatic),90.94,3768.01,No
2327-SJKMP,Male,1,Yes,No,55,Yes,Yes,DSL,Yes,No,No,No,No,No,Month-to-month,Yes,Bank transfer (automatic),57.16,3048.45,No
5042-ACAGV,Female,0,Yes,No,9,Yes,Yes,DSL,No,No,No,Yes,No,Yes,Month-to-month,Yes,Bank transfer (automatic),61.43,542.52,Yes
9745-MABVI,Female,1,No,No,7,Yes,Yes,DSL,Yes,No,No,Yes,No,Yes,Month-to-month,No,Bank transfer (automatic),65.78,480.13,Yes
8933-NWDWO,Male,0,No,Yes,37,Yes,No,DSL,No,No,No,Yes,Yes,No,Month-to-month,Yes,Mailed check,68.78,2577.82,No
4937-NIPUV,Female,0,Yes,No,25,Yes,No,Fiber optic,Yes,Yes,Yes,No,Yes,No,Two year,Yes,Mailed check,85.49,2148.57,No
9803-KTXAM,Female,0,Yes,No,7,Yes,No,DSL,Yes,No,No,No,Yes,Yes,Month-to-month,No,Mailed check,60.24,404.4,Yes
7306-LCRKQ,Male,1,No,Yes,3,Yes,Yes,Fiber optic,Yes,No,Yes,Yes,Yes,No,Month-to-month,Yes,Credit card (automatic),80.75,234.97,No
1012-APZQY,Female,0,No,No,71,Yes,No,Fiber optic,Yes,No,Yes,Yes,No,Yes,Two year,No,Electronic check,83.07,5722.84,No
8624-HCOQU,Male,0,Yes,No,28,Yes,Yes,Fiber optic,No,Yes,Yes,No,No,Yes,One year,No,Mailed check,94.06,2533.16,No
5688-XVPOA,Male,0,Yes,No,4,Yes,Yes,Fiber optic,Yes,No,Yes,No,No,Yes,Month-to-month,Yes,Bank transfer (automatic),74.27,301.76,No
8027-RXCDR,Male,0,No,No,18,Yes,Yes,DSL,No,Yes,Yes,No,Yes,No,Month-to-month,No,Bank transfer (automatic),58.97,1096.68,No
5402-PLQRE,Male,0,Yes,Yes,56,No,No phone service,No,No internet service,No internet service,No internet service,No internet service,No internet service,No internet service,One year,No,Bank transfer (automatic),24.46,1413.5,No
7842-MOQTH,Female,0,Yes,Yes,40,Yes,No,DSL,Yes,Yes,No,No,No,Yes,One year,No,Mailed check,73.0,2916.46,Yes
1061-EZFGW,Female,0,No,Yes,55,Yes,No,Fiber optic,No,No,No,Yes,No,Yes,Two year,No,Bank transfer (automatic),94.46,5448.3,No
3121-MJRPN,Male,0,Yes,No,8,Yes,Yes,No,No internet service,No internet service,No internet service,No internet service,No internet service,No internet service,Month-to-month,No,Electronic check,27.06,223.98,No
5513-VPNXC,Female,1,Yes,No,26,Yes,Yes,Fiber optic,Yes,No,No,No,Yes,Yes,One year,Yes,Credit card (automatic),87.82,2219.38,No
8500-FIAOV,Male,0,Yes,No,37,Yes,Yes,Fiber optic,Yes,Yes,Yes,No,No,Yes,Month-to-month,Yes,Mailed check,89.06,3291.63,No
4435-RKTZS,Female,1,No,Yes,45,No,No phone service,No,No internet service,No internet service,No internet service,No internet service,No internet service,No internet service,Two year,Yes,Bank transfer (automatic),18.43,853.05,No
4063-VAZVQ,Female,0,No,Yes,15,Yes,Yes,No,No internet service,No internet service,No internet service,No internet service,No internet service,No internet service,Month-to-month,No,Electronic check,30.37,444.97,No
6586-GLCIP,Female,0,No,No,2,Yes,Yes,DSL,No,Yes,Yes,No,No,No,Month-to-month,No,Bank transfer (automatic),57.28,110.01,No
4259-UWOIH,Male,0,Yes,No,37,Yes,No,No,No internet service,No internet service,No internet service,No internet service,No internet service,No internet service,One year,No,Credit card (automatic),18.25,673.51,No
5919-SDLLH,Female,0,No,No,47,Yes,No,No,No internet service,No internet service,No internet service,No internet service,No internet service,No internet service,One year,No,Electronic check,29.29,1408.82,No
3139-VLOAH,Male,0,Yes,Yes,37,Yes,Yes,DSL,No,No,Yes,No,Yes,Yes,One year,Yes,Bank transfer (automatic),60.26,2173.25,No
3012-IVOXK,Female,0,No,No,28,Yes,Yes,DSL,Yes,No,No,No,No,Yes,Month-to-month,No,Mailed check,65.89,1920.2,Yes
7929-EVPBR,Female,0,Yes,No,49,Yes,No,Fiber optic,No,Yes,Yes,Yes,Yes,No,Two year,Yes,Credit card (automatic),85.36,4335.63,No
5313-AWNPP,Male,0,Yes,No,45,Yes,No,No,No internet service,No internet service,No internet service,No internet service,No internet service,No internet service,One year,No,Mailed check,20.65,888.87,No
1815-ISIXI,Male,1,Yes,No,41,Yes,Yes,Fiber optic,Yes,No,No,No,No,Yes,Month-to-month,No,Credit card (automatic),91.46,3889.12,Yes
5135-LAVDM,Male,0,No,No,40,Yes,Yes,Fiber optic,No,Yes,Yes,No,Yes,No,Two year,No,Bank transfer (automatic),87.58,3657.72,No
9169-ZFJOS,Male,0,Yes,No,3,Yes,No,DSL,Yes,No,No,No,Yes,Yes,Month-to-month,Yes,Electronic check,65.14,200.78,Yes
3249-OVTVX,Male,0,Yes,Yes,31,Yes,Yes,Fiber optic,No,No,No,Yes,Yes,No,One year,Yes,Mailed check,76.78,2379.55,No
8751-NZMSY,Female,0,No,No,8,Yes,Yes,Fiber optic,Yes,Yes,Yes,Yes,No,No,Month-to-month,Yes,Credit card (automatic),79.38,632.62,Yes
1389-YVZUE,Male,0,No,Yes,2,No,No phone service,DSL,No,Yes,No,No,Yes,No,Month-to-month,No,Credit card (automatic),52.43,107.6,Yes
3717-APLMT,Female,0,Yes,Yes,3,Yes,No,No,No internet service,No internet service,No internet service,No internet service,No internet service,No internet service,Month-to-month,Yes,Electronic check,25.36,75.61,No
8381-BXJTP,Male,0,No,No,22,Yes,Yes,DSL,Yes,No,No,No,No,No,Month-to-month,No,Bank transfer (automatic),73.0,1668.58,No
4993-FETIF,Female,0,No,No,6,Yes,Yes,Fiber optic,No,Yes,Yes,No,Yes,Yes,Month-to-month,Yes,Electronic check,75.36,449.14,Yes
1051-VKJJP,Male,0,No,No,23,Yes,No,No,No internet service,No internet service,No internet service,No internet service,No internet service,No internet service,Month-to-month,Yes,Bank transfer (automatic),25.82,578.44,Yes
5336-OHHWL,Female,0,No,No,19,Yes,No,Fiber optic,No,Yes,No,No,No,No,One year,Yes,Electronic check,77.56,1522.6,No
9755-VSOVB,Female,0,No,No,1,Yes,Yes,DSL,No,No,No,No,Yes,Yes,Month-to-month,Yes,Credit card (automatic),55.04,56.99,Yes
5490-SCEBM,Male,0,Yes,No,72,Yes,Yes,No,No internet service,No internet service,No internet service,No internet service,No internet service,No internet service,One year,Yes,Mailed check,23.38,1698.1,No
5872-MBMXA,Male,0,Yes,No,18,Yes,Yes,DSL,No,Yes,Yes,No,Yes,Yes,Month-to-month,Yes,Electronic check,63.14,1161.75,No
7983-HBBAK,Male,0,No,No,26,Yes,Yes,No,No internet service,No internet service,No internet service,No internet service,No internet service,No internet service,Month-to-month,No,Bank transfer (automatic),18.25,497.28,No
5481-QCRTB,Female,0,No,Yes,64,Yes,Yes,Fiber optic,No,No,No,Yes,No,No,Month-to-month,Yes,Credit card (automatic),74.34,4828.53,Yes
7075-DLRWN,Female,0,Yes,No,32,Yes,Yes,DSL,No,No,Yes,Yes,Yes,Yes,One year,No,Bank transfer (automatic),57.01,1795.07,No
4918-VFFMD,Female,0,Yes,No,15,Yes,No,DSL,Yes,No,No,Yes,Yes,Yes,Month-to-month,Yes,Electronic check,58.8,908.35,Yes
1200-JDQOM,Female,0,No,Yes,37,Yes,Yes,DSL,Yes,Yes,Yes,No,Yes,No,Two year,No,Bank transfer (automatic),54.54,2107.85,No
5466-CKBJR,Male,0,No,No,57,Yes,No,DSL,Yes,No,Yes,No,No,No,One year,Yes,Mailed check,57.96,3266.63,No
9876-HGRXH,Male,1,Yes,Yes,72,Yes,No,No,No internet service,No internet service,No internet service,No internet service,No internet service,No internet service,Two year,No,Mailed check,22.75,1677.17,No
8542-IQFGZ,Male,0,No,No,1,Yes,No,DSL,Yes,No,No,Yes,Yes,Yes,Month-to-month,Yes,Credit card (automatic),63.48,62.92,Yes
4501-AUDCV,Male,0,Yes,No,34,Yes,No,Fiber optic,Yes,No,Yes,Yes,Yes,No,One year,Yes,Credit card (automatic),84.77,2825.2,No
4136-DZHQG,Male,1,No,Yes,51,Yes,Yes,DSL,Yes,Yes,Yes,Yes,Yes,Yes,One year,Yes,Mailed check,59.68,2988.26,No
6229-STKQV,Male,0,No,No,7,Yes,Yes,DSL,Yes,Yes,Yes,Yes,No,Yes,Month-to-month,Yes,Credit card (automatic),67.25,459.61,Yes
8561-TKNZG,Female,0,Yes,No,57,Yes,No,Fiber optic,Yes,Yes,Yes,No,Yes,Yes,Two year,No,Electronic check,88.24,5204.12,No
7231-UMWLV,Male,0,Yes,Yes,10,Yes,No,No,No internet service,No internet service,No internet service,No internet service,No internet service,No internet service,Month-to-month,No,Mailed check,23.51,243.33,No
6798-BVSFS,Female,0,Yes,No,5,Yes,No,DSL,Yes,Yes,Yes,No,No,Yes,Month-to-month,No,Bank transfer (automatic),52.19,262.08,No
5603-YHGBU,Female,0,No,No,35,Yes,No,Fiber optic,No,Yes,Yes,Yes,Yes,Yes,One year,Yes,Bank transfer (automatic),81.89,2801.2,No
9865-RJWGS,Male,0,No,Yes,19,Yes,No,Fiber optic,No,Yes,Yes,No,Yes,No,Month-to-month,No,Bank transfer (automatic),74.4,1421.91,Yes
6372-WZJCE,Male,1,Yes,No,72,Yes,No,DSL,Yes,No,No,Yes,Yes,No,Month-to-month,Yes,Electronic check,63.57,4485.64,No
7652-JDVQD,Female,1,Yes,Yes,21,Yes,Yes,Fiber optic,No,Yes,Yes,Yes,Yes,Yes,One year,Yes,Bank transfer (automatic),94.69,1933.69,Yes
7418-QZZZX,Female,0,Yes,Yes,23,Yes,No,Fiber optic,No,Yes,Yes,No,No,Yes,Month-to-month,Yes,Electronic check,85.47,1901.49,Yes
8138-ROUZD,Female,1,Yes,No,28,Yes,No,No,No internet service,No internet service,No internet service,No internet service,No internet service,No internet service,One year,Yes,Electronic check,30.53,850.27,No
2227-MHNIU,Male,0,Yes,Yes,35,Yes,No,No,No internet service,No internet service,No internet service,No internet service,No internet service,No internet service,Month-to-month,No,Credit card (automatic),19.38,669.54,No
9084-HUCUS,Male,1,No,No,21,Yes,Yes,Fiber optic,Yes,No,No,No,Yes,No,Two year,Yes,Credit card (automatic),84.15,1766.03,Yes
7393-MCVCM,Female,0,Yes,Yes,1,Yes,No,DSL,No,No,Yes,No,Yes,Yes,Month-to-month,Yes,Electronic check,59.04,61.11,No
2568-WONIU,Female,0,Yes,No,12,Yes,Yes,Fiber optic,No,No,No,No,No,Yes,Month-to-month,No,Electronic check,77.83,928.33,No
2890-SZGRI,Male,0,No,Yes,5,Yes,No,No,No internet service,No internet service,No internet service,No internet service,No internet service,No internet service,Month-to-month,No,Electronic check,24.11,121.33,No
9366-XIGCS,Male,0,No,No,20,Yes,Yes,Fiber optic,No,Yes,Yes,No,Yes,No,One year,Yes,Electronic check,76.2,1568.76,Yes
9275-DVTMF,Female,0,Yes,No,12,Yes,Yes,DSL,Yes,No,Yes,No,Yes,No,Month-to-month,Yes,Electronic check,65.27,809.46,No
6875-PVOBF,Male,0,No,Yes,24,No,No phone service,DSL,No,No,No,No,Yes,Yes,Month-to-month,No,Mailed check,52.2,1195.06,No
4425-MJWHR,Male,0,Yes,Yes,51,Yes,Yes,DSL,No,Yes,No,No,No,Yes,Month-to-month,No,Mailed check,54.9,2899.64,No
4252-ZXUTQ,Female,1,No,No,17,Yes,Yes,Fiber optic,Yes,No,No,Yes,Yes,No,Month-to-month,Yes,Bank transfer (automatic),84.2,1461.19,Yes
6284-OAYZN,Female,0,Yes,No,21,Yes,No,DSL,Yes,No,No,Yes,Yes,No,Two year,Yes,Electronic check,64.3,1374.25,No
8834-KCVNY,Male,0,Yes,No,24,Yes,Yes,DSL,Yes,Yes,No,No,Yes,No,One year,No,Credit card (automatic),66.1,1540.96,No
2918-MRDZP,Male,1,No,No,26,Yes,Yes,Fiber optic,No,Yes,Yes,No,No,Yes,Month-to-month,No,Credit card (automatic),78.84,2085.34,No
2546-TWJPT,Female,0,Yes,No,45,Yes,Yes,Fiber optic,No,Yes,Yes,No,Yes,Yes,Month-to-month,No,Bank transfer (automatic),83.06,3719.87,Yes
2309-NOHHQ,Male,0,Yes,Yes,49,No,No phone service,No,No internet service,No internet service,No internet service,No internet service,No internet service,No internet service,One year,No,Credit card (automatic),26.39,1351.92,No
7764-KDUEA,Female,0,Yes,No,30,Yes,No,Fiber optic,No,No,No,Yes,Yes,No,Two year,Yes,Electronic check,76.79,2215.23,No
3900-VTHNY,Male,0,Yes,Yes,20,Yes,Yes,Fiber optic,No,No,No,No,Yes,No,Month-to-month,Yes,Electronic check,83.5,1736.72,Yes
7468-TCGCZ,Male,0,No,No,67,Yes,No,DSL,Yes,Yes,Yes,Yes,No,No,Two year,Yes,Credit card (automatic),60.47,4200.48,No
4079-MONBX,Male,0,No,No,11,No,No phone service,Fiber optic,Yes,No,Yes,Yes,Yes,No,Month-to-month,No,Electronic check,72.1,760.87,No
4422-XTSSZ,Female,0,No,Yes,15,Yes,No,Fiber optic,No,Yes,Yes,Yes,No,No,Month-to-month,Yes,Electronic check,89.78,1292.51,Yes
3729-IRGUA,Female,0,No,Yes,71,Yes,No,No,No internet service,No internet service,No internet service,No internet service,No internet service,No internet service,Two year,Yes,Credit card (automatic),23.23,1602.25,No
9074-JAPHH,Male,0,Yes,No,24,Yes,No,Fiber optic,Yes,Yes,Yes,No,No,No,One year,Yes,Electronic check,90.83,2071.23,No
5332-PDBLJ,Female,0,No,No,30,Yes,Yes,Fiber optic,Yes,No,No,Yes,No,Yes,Month-to-month,No,Bank transfer (automatic),76.68,2238.95,Yes
6238-TPCZS,Male,0,Yes,No,59,Yes,Yes,No,No internet service,No internet service,No internet service,No internet service,No internet service,No internet service,Two year,No,Mailed check,18.25,1109.0,No
1441-TWOVX,Female,0,Yes,No,58,No,No phone service,DSL,Yes,Yes,Yes,Yes,No,No,Two year,Yes,Mailed check,51.68,3086.42,No
9675-YFAQR,Male,0,No,Yes,66,Yes,No,Fiber optic,No,No,Yes,Yes,Yes,Yes,Two year,No,Electronic check,85.54,5428.63,No
6119-GYKTQ,Male,0,Yes,No,13,No,No phone service,No,No internet service,No internet service,No internet service,No internet service,No internet service,No internet service,One year,Yes,Mailed check,18.25,247.15,No
9059-SQVBS,Female,0,Yes,Yes,25,Yes,Yes,No,No internet service,No internet service,No internet service,No internet service,No internet service,No internet service,One year,Yes,Bank transfer (automatic),25.62,670.28,No
6275-UFPHD,Female,0,Yes,No,7,Yes,Yes,Fiber optic,Yes,No,Yes,No,Yes,No,Month-to-month,No,Bank transfer (automatic),82.84,561.71,Yes
6177-ACNXS,Female,0,Yes,No,19,Yes,Yes,Fiber optic,No,No,No,No,No,No,Month-to-month,Yes,Mailed check,77.64,1490.42,No
1138-CLLBG,Male,0,No,No,4,Yes,No,DSL,No,Yes,Yes,No,Yes,Yes,Month-to-month,No,Bank transfer (automatic),76.8,295.5,Yes
2142-ORKOF,Male,0,No,No,52,Yes,Yes,Fiber optic,No,Yes,Yes,Yes,No,Yes,Two year,No,Mailed check,82.36,4285.76,No
8663-ANILN,Male,0,Yes,No,13,Yes,No,Fiber optic,No,Yes,Yes,Yes,No,Yes,Month-to-month,Yes,Credit card (automatic),79.14,1032.19,Yes
6813-YOFNN,Male,0,Yes,No,72,Yes,Yes,DSL,Yes,Yes,Yes,No,No,Yes,Two year,Yes,Credit card (automatic),76.0,5292.94,No
8781-OWQOI,Male,0,Yes,No,22,Yes,Yes,No,No internet service,No internet service,No internet service,No internet service,No internet service,No internet service,Month-to-month,Yes,Mailed check,19.51,444.09,No
3304-COXAY,Female,0,No,No,13,Yes,Yes,No,No internet service,No internet service,No internet service,No internet service,No internet service,No internet service,Month-to-month,Yes,Electronic check,25.79,328.13,Yes
8733-LIPWA,Male,0,No,No,22,Yes,No,No,No internet service,No internet service,No internet service,No internet service,No internet service,No internet service,Month-to-month,No,Electronic check,21.66,457.37,Yes
5043-BQBIT,Female,1,Yes,No,33,No,No phone service,DSL,Yes,No,Yes,Yes,Yes,Yes,Month-to-month,Yes,Bank transfer (automatic),47.82,1575.01,No
7766-FNEPA,Female,1,Yes,No,5,Yes,Yes,DSL,Yes,No,Yes,Yes,No,No,Month-to-month,Yes,Electronic check,65.77,317.17,Yes
8323-APKFO,Male,0,No,Yes,40,Yes,Yes,Fiber optic,No,No,Yes,Yes,No,Yes,Month-to-month,No,Mailed check,83.31,3380.76,Yes
2275-PQLJL,Male,0,Yes,Yes,39,No,No phone service,DSL,Yes,Yes,No,Yes,No,Yes,One year,No,Electronic check,47.61,1846.06,No
9608-TAHAG,Male,0,Yes,No,23,Yes,Yes,Fiber optic,Yes,Yes,No,No,No,No,Month-to-month,No,Credit card (automatic),95.17,2249.34,Yes
8005-WLRJM,Male,0,No,Yes,13,Yes,Yes,Fiber optic,No,Yes,Yes,No,Yes,No,Month-to-month,Yes,Credit card (automatic),83.39,1100.42,No
8461-HIDFA,Male,0,Yes,No,20,Yes,No,Fiber optic,Yes,Yes,No,No,Yes,No,Month-to-month,Yes,Credit card (automatic),91.12,1768.35,No
8340-WKPGB,Male,0,No,Yes,37,Yes,Yes,Fiber optic,Yes,Yes,Yes,No,Yes,No,Month-to-month,Yes,Mailed check,91.58,3443.91,Yes
5640-EWHTG,Male,0,No,Yes,63,Yes,Yes,DSL,Yes,Yes,Yes,No,Yes,Yes,Two year,No,Bank transfer (automatic),50.96,3125.81,No
2137-OEKHW,Male,0,No,No,69,Yes,No,DSL,No,No,No,Yes,Yes,Yes,Two year,Yes,Bank transfer (automatic),64.77,4429.4,No
5526-SPXLW,Female,1,No,Yes,46,Yes,Yes,No,No internet service,No internet service,No internet service,No internet service,No internet service,No internet service,Month-to-month,No,Mailed check,31.68,1481.75,No
9083-XSZTI,Male,0,Yes,Yes,10,Yes,Yes,Fiber optic,No,No,No,Yes,No,Yes,Month-to-month,No,Electronic check,84.2,879.16,Yes
2412-FOEGQ,Female,0,Yes,No,6,Yes,No,DSL,No,Yes,Yes,No,Yes,Yes,Month-to-month,Yes,Bank transfer (automatic),66.64,405.58,No
3994-RZCQV,Male,0,Yes,No,52,No,No phone service,DSL,Yes,Yes,No,No,No,No,One year,No,Bank transfer (automatic),52.53,2654.41,No
2262-UNQBL,Female,1,No,No,13,Yes,No,Fiber optic,No,No,Yes,Yes,Yes,No,Month-to-month,No,Electronic check,92.99,1184.82,Yes
4302-DTNWE,Female,1,Yes,No,35,Yes,Yes,DSL,No,No,Yes,Yes,No,Yes,One year,No,Mailed check,57.36,1943.73,No
7576-PQIRG,Male,0,No,Yes,40,Yes,No,Fiber optic,No,No,No,Yes,Yes,No,Month-to-month,No,Electronic check,92.91,3687.46,Yes
7859-LMPCJ,Female,0,No,No,27,Yes,No,Fiber optic,Yes,Yes,No,No,No,Yes,One year,Yes,Credit card (automatic),86.22,2404.97,Yes
2829-ZKAAX,Female,0,No,No,24,Yes,No,DSL,Yes,Yes,No,Yes,No,Yes,Month-to-month,No,Credit card (automatic),62.85,1497.36,No
2410-AFFCZ,Female,0,No,No,53,Yes,No,Fiber optic,No,No,Yes,No,Yes,No,Month-to-month,Yes,Credit card (automatic),75.62,4099.09,No
1532-SVQDS,Female,0,No,No,5,Yes,Yes,DSL,Yes,Yes,Yes,Yes,No,Yes,Month-to-month,No,Credit card (automatic),69.43,344.32,No
3967-KGUPE,Female,0,Yes,No,62,Yes,No,Fiber optic,No,Yes,Yes,No,Yes,No,One year,No,Bank transfer (automatic),77.94,4600.58,No
4666-UYYDW,Female,0,No,Yes,43,Yes,No,DSL,No,No,Yes,No,No,No,One year,Yes,Credit card (automatic),70.84,2955.85,No
6095-TKQGN,Female,0,Yes,No,56,Yes,Yes,Fiber optic,No,No,Yes,Yes,No,Yes,One year,No,Credit card (automatic),85.64,4837.41,No
3031-KKWQQ,Male,0,Yes,No,3,Yes,No,DSL,No,Yes,No,Yes,No,Yes,Month-to-month,Yes,Mailed check,63.09,190.15,Yes
3553-LMUEB,Male,1,Yes,No,34,No,No phone service,Fiber optic,Yes,No,Yes,No,Yes,No,One year,Yes,Bank transfer (automatic),75.36,2537.07,No
5545-VTVKF,Male,1,No,No,5,Yes,Yes,No,No internet service,No internet service,No internet service,No internet service,No internet service,No internet service,Month-to-month,No,Bank transfer (automatic),23.07,112.28,No
6938-AXSNF,Female,0,No,Yes,21,Yes,No,Fiber optic,Yes,No,Yes,Yes,Yes,No,One year,No,Mailed check,73.33,1546.4,No
3252-ZAAJF,Male,0,Yes,Yes,68,Yes,No,No,No internet service,No internet service,No internet service,No internet service,No internet service,No internet service,Two year,No,Credit card (automatic),30.44,2051.09,No
7089-BUUFP,Female,0,Yes,No,20,Yes,No,DSL,Yes,Yes,No,No,Yes,Yes,Month-to-month,No,Bank transfer (automatic),62.75,1303.13,No
7044-WTZDP,Male,1,No,No,62,Yes,No,Fiber optic,No,Yes,No,No,Yes,Yes,Two year,No,Bank transfer (automatic),93.19,5836.16,No
7954-GFCZW,Female,0,No,Yes,48,Yes,No,Fiber optic,No,Yes,No,No,No,Yes,Two year,No,Electronic check,81.82,3845.95,No
2088-GLXVW,Female,0,Yes,No,48,No,No phone service,DSL,No,Yes,No,Yes,No,Yes,Two year,Yes,Bank transfer (automatic),67.86,3358.1,No
8453-QHPMY,Male,0,No,No,25,Yes,No,Fiber optic,Yes,No,No,Yes,No,No,Month-to-month,No,Bank transfer (automatic),77.32,1966.55,No
5035-TERLL,Female,0,Yes,Yes,45,Yes,Yes,Fiber optic,No,Yes,Yes,No,Yes,No,Two year,Yes,Credit card (automatic),85.28,3953.85,No
7791-MBKZY,Female,0,Yes,Yes,19,Yes,No,DSL,Yes,No,No,No,Yes,No,Month-to-month,Yes,Mailed check,64.7,1219.76,No
6528-QGUPA,Male,0,Yes,No,3,Yes,Yes,DSL,No,No,Yes,No,Yes,No,Month-to-month,Yes,Credit card (automatic),63.61,192.22,Yes
9543-WCKTT,Female,0,No,No,7,Yes,Yes,DSL,No,No,No,Yes,No,Yes,Month-to-month,Yes,Electronic check,58.21,426.52,Yes
2505-BZXTR,Female,1,No,No,4,Yes,No,DSL,No,Yes,Yes,Yes,Yes,Yes,Month-to-month,No,Bank transfer (automatic),52.32,215.42,Yes
7177-LRHCI,Female,0,No,No,49,Yes,No,Fiber optic,No,No,No,No,No,Yes,Month-to-month,Yes,Credit card (automatic),83.69,4158.74,Yes
3644-HMDKM,Female,0,No,No,62,Yes,No,Fiber optic,No,Yes,Yes,Yes,No,No,Two year,Yes,Mailed check,80.27,4822.84,Yes
2692-LRKAS,Female,0,No,Yes,28,Yes,No,DSL,Yes,Yes,No,No,No,No,Month-to-month,No,Mailed check,71.93,1986.36,No
6206-KACCW,Female,0,Yes,Yes,35,Yes,Yes,No,No internet service,No internet service,No internet service,No internet service,No internet service,No internet service,Month-to-month,Yes,Electronic check,28.79,1022.06,No
3779-LSRBY,Female,0,Yes,Yes,41,Yes,No,Fiber optic,No,Yes,Yes,Yes,No,No,Two year,Yes,Mailed check,84.31,3610.45,No
3385-TVOEO,Female,0,No,No,25,Yes,No,DSL,Yes,No,Yes,No,Yes,No,Month-to-month,Yes,Mailed check,69.26,1795.66,No
3200-WTVVE,Male,0,Yes,Yes,53,Yes,Yes,DSL,No,No,Yes,No,Yes,Yes,Two year,No,Electronic check,65.15,3448.57,No
1272-QPWQU,Female,1,No,No,65,Yes,Yes,DSL,No,Yes,No,No,No,No,Two year,Yes,Credit card (automatic),49.08,3128.27,No
4137-DALAN,Female,0,Yes,Yes,35,Yes,Yes,Fiber optic,Yes,Yes,No,Yes,Yes,No,Month-to-month,Yes,Bank transfer (automatic),89.55,3050.94,Yes
4606-GPRBM,Female,0,No,No,25,Yes,No,DSL,Yes,Yes,Yes,No,Yes,Yes,Month-to-month,Yes,Bank transfer (automatic),63.3,1637.64,Yes
9456-HUIHW,Male,0,Yes,No,4,Yes,No,DSL,No,Yes,Yes,Yes,No,No,Month-to-month,No,Credit card (automatic),63.0,254.43,No
4207-WRVVX,Male,1,Yes,No,61,Yes,No,No,No internet service,No internet service,No internet service,No internet service,No internet service,No internet service,Two year,Yes,Bank transfer (automatic),25.43,1574.67,No
5992-YBMKC,Female,0,Yes,No,14,Yes,Yes,No,No internet service,No internet service,No internet service,No internet service,No internet service,No internet service,Month-to-month,Yes,Mailed check,22.42,299.9,No
8859-UTQPJ,Female,0,No,Yes,29,Yes,Yes,Fiber optic,No,No,Yes,No,Yes,No,Month-to-month,No,Electronic check,77.18,2347.31,No
7149-ZGICX,Female,0,No,Yes,25,Yes,Yes,No,No internet service,No internet service,No internet service,No internet service,No internet service,No internet service,One year,Yes,Mailed check,30.41,736.08,No
5770-PGAUW,Male,0,Yes,No,61,Yes,No,DSL,No,No,No,No,Yes,No,One year,No,Bank transfer (automatic),57.57,3665.98,No
4069-TOQEP,Female,0,Yes,Yes,46,Yes,No,Fiber optic,No,Yes,No,No,No,No,One year,Yes,Electronic check,79.36,3748.72,No
2450-FJFXA,Female,0,No,No,19,Yes,No,No,No internet service,No internet service,No internet service,No internet service,No internet service,No internet service,Month-to-month,Yes,Credit card (automatic),43.88,866.12,No
9135-EWIXO,Female,0,Yes,No,72,Yes,Yes,No,No internet service,No internet service,No internet service,No internet service,No internet service,No internet service,One year,Yes,Bank transfer (automatic),22.6,1594.54,No
5406-DLOZG,Female,0,Yes,Yes,42,Yes,No,Fiber optic,No,No,No,Yes,No,No,One year,No,Credit card (automatic),79.56,3324.67,Yes
1745-GGYDZ,Female,0,No,Yes,28,Yes,Yes,No,No internet service,No internet service,No internet service,No internet service,No internet service,No internet service,Month-to-month,No,Credit card (automatic),29.12,791.84,Yes
2017-VKBPS,Male,0,No,Yes,20,Yes,Yes,DSL,No,No,Yes,No,No,No,One year,Yes,Electronic check,58.48,1208.73,Yes
8546-EQOLX,Male,1,No,No,1,No,No phone service,Fiber optic,Yes,No,No,No,No,No,Month-to-month,No,Electronic check,87.22,89.03,No
4808-JNYWS,Male,0,Yes,Yes,16,Yes,Yes,Fiber optic,No,Yes,Yes,No,Yes,No,Month-to-month,Yes,Electronic check,86.51,1326.81,Yes
1727-HACVV,Male,0,Yes,No,36,Yes,No,Fiber optic,Yes,No,Yes,Yes,Yes,No,Month-to-month,Yes,Credit card (automatic),84.24,3122.69,Yes
1922-LHBJC,Male,0,No,No,1,Yes,Yes,DSL,No,No,No,No,Yes,No,Month-to-month,No,Mailed check,65.0,63.34,No
7623-ZKGMZ,Female,0,No,No,49,Yes,No,Fiber optic,Yes,Yes,Yes,Yes,Yes,Yes,Month-to-month,No,Bank transfer (automatic),85.77,4052.99,Yes
2436-RCHLJ,Female,0,No,No,2,Yes,Yes,Fiber optic,Yes,No,Yes,Yes,Yes,Yes,Month-to-month,No,Mailed check,78.68,163.65,Yes
2607-URLKB,Female,1,Yes,No,20,No,No phone service,Fiber optic,No,Yes,No,Yes,No,No,Month-to-month,Yes,Electronic check,80.44,1531.03,Yes
6943-FHWQS,Male,0,No,No,72,Yes,Yes,DSL,No,No,Yes,No,No,Yes,One year,No,Mailed check,53.14,3920.01,No
3382-NAGUM,Male,0,No,Yes,23,Yes,No,DSL,No,No,Yes,Yes,No,No,Month-to-month,Yes,Credit card (automatic),52.77,1154.54,No
6712-UYCPZ,Female,0,Yes,No,45,No,No phone service,No,No internet service,No internet service,No internet service,No internet service,No internet service,No internet service,Two year,Yes,Mailed check,18.25,789.47,No
2798-WPIUW,Female,0,Yes,No,36,Yes,Yes,DSL,No,Yes,No,No,No,Yes,Month-to-month,No,Bank transfer (automatic),58.76,2028.1,No
2283-RYROD,Male,0,Yes,Yes,26,Yes,Yes,Fiber optic,No,No,No,Yes,No,Yes,Month-to-month,No,Mailed check,83.8,2280.88,No
5051-XULIU,Male,0,No,No,6,Yes,Yes,DSL,No,No,Yes,No,Yes,Yes,Month-to-month,No,Bank transfer (automatic),43.5,255.35,No
9707-HVIVZ,Male,0,Yes,No,63,Yes,Yes,DSL,No,No,No,No,No,No,Two year,No,Mailed check,57.54,3584.66,No
6968-MIBBV,Male,0,No,Yes,41,Yes,No,Fiber optic,Yes,Yes,Yes,Yes,Yes,No,One year,No,Electronic check,73.89,2921.23,Yes
6952-FOWQX,Male,0,Yes,No,53,Yes,No,Fiber optic,Yes,No,Yes,No,No,Yes,Month-to-month,Yes,Bank transfer (automatic),86.66,4557.82,No
2057-BRPRZ,Male,0,No,Yes,13,Yes,No,DSL,No,Yes,Yes,No,Yes,Yes,Month-to-month,Yes,Bank transfer (automatic),57.34,741.86,No
1980-YBNVR,Female,0,Yes,No,38,No,No phone service,DSL,Yes,No,Yes,Yes,Yes,Yes,Month-to-month,No,Mailed check,53.71,1952.15,No
3003-PXFYQ,Male,0,Yes,No,29,Yes,No,Fiber optic,No,No,Yes,Yes,Yes,No,Month-to-month,No,Bank transfer (automatic),76.68,2303.53,Yes
1780-IWIYK,Male,0,No,No,19,Yes,No,Fiber optic,Yes,Yes,No,No,Yes,No,Month-to-month,No,Electronic check,86.59,1694.32,No
4084-WUGUG,Male,0,No,No,60,Yes,Yes,Fiber optic,Yes,No,Yes,No,No,Yes,Two year,Yes,Bank transfer (automatic),74.37,4646.19,No
9059-ARERZ,Female,0,No,No,8,Yes,Yes,Fiber optic,Yes,No,Yes,No,No,No,Month-to-month,No,Mailed check,81.15,657.11,Yes
7007-LVFOZ,Female,1,No,Yes,55,Yes,No,Fiber optic,No,No,No,No,Yes,No,Two year,Yes,Electronic check,79.82,4326.07,No
4202-ALMVU,Female,0,No,Yes,4,Yes,No,DSL,Yes,No,Yes,Yes,No,No,Month-to-month,No,Credit card (automatic),70.33,282.03,Yes
4060-UDEPS,Female,0,No,Yes,69,Yes,No,DSL,Yes,No,Yes,No,Yes,No,Month-to-month,No,Credit card (automatic),48.56,3503.41,No
8264-QDRLG,Female,0,No,No,63,Yes,No,DSL,Yes,Yes,Yes,No,No,Yes,Two year,Yes,Bank transfer (automatic),69.41,4419.96,No
4051-VEOCS,Male,0,Yes,No,19,Yes,No,DSL,Yes,Yes,No,Yes,No,No,Month-to-month,Yes,Electronic check,58.08,1102.24,No
2348-YWWJU,Male,0,No,Yes,57,Yes,Yes,No,No internet service,No internet service,No internet service,No internet service,No internet service,No internet service,Two year,No,Bank transfer (automatic),23.65,1306.64,No
2211-HDBJO,Male,0,No,No,15,Yes,Yes,DSL,Yes,Yes,Yes,Yes,Yes,Yes,Month-to-month,No,Bank transfer (automatic),67.42,1017.5,Yes
8760-AKSFT,Female,0,No,No,18,Yes,No,Fiber optic,Yes,No,No,Yes,Yes,No,Month-to-month,Yes,Electronic check,88.49,1629.73,Yes
6130-ODEWW,Female,0,No,No,55,Yes,Yes,Fiber optic,Yes,No,No,No,No,No,Two year,No,Bank transfer (automatic),84.25,4440.05,No
5072-PONSO,Male,1,No,No,26,Yes,Yes,Fiber optic,Yes,Yes,No,No,Yes,No,Month-to-month,No,Electronic check,86.47,2356.13,No
2127-CWTFB,Female,0,No,Yes,3,Yes,Yes,Fiber optic,Yes,Yes,Yes,No,Yes,Yes,Month-to-month,No,Mailed check,72.46,224.65,Yes
2975-PPEEF,Male,0,No,Yes,10,Yes,Yes,Fiber optic,No,No,No,Yes,Yes,No,Month-to-month,Yes,Credit card (automatic),76.37,795.93,Yes
4987-GLAYX,Female,0,Yes,No,24,Yes,Yes,DSL,No,No,No,No,Yes,Yes,Month-to-month,No,Mailed check,63.27,1491.72,No
4047-UNAHB,Female,0,No,No,25,Yes,Yes,Fiber optic,No,No,No,Yes,Yes,No,Month-to-month,Yes,Bank transfer (automatic),76.81,1838.61,Yes
7371-UQAGM,Male,0,No,No,52,Yes,No,DSL,No,No,Yes,Yes,Yes,No,One year,Yes,Bank transfer (automatic),60.33,3014.09,No
2301-CHPCZ,Male,0,Yes,Yes,33,No,No phone service,Fiber optic,No,Yes,Yes,No,No,No,Month-to-month,No,Electronic check,75.77,2603.55,Yes
5130-EAYPW,Female,0,Yes,No,18,Yes,No,Fiber optic,Yes,Yes,Yes,No,Yes,Yes,One year,No,Bank transfer (automatic),75.14,1329.62,No
7989-ZXTWW,Female,1,No,Yes,72,Yes,Yes,No,No internet service,No internet service,No internet service,No internet service,No internet service,No internet service,One year,Yes,Credit card (automatic),31.46,2373.33,No
3293-PZWCC,Male,0,Yes,No,52,Yes,Yes,DSL,No,No,No,No,Yes,No,Two year,No,Bank transfer (automatic),64.48,3258.89,No
2799-TKQDB,Male,0,Yes,No,72,Yes,Yes,Fiber optic,Yes,Yes,No,Yes,Yes,No,Two year,No,Electronic check,82.22,5811.86,No
7937-HBFIK,Female,0,Yes,Yes,65,Yes,Yes,No,No internet service,No internet service,No internet service,No internet service,No internet service,No internet service,Two year,No,Credit card (automatic),35.01,2263.45,No
9069-FPHMH,Male,0,No,Yes,30,Yes,Yes,No,No internet service,No internet service,No internet service,No internet service,No internet service,No internet service,Month-to-month,No,Bank transfer (automatic),18.25,539.12,No
4098-PPDEG,Female,0,Yes,No,9,Yes,No,Fiber optic,No,Yes,Yes,No,Yes,No,Month-to-month,No,Bank transfer (automatic),77.82,704.93,Yes
9093-IPLJA,Female,0,Yes,No,35,Yes,No,Fiber optic,Yes,Yes,No,No,No,Yes,One year,No,Mailed check,78.64,2856.29,Yes
4970-ZYHNH,Male,0,Yes,No,5,Yes,Yes,Fiber optic,No,No,No,Yes,Yes,Yes,Month-to-month,Yes,Credit card (automatic),81.34,419.77,Yes
9292-OXWIL,Male,0,Yes,No,48,Yes,No,No,No internet service,No internet service,No internet service,No internet service,No internet service,No internet service,Month-to-month,Yes,Credit card (automatic),24.02,1189.74,No
6124-GVOFM,Female,0,No,No,45,Yes,Yes,Fiber optic,No,Yes,No,Yes,Yes,No,Two year,No,Bank transfer (automatic),88.35,4149.83,No
8393-KSZIZ,Male,0,No,No,3,Yes,Yes,Fiber optic,No,Yes,No,Yes,No,No,Month-to-month,Yes,Bank transfer (automatic),96.66,301.36,No
4729-OUBSO,Male,1,No,No,7,Yes,No,DSL,No,Yes,Yes,No,Yes,Yes,Month-to-month,No,Mailed check,63.84,460.13,Yes
6897-YMYOF,Female,0,No,No,8,Yes,Yes,Fiber optic,Yes,Yes,No,No,Yes,No,Month-to-month,Yes,Bank transfer (automatic),83.38,694.42,Yes
6872-EXDMV,Male,0,Yes,No,21,Yes,No,DSL,No,No,Yes,No,No,No,Month-to-month,No,Credit card (automatic),69.04,1434.57,No
1082-MNIRI,Male,0,No,Yes,32,Yes,No,DSL,No,No,Yes,No,No,No,Month-to-month,Yes,Electronic check,61.25,1996.5,Yes
4369-HQWEK,Female,0,No,No,46,Yes,No,Fiber optic,Yes,Yes,No,No,Yes,Yes,Two year,Yes,Credit card (automatic),83.53,3735.42,No
3032-GZSYQ,Female,0,No,Yes,51,Yes,No,DSL,Yes,Yes,No,Yes,Yes,No,Month-to-month,No,Electronic check,62.09,3031.8,No
6998-SQVIC,Male,0,Yes,No,25,Yes,No,DSL,Yes,No,No,Yes,No,Yes,Month-to-month,Yes,Credit card (automatic),62.18,1596.78,No
5396-ABBCS,Male,0,Yes,No,68,Yes,No,Fiber optic,No,No,No,No,Yes,Yes,Month-to-month,Yes,Electronic check,88.75,5822.83,No
6378-YHIMU,Male,0,No,No,15,Yes,No,DSL,No,Yes,No,No,Yes,Yes,Month-to-month,Yes,Bank transfer (automatic),47.41,711.92,No
9375-SNZEM,Male,0,Yes,No,55,Yes,No,No,No internet service,No internet service,No internet service,No internet service,No internet service,No internet service,Month-to-month,Yes,Credit card (automatic),28.37,1537.49,No
3221-EKTIV,Female,0,No,No,72,Yes,Yes,No,No internet service,No internet service,No internet service,No internet service,No internet service,No internet service,Month-to-month,No,Mailed check,26.41,1913.41,No
6497-SGWFJ,Male,0,Yes,No,0,Yes,Yes,No,No internet service,No internet service,No internet service,No internet service,No internet service,No internet service,One year,Yes,Mailed check,23.88, ,No
8048-RHGLL,Female,0,No,No,7,Yes,Yes,DSL,No,Yes,Yes,No,Yes,No,Month-to-month,Yes,Mailed check,65.87,477.77,Yes
1535-GEEJA,Female,0,No,Yes,12,Yes,Yes,DSL,No,No,Yes,No,Yes,Yes,Month-to-month,Yes,Credit card (automatic),64.95,740.59,Yes
7093-RFWPI,Male,0,No,Yes,28,Yes,Yes,DSL,No,No,Yes,No,Yes,No,One year,Yes,Mailed check,56.75,1657.42,No
2745-LYAAK,Female,0,Yes,No,21,No,No phone service,No,No internet service,No internet service,No internet service,No internet service,No internet service,No internet service,Month-to-month,No,Electronic check,20.52,438.35,No
9270-HTOFX,Female,0,No,Yes,11,Yes,No,No,No internet service,No internet service,No internet service,No internet service,No internet service,No internet service,Month-to-month,Yes,Bank transfer (automatic),28.73,302.57,Yes
2469-NRRWS,Male,0,No,No,34,Yes,No,DSL,Yes,No,No,Yes,No,Yes,Month-to-month,Yes,Mailed check,59.21,1951.61,No
6914-DHJJC,Female,0,Yes,No,27,Yes,No,DSL,No,Yes,No,No,Yes,Yes,Month-to-month,Yes,Electronic check,54.87,1501.09,No
1855-LSXYM,Male,0,No,No,7,Yes,Yes,DSL,Yes,Yes,Yes,No,No,No,Month-to-month,Yes,Bank transfer (automatic),60.9,410.21,No
9082-LMFQI,Female,0,No,Yes,15,Yes,Yes,DSL,Yes,No,No,Yes,No,No,Month-to-month,No,Credit card (automatic),68.82,1059.85,No
5364-YOHRT,Female,0,No,No,36,Yes,No,DSL,Yes,Yes,Yes,No,Yes,Yes,Month-to-month,Yes,Bank transfer (automatic),58.82,2034.42,Yes
6459-BFDYI,Female,0,No,No,23,Yes,Yes,DSL,Yes,Yes,Yes,Yes,No,No,Month-to-month,No,Bank transfer (automatic),63.32,1453.25,No
5268-XZFWS,Male,0,No,No,29,Yes,Yes,Fiber optic,Yes,Yes,Yes,Yes,No,Yes,Month-to-month,No,Mailed check,97.5,2813.73,No
6525-ERPLP,Female,1,Yes,Yes,44,Yes,No,Fiber optic,No,Yes,Yes,Yes,Yes,No,One year,Yes,Mailed check,69.98,3059.2,No
2896-QDHME,Female,0,No,Yes,17,Yes,No,Fiber optic,Yes,Yes,Yes,No,Yes,No,Month-to-month,No,Credit card (automatic),88.23,1460.7,No
9222-XMOHF,Female,0,Yes,Yes,4,Yes,No,DSL,Yes,No,Yes,No,Yes,Yes,Month-to-month,Yes,Mailed check,55.27,217.76,Yes
9648-KYBCM,Male,1,No,No,37,Yes,Yes,Fiber optic,Yes,No,No,Yes,Yes,Yes,Two year,No,Electronic check,79.21,2983.12,No
8036-LVDWL,Male,0,No,Yes,26,Yes,No,Fiber optic,Yes,No,Yes,Yes,Yes,Yes,Two year,Yes,Mailed check,81.34,2051.12,No
3565-QUYCS,Male,1,No,Yes,20,Yes,No,DSL,No,Yes,No,No,Yes,Yes,Month-to-month,Yes,Electronic check,55.58,1158.78,No
3830-NMUKH,Female,0,Yes,No,6,Yes,Yes,DSL,No,Yes,No,No,Yes,No,Month-to-month,Yes,Credit card (automatic),63.72,383.37,Yes
5386-RWAOB,Male,0,Yes,No,48,No,No phone service,No,No internet service,No internet service,No internet service,No internet service,No internet service,No internet service,Two year,No,Mailed check,18.25,916.97,No
6579-QWFUR,Male,0,No,No,51,Yes,No,DSL,Yes,Yes,Yes,No,No,No,One year,Yes,Electronic check,64.89,3184.32,No
6985-QOBVK,Male,0,No,No,16,Yes,No,No,No internet service,No internet service,No internet service,No internet service,No internet service,No internet service,One year,No,Mailed check,31.49,493.58,No
1940-PYSGV,Female,0,Yes,No,68,Yes,Yes,Fiber optic,No,No,Yes,Yes,Yes,No,One year,Yes,Mailed check,73.41,5213.65,No
8618-INVEJ,Female,0,Yes,Yes,27,Yes,No,Fiber optic,No,No,Yes,No,No,No,Two year,Yes,Electronic check,74.04,2034.05,No
5106-AEPGG,Male,0,Yes,No,12,Yes,Yes,DSL,Yes,Yes,No,Yes,Yes,Yes,Month-to-month,No,Bank transfer (automatic),56.76,693.03,No
3664-DQGQV,Male,0,No,Yes,26,No,No phone service,Fiber optic,No,Yes,Yes,No,Yes,No,One year,Yes,Bank transfer (automatic),84.47,2108.31,No
5307-XFZIH,Male,1,Yes,No,4,Yes,No,Fiber optic,No,No,Yes,No,Yes,No,Month-to-month,Yes,Bank transfer (automatic),78.64,314.4,Yes
9814-LTULI,Female,1,Yes,No,20,Yes,No,DSL,Yes,Yes,Yes,No,No,No,Month-to-month,No,Bank transfer (automatic),61.16,1260.2,No
5421-KKGXO,Male,0,No,No,19,Yes,No,No,No internet service,No internet service,No internet service,No internet service,No internet service,No internet service,Month-to-month,Yes,Electronic check,18.25,329.77,No
8168-RJIZA,Male,0,No,No,69,Yes,Yes,Fiber optic,No,No,Yes,No,Yes,No,Two year,Yes,Bank transfer (automatic),78.11,5280.25,No
3653-TOQAF,Female,0,No,No,23,Yes,Yes,Fiber optic,Yes,No,Yes,No,Yes,Yes,Month-to-month,No,Bank transfer (automatic),76.69,1707.12,Yes
6394-IMYQQ,Male,0,No,No,17,Yes,Yes,DSL,Yes,Yes,No,No,No,Yes,One year,Yes,Credit card (automatic),55.23,905.77,Yes
2767-PYQUY,Male,1,No,No,34,Yes,Yes,DSL,No,Yes,Yes,No,Yes,Yes,Two year,Yes,Electronic check,59.38,2016.12,No
9110-IHHUJ,Male,0,Yes,No,2,Yes,No,DSL,Yes,No,No,Yes,No,Yes,Month-to-month,No,Mailed check,61.03,119.74,Yes
8401-URDSF,Male,0,Yes,No,6,Yes,No,DSL,No,Yes,No,No,No,Yes,Month-to-month,No,Bank transfer (automatic),61.89,353.34,No
5973-FBQLQ,Male,0,No,No,11,Yes,No,No,No internet service,No internet service,No internet service,No internet service,No internet service,No internet service,Month-to-month,No,Credit card (automatic),18.25,199.12,Yes
5414-JAHWT,Male,0,No,No,48,Yes,Yes,Fiber optic,No,No,No,Yes,No,Yes,Month-to-month,Yes,Bank transfer (automatic),91.41,4218.73,Yes
5174-AZTAF,Male,1,Yes,No,25,Yes,No,DSL,Yes,Yes,Yes,No,No,Yes,Month-to-month,Yes,Electronic check,58.32,1455.99,No
2530-XYKEQ,Female,1,Yes,No,38,No,No phone service,Fiber optic,No,No,Yes,No,Yes,Yes,One year,No,Credit card (automatic),85.12,3311.61,No
3452-DGGBS,Male,0,Yes,No,69,Yes,No,No,No internet service,No internet service,No internet service,No internet service,No internet service,No internet service,One year,No,Electronic check,29.71,2084.6,No
4169-OOUTO,Female,0,Yes,No,10,Yes,Yes,Fiber optic,Yes,Yes,Yes,No,No,Yes,Month-to-month,No,Electronic check,86.77,882.88,Yes
8541-OAWUL,Male,1,Yes,No,9,Yes,Yes,No,No internet service,No internet service,No internet service,No internet service,No internet service,No internet service,Month-to-month,Yes,Credit card (automatic),33.35,313.95,No
4477-XLJTI,Female,0,Yes,No,57,Yes,No,No,No internet service,No internet service,No internet service,No internet service,No internet service,No internet service,Month-to-month,No,Bank transfer (automatic),20.55,1136.01,No
4634-UFAIE,Male,0,Yes,Yes,43,Yes,No,DSL,Yes,Yes,No,No,Yes,Yes,Month-to-month,Yes,Mailed check,63.34,2686.51,Yes
4255-BPNHQ,Female,0,Yes,No,35,Yes,Yes,Fiber optic,No,Yes,Yes,Yes,No,Yes,Two year,Yes,Electronic check,67.86,2369.45,No
2300-AMEWH,Male,0,No,No,24,Yes,Yes,Fiber optic,Yes,Yes,No,No,Yes,No,Month-to-month,Yes,Credit card (automatic),84.75,2050.93,No
4858-HLCYE,Male,0,No,No,72,Yes,No,DSL,Yes,No,Yes,No,No,Yes,Month-to-month,No,Mailed check,63.0,4723.1,No
4559-WLSBH,Male,1,No,No,7,Yes,Yes,No,No internet service,No internet service,No internet service,No internet service,No internet service,No internet service,Month-to-month,Yes,Bank transfer (automatic),20.26,145.28,Yes
7838-GKCNJ,Male,1,No,Yes,50,Yes,Yes,Fiber optic,No,No,Yes,No,No,No,One year,Yes,Mailed check,83.78,4223.56,No
8742-KVXVT,Male,0,Yes,No,36,Yes,Yes,Fiber optic,No,Yes,Yes,Yes,No,Yes,Month-to-month,No,Credit card (automatic),72.49,2719.66,No
6254-MCDJR,Male,1,Yes,Yes,5,Yes,Yes,Fiber optic,No,Yes,Yes,No,No,Yes,Month-to-month,Yes,Mailed check,76.41,387.04,No
1044-YZCCW,Male,0,Yes,No,47,Yes,No,DSL,Yes,No,Yes,Yes,Yes,Yes,Month-to-month,No,Mailed check,59.91,2834.26,No
2798-EESDE,Female,0,No,No,37,Yes,Yes,Fiber optic,Yes,Yes,No,Yes,No,No,Two year,Yes,Credit card (automatic),75.35,2688.93,No
4578-PZGGO,Male,0,No,Yes,11,No,No phone service,No,No internet service,No internet service,No internet service,No internet service,No internet service,No internet service,Month-to-month,Yes,Mailed check,31.86,365.23,Yes
4759-PGQYR,Male,0,Yes,No,27,Yes,No,Fiber optic,Yes,Yes,Yes,Yes,Yes,Yes,Month-to-month,Yes,Credit card (automatic),86.34,2388.47,No
7615-BXSQE,Male,1,No,No,67,Yes,Yes,Fiber optic,No,No,No,Yes,Yes,No,Two year,Yes,Bank transfer (automatic),82.49,5257.01,No
5983-RQDBM,Female,0,Yes,No,72,Yes,No,Fiber optic,Yes,No,No,Yes,No,No,One year,Yes,Electronic check,84.41,6192.93,No
7454-KRZXQ,Male,1,Yes,No,12,Yes,Yes,Fiber optic,No,No,No,No,No,No,Month-to-month,No,Credit card (automatic),85.47,999.33,Yes
7553-CCSUF,Male,0,No,No,22,Yes,No,Fiber optic,No,Yes,No,No,Yes,Yes,Month-to-month,Yes,Mailed check,76.07,1611.73,No
6331-HCJLU,Female,0,No,Yes,23,Yes,No,DSL,No,Yes,No,Yes,No,No,Month-to-month,Yes,Bank transfer (automatic),63.08,1408.66,No
8779-YCYNE,Female,0,No,Yes,28,Yes,No,Fiber optic,Yes,Yes,No,No,No,Yes,One year,No,Bank transfer (automatic),85.42,2321.95,No
6825-BMVZH,Male,0,No,Yes,10,Yes,No,No,No internet service,No internet service,No internet service,No internet service,No internet service,No internet service,Month-to-month,Yes,Mailed check,21.43,220.85,No
2570-PEZIE,Male,0,No,Yes,12,No,No phone service,Fiber optic,Yes,Yes,Yes,Yes,No,No,One year,No,Credit card (automatic),80.94,1012.55,No
3142-JTWTQ,Male,0,Yes,No,14,Yes,No,DSL,Yes,Yes,No,No,No,No,Month-to-month,No,Electronic check,58.53,815.98,No
3430-YZQUH,Female,0,Yes,Yes,18,Yes,No,DSL,Yes,Yes,No,Yes,No,Yes,Month-to-month,No,Mailed check,63.14,1096.99,Yes
5024-ULTWY,Female,0,Yes,No,25,Yes,Yes,DSL,Yes,No,No,Yes,Yes,Yes,One year,No,Mailed check,67.28,1759.04,No
3624-MKNTI,Male,1,Yes,No,9,Yes,Yes,No,No internet service,No internet service,No internet service,No internet service,No internet service,No internet service,One year,Yes,Credit card (automatic),24.89,231.68,No
3096-GTZCZ,Male,0,Yes,No,39,Yes,No,DSL,No,Yes,Yes,No,Yes,Yes,One year,Yes,Credit card (automatic),71.26,2864.35,No
1289-NDYTJ,Female,0,No,No,15,Yes,Yes,Fiber optic,No,No,No,Yes,Yes,Yes,Month-to-month,Yes,Bank transfer (automatic),80.49,1187.37,Yes
7176-WFQHS,Male,1,Yes,No,14,Yes,No,Fiber optic,Yes,Yes,No,Yes,No,No,Month-to-month,Yes,Mailed check,76.74,1073.14,No
6107-SQQCW,Female,0,Yes,Yes,3,Yes,Yes,No,No internet service,No internet service,No internet service,No internet service,No internet service,No internet service,Month-to-month,Yes,Bank transfer (automatic),26.37,83.05,Yes
2543-KNWQE,Female,0,Yes,No,43,Yes,Yes,DSL,Yes,Yes,Yes,Yes,No,No,Month-to-month,Yes,Credit card (automatic),53.84,2260.89,No
3577-FPSST,Male,0,No,Yes,9,Yes,Yes,DSL,Yes,Yes,Yes,Yes,Yes,Yes,Month-to-month,Yes,Bank transfer (automatic),62.59,586.21,No
7315-XXHHB,Female,0,No,No,9,Yes,No,DSL,No,No,No,Yes,No,No,Month-to-month,No,Electronic check,53.1,473.27,No
3405-NRWPZ,Male,0,Yes,No,21,No,No phone service,DSL,Yes,Yes,No,Yes,No,No,Two year,Yes,Electronic check,59.33,1249.34,No
5977-WVMWW,Female,0,Yes,No,22,Yes,No,DSL,No,Yes,No,No,Yes,No,Two year,Yes,Mailed check,58.65,1262.16,No
3811-FDXLO,Female,0,Yes,Yes,24,Yes,No,Fiber optic,No,Yes,No,No,Yes,Yes,One year,Yes,Bank transfer (automatic),93.69,2217.57,No
3459-KKPEU,Male,0,Yes,Yes,42,No,No phone service,DSL,No,No,Yes,No,No,No,Two year,Yes,Electronic check,64.51,2830.71,No
4516-GACGT,Female,0,No,Yes,48,Yes,Yes,Fiber optic,Yes,No,Yes,Yes,Yes,No,Month-to-month,No,Credit card (automatic),89.53,4374.25,No
8692-YHQGD,Male,1,No,No,47,Yes,No,No,No internet service,No internet service,No internet service,No internet service,No internet service,No internet service,Two year,No,Electronic check,19.04,857.74,No
5885-QTDTH,Male,0,No,No,6,Yes,No,Fiber optic,No,Yes,No,Yes,No,Yes,Month-to-month,Yes,Mailed check,78.05,450.85,Yes
3504-AFMEI,Male,1,No,No,11,Yes,Yes,No,No internet service,No internet service,No internet service,No internet service,No internet service,No internet service,Month-to-month,Yes,Mailed check,25.77,292.37,No
5770-CWITQ,Female,0,No,No,36,Yes,Yes,Fiber optic,No,No,Yes,Yes,Yes,No,Month-to-month,No,Credit card (automatic),86.55,3234.18,No
7761-HEDFO,Female,0,Yes,Yes,1,Yes,Yes,Fiber optic,No,Yes,No,No,No,No,Month-to-month,Yes,Electronic check,82.99,86.44,Yes
6617-TZVJM,Female,0,No,No,25,Yes,No,DSL,No,No,No,Yes,No,No,One year,Yes,Mailed check,58.85,1448.84,No
9593-SKVDR,Male,0,Yes,Yes,14,Yes,Yes,Fiber optic,Yes,No,No,No,No,No,Month-to-month,Yes,Credit card (automatic),86.4,1241.57,Yes
9537-NPBPH,Female,0,No,Yes,64,Yes,Yes,Fiber optic,No,Yes,No,No,No,No,Two year,Yes,Mailed check,91.7,5617.66,No
9949-IIKSY,Female,0,No,No,72,Yes,Yes,DSL,No,Yes,No,No,No,No,Two year,Yes,Electronic check,71.13,4952.33,No
4116-FTOLZ,Male,0,No,Yes,39,Yes,No,Fiber optic,No,Yes,No,No,Yes,No,One year,Yes,Bank transfer (automatic),93.54,3475.57,No
5460-QZFXY,Female,0,Yes,Yes,4,Yes,No,Fiber optic,No,No,No,No,Yes,No,Month-to-month,No,Credit card (automatic),72.42,289.53,Yes
5235-IEBZL,Female,0,Yes,Yes,39,Yes,No,No,No internet service,No internet service,No internet service,No internet service,No internet service,No internet service,One year,Yes,Credit card (automatic),18.25,684.74,No
7010-GIVRF,Female,1,Yes,Yes,5,Yes,Yes,DSL,Yes,Yes,No,Yes,No,Yes,Month-to-month,No,Mailed check,63.91,319.89,Yes
1049-VCAHY,Male,0,No,No,19,No,No phone service,Fiber optic,No,No,No,No,No,Yes,Month-to-month,Yes,Bank transfer (automatic),84.38,1539.2,Yes
6800-BXYSB,Male,0,No,Yes,4,Yes,Yes,Fiber optic,No,Yes,No,Yes,No,Yes,Month-to-month,Yes,Credit card (automatic),89.02,345.17,Yes
1128-WVVMP,Male,0,No,No,19,Yes,Yes,Fiber optic,Yes,No,No,Yes,No,Yes,Month-to-month,No,Credit card (automatic),88.86,1613.17,Yes
2558-AFQKQ,Female,0,Yes,No,14,Yes,Yes,DSL,No,No,Yes,Yes,Yes,Yes,Month-to-month,No,Electronic check,66.41,889.29,Yes
4966-OYQYZ,Female,0,No,No,16,Yes,Yes,DSL,No,No,No,No,No,No,Month-to-month,Yes,Electronic check,60.13,997.81,Yes
6558-ZGNBC,Female,0,No,Yes,20,Yes,Yes,Fiber optic,Yes,Yes,Yes,Yes,Yes,No,Month-to-month,No,Bank transfer (automatic),85.41,1730.61,Yes
2191-DKSZZ,Female,1,Yes,No,53,Yes,No,DSL,Yes,Yes,No,No,No,Yes,One year,Yes,Credit card (automatic),64.21,3293.86,No
2607-LLCBJ,Female,0,Yes,No,68,Yes,No,DSL,Yes,No,No,No,No,No,Two year,Yes,Electronic check,64.52,4410.42,No
8708-KJZJR,Female,0,Yes,No,22,Yes,Yes,No,No internet service,No internet service,No internet service,No internet service,No internet service,No internet service,Two year,Yes,Bank transfer (automatic),23.41,525.96,No
9831-DNIDB,Female,0,No,No,13,Yes,No,Fiber optic,No,Yes,Yes,Yes,No,No,Month-to-month,No,Electronic check,76.9,969.82,No
6829-QORSB,Male,1,No,No,48,Yes,Yes,No,No internet service,No internet service,No internet service,No internet service,No internet service,No internet service,Two year,Yes,Bank transfer (automatic),18.25,869.9,No
1306-IOXZV,Female,1,Yes,No,40,Yes,No,Fiber optic,No,Yes,Yes,Yes,Yes,Yes,One year,No,Electronic check,80.68,3282.44,No
3621-ODMCZ,Male,0,No,No,3,Yes,No,No,No internet service,No internet service,No internet service,No internet service,No internet service,No internet service,Month-to-month,No,Mailed check,18.25,55.25,No
5059-SCYNB,Female,0,Yes,No,14,Yes,Yes,No,No internet service,No internet service,No internet service,No internet service,No internet service,No internet service,Month-to-month,Yes,Electronic check,24.88,350.71,Yes
4316-FBASW,Male,1,Yes,No,36,Yes,Yes,No,No internet service,No internet service,No internet service,No internet service,No internet service,No internet service,Month-to-month,Yes,Mailed check,30.02,1128.91,Yes
6939-SAEAZ,Male,0,Yes,No,9,Yes,Yes,Fiber optic,No,No,Yes,No,No,No,Month-to-month,Yes,Electronic check,85.0,793.23,Yes
7639-YXFNQ,Male,0,Yes,Yes,27,No,No phone service,Fiber optic,Yes,Yes,Yes,No,No,No,Two year,Yes,Electronic check,77.74,2188.09,No
7673-RLAYR,Female,1,No,No,8,Yes,No,Fiber optic,Yes,Yes,Yes,No,No,No,Month-to-month,No,Bank transfer (automatic),86.39,705.63,Yes
8525-FCXUV,Female,0,No,Yes,10,Yes,Yes,No,No internet service,No internet service,No internet service,No internet service,No internet service,No internet service,Month-to-month,Yes,Credit card (automatic),19.3,195.19,No
4962-XFTME,Female,1,Yes,No,60,Yes,No,DSL,No,Yes,Yes,Yes,Yes,Yes,One year,Yes,Credit card (automatic),64.86,3786.08,No
7456-JESUI,Female,0,No,No,52,Yes,Yes,DSL,No,Yes,Yes,Yes,No,Yes,Two year,Yes,Credit card (automatic),61.49,3325.77,No
9700-SAIZE,Female,0,No,No,39,Yes,Yes,Fiber optic,No,Yes,No,No,No,Yes,One year,Yes,Electronic check,79.6,3084.04,No
9580-NRRNN,Female,0,No,Yes,26,Yes,No,Fiber optic,Yes,No,No,Yes,No,Yes,Month-to-month,No,Credit card (automatic),88.02,2232.98,No
6105-QTLLU,Female,0,Yes,No,71,Yes,No,DSL,No,No,No,Yes,Yes,Yes,Two year,Yes,Mailed check,41.55,2952.16,No
7813-QLOOL,Female,1,No,No,54,Yes,No,No,No internet service,No internet service,No internet service,No internet service,No internet service,No internet service,Month-to-month,Yes,Bank transfer (automatic),25.22,1373.32,No
2606-NLBYR,Male,0,Yes,No,22,No,No phone service,Fiber optic,Yes,Yes,Yes,Yes,Yes,No,One year,No,Electronic check,75.44,1652.05,No
2023-FOWMV,Female,1,No,Yes,43,Yes,No,No,No internet service,No internet service,No internet service,No internet service,No internet service,No internet service,Two year,Yes,Mailed check,20.64,864.1,No
2153-NVWGR,Male,0,No,No,72,Yes,No,Fiber optic,No,No,No,No,Yes,No,Two year,No,Electronic check,79.91,5527.75,No
1357-DXTFZ,Female,1,No,Yes,1,Yes,No,No,No internet service,No internet service,No internet service,No internet service,No internet service,No internet service,Month-to-month,Yes,Electronic check,28.23,29.63,No
9933-BAGUP,Female,0,Yes,No,40,Yes,No,No,No internet service,No internet service,No internet service,No internet service,No internet service,No internet service,Two year,No,Mailed check,22.9,877.62,No
5612-KMQBP,Female,0,No,No,18,Yes,No,No,No internet service,No internet service,No internet service,No internet service,No internet service,No internet service,Month-to-month,Yes,Electronic check,32.56,585.69,No
2987-UFBLL,Male,0,Yes,No,5,Yes,Yes,No,No internet service,No internet service,No internet service,No internet service,No internet service,No internet service,Month-to-month,Yes,Mailed check,18.25,88.94,No
5666-WSJSN,Male,0,Yes,Yes,44,No,No phone service,No,No internet service,No internet service,No internet service,No internet service,No internet service,No internet service,One year,No,Mailed check,20.88,902.71,No
3013-AAFVM,Female,0,No,No,1,Yes,Yes,Fiber optic,No,No,No,No,Yes,No,Month-to-month,Yes,Credit card (automatic),76.86,73.38,No
5065-KGSAP,Female,1,Yes,No,30,Yes,No,Fiber optic,No,Yes,No,Yes,Yes,No,Month-to-month,No,Credit card (automatic),91.68,2756.53,Yes
9431-WJWGG,Female,1,No,No,39,Yes,Yes,Fiber optic,No,No,No,No,Yes,Yes,Month-to-month,No,Credit card (automatic),86.51,3451.55,Yes
4090-AGWTI,Female,0,Yes,No,44,Yes,No,DSL,No,No,No,Yes,Yes,No,Month-to-month,Yes,Credit card (automatic),53.78,2295.28,No
3811-JDEZS,Male,0,Yes,No,1,Yes,Yes,Fiber optic,Yes,No,Yes,No,Yes,No,Month-to-month,No,Bank transfer (automatic),86.98,87.74,Yes
7097-HWEZN,Female,0,No,Yes,34,Yes,No,DSL,Yes,No,No,No,No,Yes,One year,Yes,Credit card (automatic),67.4,2307.96,Yes
3976-TKHRS,Male,1,No,No,20,Yes,No,DSL,No,No,No,Yes,No,Yes,One year,No,Credit card (automatic),58.95,1169.81,No
6428-MIKWJ,Female,0,Yes,Yes,71,Yes,Yes,Fiber optic,Yes,No,Yes,No,No,Yes,Two year,No,Bank transfer (automatic),82.91,6104.1,No
9703-DEIAW,Female,0,No,No,41,Yes,No,DSL,No,Yes,No,No,Yes,Yes,Two year,No,Electronic check,62.2,2611.87,No
4063-CQYZC,Female,0,No,No,60,Yes,No,No,No internet service,No internet service,No internet service,No internet service,No internet service,No internet service,Two year,No,Mailed check,24.94,1567.35,No
8135-JVPTV,Female,1,Yes,Yes,9,Yes,No,DSL,No,Yes,No,No,No,No,Month-to-month,Yes,Credit card (automatic),67.3,586.58,Yes
9057-DSDYQ,Female,0,Yes,No,48,Yes,Yes,DSL,Yes,Yes,No,No,Yes,No,Month-to-month,Yes,Credit card (automatic),61.52,2966.49,No
2733-HXQFV,Male,0,No,No,19,Yes,Yes,No,No internet service,No internet service,No internet service,No internet service,No internet service,No internet service,One year,Yes,Bank transfer (automatic),27.78,510.16,No
7464-BHVJA,Male,0,No,No,48,Yes,Yes,No,No internet service,No internet service,No internet service,No internet service,No internet service,No internet service,Two year,Yes,Bank transfer (automatic),28.74,1422.45,No
6434-XOZCR,Female,1,Yes,No,48,No,No phone service,DSL,No,Yes,Yes,Yes,Yes,No,Two year,No,Credit card (automatic),56.97,2698.63,No
6846-ZNVDB,Male,0,Yes,Yes,37,Yes,No,No,No internet service,No internet service,No internet service,No internet service,No internet service,No internet service,One year,Yes,Mailed check,25.53,962.22,No
7447-AWARL,Female,1,Yes,No,56,Yes,No,No,No internet service,No internet service,No internet service,No internet service,No internet service,No internet service,Two year,Yes,Mailed check,23.13,1233.93,No
6808-QLMNR,Female,1,Yes,No,3,Yes,Yes,Fiber optic,No,Yes,No,No,Yes,No,Month-to-month,Yes,Credit card (automatic),85.1,246.43,Yes
7391-LJBUF,Male,0,No,Yes,35,Yes,No,No,No internet service,No internet service,No internet service,No internet service,No internet service,No internet service,Month-to-month,Yes,Credit card (automatic),27.48,934.84,No
4907-ZUIMI,Male,0,Yes,No,22,Yes,Yes,Fiber optic,Yes,No,No,Yes,No,Yes,Month-to-month,No,Bank transfer (automatic),85.47,1929.16,No
6635-DYZHF,Male,1,Yes,No,12,Yes,No,DSL,No,Yes,No,Yes,Yes,Yes,One year,No,Credit card (automatic),49.63,572.84,No
5852-QQBSB,Female,0,No,Yes,15,Yes,No,DSL,Yes,Yes,Yes,Yes,Yes,No,Month-to-month,No,Mailed check,63.33,986.86,No
4077-SXQER,Male,0,Yes,No,17,Yes,No,DSL,Yes,No,No,No,Yes,No,Month-to-month,Yes,Bank transfer (automatic),62.06,1063.3,Yes
1333-GDZJO,Female,0,Yes,No,40,Yes,Yes,Fiber optic,No,Yes,No,Yes,No,Yes,Month-to-month,Yes,Bank transfer (automatic),87.04,3343.21,Yes
8114-ZZEKK,Male,0,No,No,10,Yes,Yes,Fiber optic,Yes,Yes,No,Yes,No,Yes,Month-to-month,Yes,Bank transfer (automatic),75.48,780.89,No
8165-IGTMT,Male,0,Yes,No,5,Yes,Yes,DSL,Yes,No,No,Yes,Yes,Yes,Month-to-month,Yes,Electronic check,59.59,297.29,No
4418-MAAAE,Male,0,No,No,43,Yes,Yes,Fiber optic,No,Yes,Yes,No,Yes,Yes,Two year,Yes,Electronic check,85.33,3611.82,No
4128-BEWWH,Female,0,No,No,58,Yes,Yes,Fiber optic,Yes,Yes,Yes,No,No,No,Two year,Yes,Credit card (automatic),84.04,4916.48,No
9517-DAJGC,Male,0,Yes,Yes,20,Yes,Yes,Fiber optic,No,No,No,No,No,No,Month-to-month,No,Bank transfer (automatic),87.4,1666.49,No
8626-ZHISY,Female,0,No,No,57,Yes,Yes,Fiber optic,No,No,No,No,No,No,Month-to-month,Yes,Credit card (automatic),82.63,4781.01,No
3581-RAOZM,Female,0,Yes,No,7,Yes,No,No,No internet service,No internet service,No internet service,No internet service,No internet service,No internet service,Month-to-month,Yes,Bank transfer (automatic),18.25,133.15,No
6773-RQRXA,Female,1,No,No,7,Yes,No,Fiber optic,No,Yes,Yes,No,No,No,Month-to-month,Yes,Credit card (automatic),67.0,476.43,Yes
8960-XXJPJ,Female,1,Yes,Yes,38,Yes,Yes,Fiber optic,Yes,No,No,Yes,Yes,Yes,One year,No,Bank transfer (automatic),76.94,2897.38,No
8561-KIRBJ,Female,0,No,No,66,No,No phone service,DSL,No,Yes,No,No,Yes,Yes,One year,Yes,Credit card (automatic),49.47,3107.72,No
2856-JLBWK,Female,0,Yes,Yes,8,Yes,No,Fiber optic,Yes,Yes,Yes,No,Yes,Yes,Month-to-month,Yes,Bank transfer (automatic),89.44,713.34,Yes
4228-DZWMI,Female,0,No,No,32,Yes,No,Fiber optic,No,No,No,Yes,Yes,No,One year,No,Mailed check,89.87,2867.8,No
5206-YFRXT,Female,0,Yes,No,72,Yes,No,No,No internet service,No internet service,No internet service,No internet service,No internet service,No internet service,Two year,Yes,Electronic check,30.66,2227.41,No
8830-YBGDO,Male,0,Yes,Yes,19,Yes,No,DSL,No,No,No,Yes,Yes,Yes,Month-to-month,Yes,Mailed check,59.63,1161.4,Yes
4666-BOCKJ,Female,0,Yes,No,72,Yes,Yes,DSL,Yes,Yes,Yes,Yes,No,Yes,Two year,Yes,Electronic check,50.36,3516.65,No
9041-RQVEG,Male,0,Yes,No,36,Yes,Yes,No,No internet service,No internet service,No internet service,No internet service,No internet service,No internet service,Month-to-month,No,Credit card (automatic),22.04,815.35,No
7770-TAFFA,Female,0,No,No,10,Yes,No,DSL,Yes,No,Yes,No,Yes,No,Month-to-month,Yes,Credit card (automatic),70.3,675.3,No
6951-BVPTM,Female,0,Yes,Yes,34,Yes,Yes,Fiber optic,Yes,Yes,No,No,No,Yes,Month-to-month,Yes,Credit card (automatic),77.04,2727.49,No
9731-HOAVO,Male,0,No,No,34,Yes,Yes,No,No internet service,No internet service,No internet service,No internet service,No internet service,No internet service,Month-to-month,Yes,Bank transfer (automatic),28.35,982.04,No
2582-VZBVT,Female,0,Yes,No,16,Yes,No,Fiber optic,Yes,Yes,Yes,No,Yes,Yes,Month-to-month,Yes,Bank transfer (automatic),82.91,1382.27,Yes
4189-QUMRB,Female,0,Yes,No,7,Yes,Yes,DSL,Yes,Yes,No,Yes,No,Yes,Month-to-month,No,Bank transfer (automatic),57.93,402.92,No
9326-YFMGK,Female,0,No,Yes,57,Yes,No,DSL,No,No,No,Yes,Yes,Yes,Month-to-month,Yes,Electronic check,58.75,3410.87,No
3477-WSVUS,Female,0,Yes,Yes,29,No,No phone service,Fiber optic,No,No,Yes,No,Yes,Yes,One year,No,Mailed check,83.56,2507.21,No
2499-VUDCT,Female,0,No,No,19,Yes,Yes,Fiber optic,No,No,Yes,No,Yes,Yes,Month-to-month,Yes,Electronic check,73.28,1344.59,No
4511-IKWJJ,Female,0,No,No,6,Yes,No,No,No internet service,No internet service,No internet service,No internet service,No internet service,No internet service,Month-to-month,Yes,Bank transfer (automatic),26.2,161.73,Yes
4593-BAKAT,Male,0,No,No,22,Yes,No,DSL,Yes,No,Yes,Yes,No,Yes,One year,Yes,Electronic check,47.43,1079.77,No
4819-NITLA,Male,0,No,Yes,48,Yes,Yes,Fiber optic,Yes,Yes,Yes,Yes,Yes,Yes,One year,Yes,Bank transfer (automatic),81.27,4052.22,No
5394-EPOMK,Male,0,Yes,No,43,Yes,Yes,No,No internet service,No internet service,No internet service,No internet service,No internet service,No internet service,One year,No,Electronic check,28.7,1206.84,No
6363-RWZCR,Female,0,Yes,No,22,Yes,No,No,No internet service,No internet service,No internet service,No internet service,No internet service,No internet service,Month-to-month,No,Mailed check,29.44,617.36,No
1761-KTOVX,Male,0,No,Yes,52,Yes,Yes,No,No internet service,No internet service,No internet service,No internet service,No internet service,No internet service,Two year,No,Electronic check,27.45,1393.32,No
9763-RRUGH,Female,0,No,No,4,Yes,Yes,Fiber optic,Yes,No,No,Yes,Yes,No,Month-to-month,Yes,Electronic check,81.88,333.72,Yes
4071-TJDUT,Male,0,Yes,No,52,Yes,Yes,DSL,No,No,No,No,Yes,No,Two year,Yes,Bank transfer (automatic),63.34,3193.76,No
6347-WUXGD,Male,0,Yes,No,58,Yes,Yes,Fiber optic,Yes,No,Yes,Yes,Yes,Yes,Month-to-month,Yes,Mailed check,93.72,5412.99,No
4073-VYCWM,Female,0,Yes,No,31,No,No phone service,Fiber optic,Yes,Yes,Yes,No,No,No,Two year,Yes,Electronic check,81.16,2496.25,No
8360-RBMCI,Male,0,No,Yes,9,Yes,Yes,DSL,No,No,No,Yes,Yes,No,Month-to-month,Yes,Electronic check,46.19,417.97,No
7817-RSRAP,Female,0,Yes,No,38,Yes,Yes,Fiber optic,Yes,No,No,Yes,No,Yes,Two year,Yes,Mailed check,85.1,3073.54,No
5364-NFSPK,Male,0,No,No,63,Yes,No,DSL,No,Yes,Yes,No,No,No,Two year,No,Bank transfer (automatic),66.6,4269.06,No
1509-BJNZS,Female,0,No,Yes,37,Yes,Yes,DSL,Yes,No,Yes,No,Yes,Yes,Month-to-month,Yes,Bank transfer (automatic),61.06,2312.46,No
5368-HEDBX,Male,0,Yes,No,32,Yes,No,No,No internet service,No internet service,No internet service,No internet service,No internet service,No internet service,Month-to-month,Yes,Mailed check,20.74,630.66,No
1142-WPQYU,Male,0,No,Yes,24,Yes,No,Fiber optic,Yes,Yes,Yes,No,Yes,Yes,Month-to-month,Yes,Credit card (automatic),90.49,2255.08,No
2323-ZEOQG,Male,0,Yes,No,30,Yes,No,DSL,No,Yes,Yes,No,Yes,Yes,Month-to-month,No,Mailed check,59.32,1783.17,No
6671-QZXKR,Female,0,No,No,30,Yes,No,No,No internet service,No internet service,No internet service,No internet service,No internet service,No internet service,Month-to-month,No,Electronic check,18.25,566.08,Yes
8387-ARXDT,Male,0,Yes,No,37,Yes,No,Fiber optic,Yes,Yes,No,No,No,Yes,Month-to-month,No,Mailed check,82.98,3112.4,Yes
1543-KVZSS,Female,0,No,No,49,No,No phone service,Fiber optic,Yes,Yes,Yes,Yes,No,Yes,Month-to-month,No,Credit card (automatic),83.46,4193.76,No
3332-VRYPB,Female,0,No,Yes,40,Yes,No,Fiber optic,No,No,Yes,Yes,Yes,No,Month-to-month,Yes,Mailed check,83.15,3343.4,No
5598-UUKEW,Male,1,No,Yes,10,Yes,Yes,DSL,Yes,No,Yes,Yes,No,Yes,Month-to-month,Yes,Electronic check,56.25,575.75,No
8407-WRVKU,Female,1,Yes,No,4,Yes,Yes,No,No internet service,No internet service,No internet service,No internet service,No internet service,No internet service,Month-to-month,Yes,Electronic check,28.64,110.68,No
5393-UDHFK,Male,0,Yes,No,17,Yes,Yes,Fiber optic,No,No,No,Yes,No,No,Month-to-month,No,Bank transfer (automatic),86.97,1418.38,Yes
8329-CSVRQ,Female,0,No,Yes,8,Yes,No,DSL,Yes,No,No,Yes,No,Yes,Month-to-month,No,Bank transfer (automatic),54.35,450.29,No
2245-PFGWP,Female,0,No,No,47,No,No phone service,DSL,No,No,No,No,No,No,Month-to-month,No,Electronic check,52.87,2528.28,Yes
9939-LJZQW,Female,0,No,No,54,No,No phone service,No,No internet service,No internet service,No internet service,No internet service,No internet service,No internet service,Two year,Yes,Mailed check,18.25,944.55,No
1400-NVVSE,Male,0,Yes,No,30,Yes,No,No,No internet service,No internet service,No internet service,No internet service,No internet service,No internet service,One year,No,Bank transfer (automatic),26.16,782.65,No
5920-CUQFS,Female,0,Yes,No,57,Yes,No,Fiber optic,Yes,Yes,No,Yes,No,Yes,Two year,Yes,Electronic check,93.08,5179.89,No
7473-BCFBN,Female,1,Yes,No,9,No,No phone service,Fiber optic,No,Yes,No,No,Yes,Yes,Month-to-month,Yes,Bank transfer (automatic),86.69,779.87,Yes
8918-BPLVM,Male,0,Yes,No,32,Yes,Yes,Fiber optic,No,Yes,No,No,No,No,Month-to-month,Yes,Bank transfer (automatic),83.33,2598.6,No
7017-XDIHE,Female,1,No,Yes,10,No,No phone service,Fiber optic,Yes,No,Yes,Yes,Yes,Yes,Month-to-month,Yes,Bank transfer (automatic),68.6,706.16,Yes
6830-AKDPT,Male,0,No,Yes,3,No,No phone service,No,No internet service,No internet service,No internet service,No internet service,No internet service,No internet service,Month-to-month,No,Electronic check,20.26,63.34,No
5201-LLFJY,Female,0,Yes,No,40,Yes,No,Fiber optic,Yes,Yes,No,No,Yes,Yes,Two year,No,Credit card (automatic),81.63,3349.84,No
1370-UECHG,Male,0,Yes,No,65,Yes,No,DSL,Yes,Yes,No,Yes,Yes,No,One year,Yes,Electronic check,54.04,3374.66,No
3845-WXSDY,Female,0,No,Yes,33,Yes,No,DSL,Yes,No,Yes,Yes,Yes,No,Two year,Yes,Credit card (automatic),65.91,2167.78,No
8626-BKUCB,Male,0,No,No,63,No,No phone service,Fiber optic,No,No,No,Yes,Yes,No,Two year,No,Credit card (automatic),83.68,5343.75,No
6453-ILTOS,Female,0,Yes,Yes,9,Yes,Yes,No,No internet service,No internet service,No internet service,No internet service,No internet service,No internet service,Month-to-month,Yes,Credit card (automatic),25.31,233.52,No
2134-AGFIU,Female,0,No,No,20,Yes,Yes,Fiber optic,Yes,No,Yes,No,Yes,No,Month-to-month,Yes,Bank transfer (automatic),81.87,1663.16,Yes
2367-DFIFE,Female,1,Yes,No,36,Yes,Yes,Fiber optic,Yes,Yes,Yes,Yes,No,No,Month-to-month,Yes,Bank transfer (automatic),77.34,2721.32,No
6215-CEVAB,Male,1,No,No,51,Yes,No,Fiber optic,Yes,Yes,No,Yes,Yes,Yes,One year,No,Credit card (automatic),85.07,4286.59,No
1624-NSSRB,Male,0,Yes,Yes,65,Yes,Yes,Fiber optic,Yes,No,No,Yes,Yes,No,One year,Yes,Mailed check,87.24,5435.71,No
4100-QRIWV,Female,1,Yes,Yes,16,Yes,Yes,Fiber optic,Yes,Yes,No,No,No,Yes,Month-to-month,Yes,Electronic check,86.53,1365.75,Yes
7889-UZUPK,Male,0,No,No,56,Yes,No,No,No internet service,No internet service,No internet service,No internet service,No internet service,No internet service,Two year,Yes,Credit card (automatic),26.18,1511.44,No
4257-VHQNJ,Male,1,Yes,No,63,Yes,No,Fiber optic,No,No,Yes,No,Yes,No,Two year,Yes,Credit card (automatic),93.64,5759.66,No
5056-CSBBG,Female,1,Yes,No,72,No,No phone service,Fiber optic,No,Yes,Yes,Yes,Yes,Yes,Two year,Yes,Mailed check,80.48,5800.62,No
5781-HWYKZ,Male,0,Yes,No,17,Yes,Yes,Fiber optic,No,No,No,Yes,Yes,Yes,Month-to-month,Yes,Credit card (automatic),81.32,1354.04,Yes
1801-DJYNS,Female,0,No,Yes,51,Yes,Yes,No,No internet service,No internet service,No internet service,No internet service,No internet service,No internet service,One year,Yes,Electronic check,21.52,1091.41,No
6873-MYYLS,Male,0,No,No,18,Yes,Yes,Fiber optic,No,Yes,No,Yes,No,Yes,One year,Yes,Electronic check,76.55,1393.54,No
6614-PCFZG,Female,0,Yes,No,30,Yes,No,DSL,Yes,No,Yes,No,Yes,No,Month-to-month,Yes,Mailed check,72.9,2079.37,No
6865-XPFWA,Male,0,No,No,7,Yes,Yes,DSL,Yes,No,No,Yes,No,No,Month-to-month,Yes,Electronic check,64.9,456.09,Yes
7507-GQMOJ,Female,0,Yes,No,31,Yes,No,No,No internet service,No internet service,No internet service,No internet service,No internet service,No internet service,Month-to-month,No,Bank transfer (automatic),32.85,1040.04,No
5759-YVKYX,Female,0,Yes,No,13,Yes,No,Fiber optic,No,No,Yes,Yes,Yes,No,Month-to-month,Yes,Credit card (automatic),84.0,1075.82,Yes
6645-PANFE,Female,0,Yes,No,45,Yes,Yes,No,No internet service,No internet service,No internet service,No internet service,No internet service,No internet service,One year,No,Electronic check,26.66,1164.5,No
8724-HQWPU,Female,1,Yes,Yes,54,Yes,No,DSL,No,No,Yes,No,Yes,Yes,Two year,Yes,Credit card (automatic),54.73,3102.98,No
7975-LXXIV,Female,0,No,Yes,50,No,No phone service,Fiber optic,Yes,No,Yes,Yes,No,No,Two year,No,Electronic check,76.29,3792.85,No
2647-CNPPU,Male,0,No,Yes,12,Yes,No,Fiber optic,No,No,Yes,Yes,Yes,Yes,Month-to-month,Yes,Electronic check,81.15,974.93,No
4517-VXCLF,Female,1,Yes,No,43,Yes,Yes,DSL,No,No,Yes,Yes,Yes,No,One year,Yes,Bank transfer (automatic),53.99,2259.99,No
6907-KHGJC,Female,0,Yes,Yes,3,Yes,Yes,Fiber optic,No,Yes,No,No,No,Yes,Month-to-month,Yes,Credit card (automatic),86.06,266.27,Yes
1941-QYNYE,Male,0,Yes,No,6,Yes,Yes,DSL,Yes,Yes,Yes,No,Yes,No,Month-to-month,Yes,Bank transfer (automatic),81.86,505.51,Yes
9758-PTBPJ,Male,0,No,No,72,No,No phone service,Fiber optic,Yes,Yes,No,No,Yes,No,Two year,No,Electronic check,70.3,4886.13,No
9085-UWXSG,Female,1,Yes,No,49,Yes,No,No,No internet service,No internet service,No internet service,No internet service,No internet service,No internet service,Two year,Yes,Credit card (automatic),28.26,1389.42,No
3545-WPXUP,Male,1,No,No,40,Yes,Yes,No,No internet service,No internet service,No internet service,No internet service,No internet service,No internet service,Two year,No,Bank transfer (automatic),21.88,898.47,No
2372-ZGGDB,Male,0,No,No,18,Yes,No,Fiber optic,Yes,Yes,Yes,No,Yes,No,Month-to-month,Yes,Credit card (automatic),84.69,1503.15,No
4374-VWMIJ,Male,0,No,No,61,Yes,No,No,No internet service,No internet service,No internet service,No internet service,No internet service,No internet service,One year,No,Electronic check,35.06,2065.0,No
9269-BBBXC,Female,0,Yes,Yes,5,Yes,No,No,No internet service,No internet service,No internet service,No internet service,No internet service,No internet service,Month-to-month,Yes,Electronic check,18.25,92.1,No
9472-EOZDH,Male,0,No,Yes,18,Yes,No,DSL,Yes,Yes,Yes,Yes,Yes,No,One year,Yes,Electronic check,53.18,979.05,No
7547-VXAUI,Female,0,Yes,No,21,Yes,No,DSL,Yes,Yes,Yes,No,Yes,No,Month-to-month,Yes,Mailed check,58.14,1211.51,Yes
6019-XXEMH,Female,0,Yes,No,5,No,No phone service,No,No internet service,No internet service,No internet service,No internet service,No internet service,No internet service,Month-to-month,Yes,Mailed check,20.18,103.22,Yes
6533-VIDBB,Female,0,No,No,68,Yes,No,Fiber optic,Yes,No,Yes,Yes,Yes,No,Two year,No,Bank transfer (automatic),79.1,5467.66,No
4297-ZGKRR,Female,1,No,No,4,No,No phone service,Fiber optic,No,No,Yes,No,Yes,Yes,Month-to-month,Yes,Mailed check,76.41,297.25,Yes
3430-DEFCL,Male,0,No,Yes,57,Yes,No,Fiber optic,No,Yes,No,Yes,Yes,No,Two year,Yes,Mailed check,88.5,5250.98,No
6811-RXHRX,Male,0,Yes,No,36,Yes,Yes,DSL,Yes,No,No,No,Yes,No,Month-to-month,Yes,Electronic check,53.08,1938.46,No
1255-UCOVL,Male,1,Yes,Yes,67,Yes,Yes,Fiber optic,No,No,No,Yes,No,No,Two year,No,Credit card (automatic),79.32,5550.95,No
6037-QPTWD,Female,0,Yes,No,46,Yes,No,Fiber optic,Yes,Yes,Yes,Yes,Yes,No,Two year,Yes,Mailed check,78.67,3703.73,No
4742-WJMTY,Male,0,Yes,No,7,Yes,Yes,Fiber optic,Yes,No,Yes,No,Yes,Yes,Month-to-month,No,Bank transfer (automatic),90.07,653.19,No
3264-YSAWJ,Female,0,Yes,No,2,Yes,No,DSL,Yes,No,No,No,Yes,No,Month-to-month,No,Mailed check,57.83,116.86,Yes
3539-NOOBV,Female,1,Yes,No,58,No,No phone service,Fiber optic,No,No,Yes,Yes,No,Yes,Two year,Yes,Credit card (automatic),74.62,4524.77,No
4075-DOQCY,Male,0,Yes,No,11,No,No phone service,DSL,No,Yes,Yes,No,Yes,No,Month-to-month,Yes,Bank transfer (automatic),53.47,577.35,No
6404-ZRAFZ,Male,1,No,No,38,Yes,Yes,Fiber optic,No,No,Yes,Yes,No,No,Month-to-month,No,Mailed check,83.21,3241.22,No
6036-DBNPG,Male,0,Yes,No,18,Yes,Yes,Fiber optic,Yes,Yes,No,No,No,No,Month-to-month,Yes,Credit card (automatic),90.69,1702.48,No
2753-PLABG,Male,0,No,No,4,Yes,No,Fiber optic,No,Yes,Yes,No,Yes,No,Month-to-month,No,Electronic check,85.66,338.45,No
6076-HAXSP,Male,0,No,No,31,Yes,Yes,No,No internet service,No internet service,No internet service,No internet service,No internet service,No internet service,Month-to-month,No,Electronic check,36.58,1167.21,No
3198-SYRHK,Male,0,Yes,No,36,Yes,Yes,Fiber optic,Yes,No,No,Yes,Yes,Yes,Month-to-month,Yes,Bank transfer (automatic),79.9,2827.04,No
9361-AFCQL,Male,0,Yes,No,20,Yes,Yes,No,No internet service,No internet service,No internet service,No internet service,No internet service,No internet service,Month-to-month,No,Mailed check,30.31,631.83,Yes
2198-YOGYS,Male,0,No,No,50,Yes,Yes,DSL,Yes,Yes,No,Yes,Yes,No,Two year,Yes,Mailed check,68.53,3580.57,No
2168-VBXKH,Male,0,No,Yes,15,Yes,No,DSL,Yes,No,No,Yes,No,No,Month-to-month,Yes,Electronic check,52.49,793.83,No
1481-YOPWN,Male,0,Yes,No,29,Yes,No,DSL,No,No,Yes,Yes,No,No,Month-to-month,Yes,Mailed check,51.6,1553.95,No
3608-UNGVV,Male,0,No,Yes,39,No,No phone service,Fiber optic,No,Yes,Yes,Yes,Yes,No,Two year,Yes,Credit card (automatic),75.45,2936.33,No
3225-QXUFW,Female,0,Yes,No,62,Yes,Yes,Fiber optic,No,No,No,Yes,No,No,Two year,Yes,Electronic check,93.89,6102.41,No
1507-QNASH,Male,0,No,No,4,Yes,Yes,No,No internet service,No internet service,No internet service,No internet service,No internet service,No internet service,Month-to-month,Yes,Credit card (automatic),26.08,105.58,No
8669-WPQBX,Male,0,No,Yes,72,Yes,No,No,No internet service,No internet service,No internet service,No internet service,No internet service,No internet service,Month-to-month,No,Credit card (automatic),26.81,1927.21,No
7133-JCNXW,Female,0,No,No,68,Yes,No,DSL,No,Yes,No,Yes,Yes,Yes,Month-to-month,No,Bank transfer (automatic),58.55,3908.54,No
1887-TCJLA,Female,1,Yes,Yes,62,Yes,Yes,No,No internet service,No internet service,No internet service,No internet service,No internet service,No internet service,Two year,Yes,Electronic check,27.89,1720.53,No
2235-WQUOL,Male,0,Yes,No,42,Yes,Yes,DSL,No,No,No,Yes,Yes,Yes,Two year,No,Mailed check,60.86,2481.17,No
1163-OUFMK,Female,0,Yes,Yes,11,Yes,Yes,DSL,Yes,Yes,Yes,Yes,No,Yes,Month-to-month,Yes,Bank transfer (automatic),51.8,545.27,Yes
8837-ECFEW,Female,0,No,No,10,Yes,No,Fiber optic,Yes,Yes,No,No,No,No,Month-to-month,Yes,Mailed check,69.38,702.24,No
3345-JGVRM,Male,0,No,No,36,Yes,Yes,Fiber optic,No,Yes,No,Yes,Yes,No,One year,No,Electronic check,90.62,3160.82,No
8189-BRJJE,Male,0,No,No,72,Yes,Yes,No,No internet service,No internet service,No internet service,No internet service,No internet service,No internet service,Two year,Yes,Mailed check,18.25,1257.29,No
1873-SWXGT,Male,0,No,No,25,Yes,Yes,No,No internet service,No internet service,No internet service,No internet service,No internet service,No internet service,Month-to-month,No,Electronic check,22.0,566.85,No
2000-UOWBU,Male,0,Yes,No,72,Yes,No,Fiber optic,Yes,Yes,No,No,Yes,Yes,Two year,No,Credit card (automatic),79.5,5516.31,No
5203-OOSPK,Male,0,Yes,No,66,Yes,Yes,No,No internet service,No internet service,No internet service,No internet service,No internet service,No internet service,Two year,Yes,Electronic check,23.62,1514.77,No
4917-BSSOS,Female,0,No,No,2,Yes,No,DSL,Yes,No,No,No,Yes,Yes,Month-to-month,No,Bank transfer (automatic),59.59,115.64,No
3420-FYYWB,Male,0,No,No,34,Yes,No,DSL,No,No,Yes,No,Yes,Yes,Month-to-month,Yes,Bank transfer (automatic),68.21,2389.42,No
5938-TAZUI,Female,0,No,No,19,Yes,No,Fiber optic,No,Yes,Yes,Yes,No,No,Month-to-month,Yes,Credit card (automatic),85.01,1541.88,No
5557-XWVZT,Male,0,No,No,35,No,No phone service,No,No internet service,No internet service,No internet service,No internet service,No internet service,No internet service,Two year,Yes,Electronic check,27.88,1015.21,No
9417-YARIM,Female,0,No,No,0,Yes,Yes,Fiber optic,No,Yes,Yes,No,No,Yes,Month-to-month,No,Electronic check,80.42, ,Yes
2509-RVKSI,Male,0,No,No,54,No,No phone service,Fiber optic,No,No,No,Yes,No,No,Two year,No,Bank transfer (automatic),76.95,4130.39,No
7744-CWJNU,Male,0,No,Yes,72,Yes,Yes,No,No internet service,No internet service,No internet service,No internet service,No internet service,No internet service,Two year,Yes,Bank transfer (automatic),18.25,1288.31,No
1268-YPZOF,Male,1,Yes,Yes,25,Yes,No,Fiber optic,No,No,Yes,No,No,Yes,One year,No,Credit card (automatic),80.43,2046.66,Yes
6240-OXOKE,Male,0,Yes,No,0,Yes,Yes,Fiber optic,Yes,Yes,No,Yes,Yes,Yes,Month-to-month,No,Bank transfer (automatic),85.65, ,No
3933-PJJAY,Female,0,Yes,No,16,Yes,No,No,No internet service,No internet service,No internet service,No internet service,No internet service,No internet service,Month-to-month,No,Mailed check,18.25,282.57,No
8529-GDVVX,Female,0,Yes,Yes,20,Yes,No,DSL,Yes,No,No,Yes,Yes,No,Month-to-month,Yes,Bank transfer (automatic),61.97,1213.71,Yes
5926-TSFNG,Female,0,No,Yes,6,Yes,Yes,Fiber optic,Yes,Yes,Yes,No,No,Yes,Month-to-month,Yes,Mailed check,75.2,436.66,Yes
7784-ZBBGD,Female,1,Yes,No,26,Yes,Yes,No,No internet service,No internet service,No internet service,No internet service,No internet service,No internet service,One year,No,Electronic check,20.62,518.04,No
1081-ZPUOT,Male,0,No,No,4,Yes,No,Fiber optic,Yes,Yes,No,No,No,No,Month-to-month,No,Credit card (automatic),89.2,351.67,Yes
7174-EDMJV,Female,0,No,No,21,Yes,No,No,No internet service,No internet service,No internet service,No internet service,No internet service,No internet service,Month-to-month,No,Bank transfer (automatic),18.95,384.11,No
3755-INFWA,Male,0,Yes,Yes,66,Yes,Yes,Fiber optic,No,No,No,No,Yes,No,One year,Yes,Mailed check,78.03,5348.71,Yes
8627-QXHXW,Female,0,Yes,Yes,26,Yes,No,DSL,No,Yes,No,Yes,No,No,Month-to-month,Yes,Electronic check,64.56,1752.57,No
5109-HFDPY,Female,0,No,Yes,60,Yes,Yes,Fiber optic,No,Yes,Yes,No,Yes,Yes,Two year,No,Bank transfer (automatic),83.68,4976.84,No
6090-ZTRSY,Male,0,No,Yes,29,Yes,Yes,Fiber optic,Yes,Yes,No,Yes,Yes,Yes,One year,Yes,Electronic check,73.14,2149.36,No
8721-EPLWF,Male,0,Yes,No,5,No,No phone service,Fiber optic,No,Yes,No,Yes,Yes,No,Month-to-month,Yes,Electronic check,75.91,387.69,Yes
8378-MYUIV,Female,0,Yes,Yes,70,Yes,No,Fiber optic,Yes,Yes,Yes,No,Yes,No,Two year,No,Electronic check,80.56,5754.82,No
2686-ANKDZ,Male,0,No,No,27,Yes,No,DSL,Yes,No,Yes,Yes,No,Yes,Month-to-month,No,Bank transfer (automatic),59.9,1646.24,No
1351-PGHFK,Female,0,No,Yes,18,Yes,No,Fiber optic,No,Yes,Yes,Yes,No,Yes,Month-to-month,No,Credit card (automatic),83.72,1482.97,Yes
7005-ISLUL,Male,0,No,No,27,Yes,Yes,DSL,Yes,Yes,Yes,Yes,Yes,Yes,Month-to-month,No,Electronic check,56.16,1506.37,Yes
4289-NRMXN,Female,1,No,Yes,31,Yes,No,Fiber optic,No,Yes,No,No,Yes,No,Month-to-month,No,Mailed check,101.23,3002.26,No
3663-AKBAJ,Female,0,No,Yes,51,Yes,Yes,Fiber optic,No,Yes,Yes,Yes,No,No,Two year,No,Electronic check,80.82,4077.18,No
3612-XSUOC,Male,0,No,No,72,Yes,Yes,Fiber optic,No,Yes,Yes,Yes,Yes,No,Two year,No,Credit card (automatic),85.37,6030.42,No
8658-MLPEM,Female,1,No,No,72,Yes,No,Fiber optic,Yes,No,Yes,Yes,Yes,No,Two year,Yes,Bank transfer (automatic),71.25,5183.43,No
6451-SNZZC,Female,1,No,No,14,Yes,No,Fiber optic,No,Yes,No,Yes,No,No,Month-to-month,No,Mailed check,79.25,1152.16,No
1745-NVNFO,Male,1,No,No,25,Yes,No,DSL,Yes,Yes,No,No,Yes,No,Month-to-month,Yes,Mailed check,60.16,1471.61,Yes
9487-ELQKB,Female,0,No,No,4,Yes,No,Fiber optic,No,Yes,Yes,Yes,Yes,No,Month-to-month,No,Electronic check,75.36,304.09,No
7026-TRRRI,Female,0,Yes,No,19,Yes,Yes,No,No internet service,No internet service,No internet service,No internet service,No internet service,No internet service,Month-to-month,No,Electronic check,22.48,446.97,No
1149-ZFVOO,Male,0,Yes,No,20,Yes,No,No,No internet service,No internet service,No internet service,No internet service,No internet service,No internet service,Two year,Yes,Credit card (automatic),26.25,523.73,No
1188-ZNVUD,Female,0,Yes,No,54,Yes,Yes,DSL,No,No,Yes,No,No,No,Month-to-month,No,Bank transfer (automatic),51.65,2761.31,No
9527-PEPQQ,Male,0,Yes,Yes,13,Yes,Yes,DSL,No,No,Yes,No,No,Yes,Month-to-month,No,Credit card (automatic),55.97,731.49,No
3893-YGMVC,Male,0,Yes,Yes,50,Yes,Yes,DSL,No,Yes,Yes,Yes,No,Yes,One year,Yes,Mailed check,60.1,3127.18,No
4631-MUUUJ,Female,0,Yes,Yes,22,Yes,Yes,Fiber optic,Yes,Yes,Yes,Yes,No,No,One year,No,Mailed check,86.89,1828.47,No
5423-AVHMR,Male,0,No,Yes,54,Yes,No,No,No internet service,No internet service,No internet service,No internet service,No internet service,No internet service,Two year,Yes,Mailed check,28.83,1565.59,No
7987-CTJKD,Female,0,Yes,No,57,Yes,No,Fiber optic,No,Yes,No,No,No,Yes,Two year,No,Electronic check,82.99,4623.33,No
7450-MCDSC,Male,0,No,No,22,Yes,Yes,DSL,No,No,No,Yes,No,No,Month-to-month,Yes,Bank transfer (automatic),59.0,1350.13,Yes
5690-SXEHE,Male,0,Yes,Yes,53,Yes,Yes,Fiber optic,No,Yes,No,No,Yes,Yes,Two year,Yes,Bank transfer (automatic),91.37,4689.56,No
8917-PZBSA,Female,1,Yes,Yes,56,Yes,Yes,DSL,No,No,No,No,Yes,No,Two year,Yes,Credit card (automatic),70.42,3887.97,No
1981-LJJBO,Female,1,No,No,72,Yes,Yes,Fiber optic,No,No,No,Yes,Yes,Yes,Two year,Yes,Credit card (automatic),93.47,6520.16,No
4065-ZULTO,Female,0,Yes,No,66,Yes,Yes,Fiber optic,No,No,No,No,Yes,Yes,Two year,No,Mailed check,84.27,5432.42,No
5457-XPMOU,Male,0,Yes,No,39,Yes,Yes,DSL,Yes,Yes,Yes,Yes,Yes,No,One year,Yes,Bank transfer (automatic),58.54,2387.66,No
7672-OEQLY,Female,1,No,No,11,Yes,No,DSL,Yes,Yes,Yes,No,Yes,Yes,Month-to-month,No,Mailed check,60.49,637.77,No
9174-AZXXM,Male,0,Yes,No,67,Yes,No,DSL,No,Yes,No,No,No,Yes,Two year,No,Bank transfer (automatic),53.44,3603.71,No
3434-PWLZG,Female,0,No,Yes,34,Yes,Yes,DSL,Yes,Yes,No,Yes,Yes,Yes,Month-to-month,Yes,Mailed check,56.23,1817.46,No
8676-BVYSQ,Female,0,No,No,64,Yes,Yes,DSL,No,No,No,Yes,Yes,Yes,Two year,Yes,Electronic check,58.21,3702.91,No
4702-WDHDH,Female,0,No,No,46,Yes,No,No,No internet service,No internet service,No internet service,No internet service,No internet service,No internet service,Month-to-month,Yes,Mailed check,27.06,1209.35,No
5709-IKGJM,Male,0,Yes,No,29,Yes,Yes,Fiber optic,No,No,No,No,Yes,Yes,Month-to-month,Yes,Mailed check,87.6,2634.51,Yes
2923-YXWAM,Male,0,No,No,72,Yes,Yes,Fiber optic,Yes,Yes,No,No,Yes,Yes,Two year,Yes,Mailed check,91.6,6380.18,No
8155-JGPAP,Male,0,No,No,1,Yes,No,Fiber optic,No,Yes,Yes,No,No,Yes,Month-to-month,Yes,Mailed check,92.95,92.21,Yes
5062-RRNPA,Male,0,Yes,Yes,23,Yes,No,DSL,No,Yes,Yes,No,No,Yes,Month-to-month,Yes,Electronic check,57.8,1382.84,No
9830-BZZST,Female,0,Yes,No,45,Yes,No,Fiber optic,Yes,Yes,Yes,No,No,Yes,Two year,Yes,Electronic check,84.0,3762.14,No
1269-YNIRN,Male,0,No,Yes,18,No,No phone service,Fiber optic,Yes,No,No,Yes,No,Yes,Month-to-month,No,Credit card (automatic),85.63,1579.47,Yes
4254-IDXRH,Male,0,Yes,Yes,62,Yes,Yes,DSL,No,No,No,Yes,Yes,Yes,Two year,Yes,Electronic check,61.04,3691.82,No
7507-SDEGC,Male,1,Yes,No,53,Yes,Yes,Fiber optic,No,No,Yes,Yes,Yes,Yes,Two year,Yes,Electronic check,76.41,4157.76,No
8405-EVNDV,Male,0,No,Yes,14,Yes,No,DSL,Yes,Yes,Yes,Yes,No,No,Month-to-month,No,Bank transfer (automatic),66.04,936.22,Yes
2561-ZAQIN,Female,0,Yes,No,72,Yes,Yes,Fiber optic,Yes,No,Yes,No,No,Yes,One year,Yes,Electronic check,79.81,5757.0,No
8556-UHBHV,Male,0,Yes,No,19,Yes,No,DSL,Yes,No,Yes,Yes,No,No,Month-to-month,Yes,Bank transfer (automatic),51.65,976.57,No
5637-TMNBA,Male,0,Yes,No,21,Yes,Yes,Fiber optic,No,No,No,Yes,No,No,Two year,Yes,Mailed check,78.18,1676.84,No
7329-FJJQY,Male,0,No,Yes,11,No,No phone service,Fiber optic,Yes,No,Yes,No,No,No,Month-to-month,Yes,Electronic check,80.95,853.98,Yes
7818-QVNDM,Male,0,No,No,10,Yes,No,Fiber optic,No,Yes,Yes,Yes,Yes,No,Month-to-month,Yes,Bank transfer (automatic),84.4,825.47,No
9800-UJIXC,Male,1,No,Yes,48,Yes,Yes,No,No internet service,No internet service,No internet service,No internet service,No internet service,No internet service,Two year,No,Credit card (automatic),22.08,1036.75,No
9393-RVIQI,Male,0,Yes,No,32,Yes,Yes,Fiber optic,No,Yes,Yes,Yes,Yes,No,Month-to-month,No,Electronic check,97.75,3079.08,Yes
1154-LZGEX,Male,1,No,Yes,55,Yes,No,Fiber optic,No,Yes,No,No,No,No,Two year,Yes,Mailed check,76.02,4328.1,No
9190-WZZXZ,Male,0,Yes,No,34,Yes,Yes,Fiber optic,No,No,No,Yes,Yes,No,Month-to-month,No,Electronic check,79.4,2742.49,No
7700-ILJNS,Female,0,No,Yes,67,Yes,Yes,DSL,No,No,Yes,No,Yes,No,Two year,Yes,Credit card (automatic),58.3,4089.36,No
3175-APZWA,Female,0,No,No,61,Yes,Yes,Fiber optic,No,Yes,Yes,Yes,Yes,Yes,One year,Yes,Mailed check,74.87,4459.54,No
6387-NLRLX,Female,0,No,No,42,Yes,No,No,No internet service,No internet service,No internet service,No internet service,No internet service,No internet service,One year,No,Credit card (automatic),22.77,999.01,No
9168-QLPXH,Female,0,Yes,No,28,Yes,Yes,DSL,Yes,Yes,No,Yes,Yes,No,Month-to-month,Yes,Mailed check,50.5,1386.57,No
8816-PBTFN,Female,1,Yes,No,72,Yes,Yes,Fiber optic,Yes,Yes,Yes,Yes,Yes,No,One year,No,Credit card (automatic),86.79,6100.13,No
9552-USBWI,Female,1,No,No,12,No,No phone service,DSL,Yes,Yes,No,Yes,Yes,No,Month-to-month,Yes,Credit card (automatic),56.32,670.43,No
1451-YEIDQ,Male,0,Yes,Yes,12,Yes,Yes,No,No internet service,No internet service,No internet service,No internet service,No internet service,No internet service,One year,Yes,Electronic check,26.2,306.93,No
8809-NWYWE,Female,1,No,No,70,Yes,No,No,No internet service,No internet service,No internet service,No internet service,No internet service,No internet service,Two year,No,Mailed check,32.71,2325.15,No
2853-HQWIR,Male,1,Yes,No,39,Yes,Yes,Fiber optic,No,No,Yes,Yes,Yes,No,One year,Yes,Credit card (automatic),82.77,3188.74,No
2685-OUKEK,Male,1,No,Yes,9,Yes,No,DSL,No,No,Yes,Yes,No,Yes,Month-to-month,Yes,Electronic check,50.17,462.37,No
7858-YQRKY,Female,0,No,No,52,Yes,Yes,Fiber optic,Yes,Yes,Yes,No,No,No,Two year,Yes,Credit card (automatic),80.61,4164.94,No
8828-ZWOYP,Female,0,Yes,Yes,24,No,No phone service,DSL,Yes,Yes,Yes,Yes,No,No,One year,No,Mailed check,59.65,1481.46,Yes
6413-REVJR,Female,1,No,No,72,Yes,Yes,No,No internet service,No internet service,No internet service,No internet service,No internet service,No internet service,Two year,No,Electronic check,20.14,1469.33,No
8597-CHYJR,Male,0,Yes,Yes,72,Yes,Yes,No,No internet service,No internet service,No internet service,No internet service,No internet service,No internet service,Two year,No,Bank transfer (automatic),25.83,1783.13,No
6054-WNLAM,Female,0,Yes,No,9,Yes,No,Fiber optic,Yes,Yes,No,Yes,No,Yes,Month-to-month,Yes,Mailed check,78.34,672.35,Yes
6265-RUULC,Female,0,Yes,No,6,Yes,Yes,Fiber optic,Yes,No,No,No,Yes,No,Month-to-month,No,Electronic check,77.93,459.8,Yes
3288-KZUXZ,Male,0,Yes,No,27,Yes,Yes,DSL,No,No,Yes,Yes,Yes,Yes,Month-to-month,Yes,Electronic check,60.32,1564.41,Yes
2198-AOGWM,Male,0,No,Yes,33,Yes,No,DSL,No,No,No,Yes,Yes,No,One year,Yes,Bank transfer (automatic),66.27,2264.92,No
1084-FIAIO,Female,0,No,No,8,Yes,No,No,No internet service,No internet service,No internet service,No internet service,No internet service,No internet service,Month-to-month,No,Credit card (automatic),21.58,175.7,No
9038-QCKTJ,Female,0,Yes,Yes,30,Yes,No,DSL,Yes,No,Yes,Yes,Yes,Yes,One year,Yes,Credit card (automatic),67.74,1997.46,No
6067-ZDMPU,Female,0,No,Yes,31,Yes,No,DSL,No,No,Yes,No,Yes,No,Month-to-month,No,Credit card (automatic),59.11,1863.46,No
8530-HMVVV,Female,0,No,Yes,13,Yes,No,DSL,Yes,Yes,No,Yes,No,Yes,One year,No,Credit card (automatic),57.17,771.19,No
7007-GJRGR,Male,0,No,No,31,Yes,No,Fiber optic,No,No,Yes,No,Yes,No,Month-to-month,No,Bank transfer (automatic),77.6,2369.96,Yes
5634-LJUMH,Female,0,No,Yes,14,No,No phone service,DSL,No,Yes,No,Yes,No,No,Month-to-month,Yes,Electronic check,55.45,795.99,No
4455-MQZIE,Female,0,Yes,No,4,Yes,Yes,DSL,No,No,No,Yes,No,Yes,Month-to-month,Yes,Credit card (automatic),60.24,234.49,No
9800-DXDJZ,Female,0,No,Yes,12,Yes,No,DSL,Yes,Yes,No,Yes,No,No,One year,No,Electronic check,57.6,694.02,No
2491-EPEAS,Male,1,Yes,No,24,Yes,No,Fiber optic,No,Yes,No,Yes,Yes,Yes,Month-to-month,No,Credit card (automatic),76.93,1822.75,Yes
9633-TZNPZ,Male,0,Yes,No,21,Yes,No,No,No internet service,No internet service,No internet service,No internet service,No internet service,No internet service,One year,No,Bank transfer (automatic),18.25,384.0,No
5532-BGQWP,Male,0,No,Yes,14,Yes,Yes,DSL,No,No,No,No,No,No,Month-to-month,No,Mailed check,58.04,778.76,No
4650-IRXHO,Male,0,No,No,24,No,No phone service,Fiber optic,Yes,No,No,Yes,No,No,One year,Yes,Mailed check,77.83,1942.58,No
4846-GKCNC,Male,0,Yes,No,3,Yes,Yes,Fiber optic,No,Yes,No,Yes,Yes,Yes,Month-to-month,No,Electronic check,91.57,284.46,Yes
5266-XDGSX,Male,0,Yes,Yes,28,Yes,No,Fiber optic,No,Yes,Yes,Yes,Yes,No,Month-to-month,No,Electronic check,83.12,2326.81,No
9599-DGZNV,Female,0,Yes,No,63,Yes,No,Fiber optic,No,Yes,Yes,Yes,No,Yes,Two year,Yes,Electronic check,89.43,5461.59,No
1129-DFCXU,Male,0,No,No,62,Yes,No,Fiber optic,Yes,No,No,Yes,Yes,Yes,Two year,No,Bank transfer (automatic),79.21,4690.52,No
4512-CCGSU,Female,0,Yes,No,33,Yes,No,DSL,Yes,No,No,Yes,Yes,No,Month-to-month,Yes,Bank transfer (automatic),54.27,1813.43,Yes
5853-XYTCX,Female,0,Yes,Yes,25,Yes,No,No,No internet service,No internet service,No internet service,No internet service,No internet service,No internet service,Month-to-month,Yes,Bank transfer (automatic),18.25,457.18,No
9174-OPUPI,Male,0,No,No,72,Yes,Yes,DSL,No,No,No,Yes,No,No,Two year,Yes,Bank transfer (automatic),58.04,4028.98,No
7272-UDREO,Male,0,No,No,55,Yes,Yes,Fiber optic,No,Yes,Yes,Yes,Yes,No,Two year,No,Electronic check,89.19,4794.46,No
1970-ZRMNQ,Female,0,Yes,No,1,Yes,Yes,DSL,Yes,Yes,No,Yes,Yes,Yes,Month-to-month,No,Electronic check,47.16,46.81,No
2121-NSGMI,Male,0,Yes,No,72,Yes,Yes,Fiber optic,Yes,No,Yes,Yes,Yes,Yes,Two year,No,Mailed check,82.39,6085.48,No
2448-ZPKIR,Male,0,No,No,18,Yes,No,Fiber optic,Yes,No,Yes,Yes,Yes,Yes,Month-to-month,Yes,Credit card (automatic),87.09,1496.78,No
1973-OFXUT,Female,0,No,No,18,Yes,Yes,DSL,Yes,No,No,Yes,No,No,Month-to-month,Yes,Credit card (automatic),52.78,955.09,Yes
2312-CLJSS,Female,0,Yes,Yes,24,No,No phone service,DSL,Yes,No,Yes,Yes,No,No,Month-to-month,Yes,Bank transfer (automatic),58.19,1384.55,No
4574-EINGI,Male,0,Yes,Yes,72,Yes,No,DSL,No,Yes,No,Yes,Yes,Yes,One year,Yes,Bank transfer (automatic),55.52,4180.16,No
3166-BPZYY,Female,0,No,No,60,Yes,No,Fiber optic,No,No,No,No,Yes,Yes,One year,Yes,Electronic check,92.86,5430.26,No
6929-TBFSZ,Male,0,Yes,No,22,Yes,No,Fiber optic,No,Yes,No,Yes,No,No,One year,Yes,Bank transfer (automatic),75.81,1690.24,No
9173-QCZIB,Female,0,No,No,1,Yes,Yes,Fiber optic,No,Yes,Yes,No,No,No,Month-to-month,Yes,Mailed check,88.56,85.22,Yes
7913-EHRZX,Female,0,Yes,No,26,Yes,No,Fiber optic,No,No,No,No,No,No,Month-to-month,Yes,Mailed check,70.06,1881.55,No
2472-EVICP,Female,1,Yes,No,1,Yes,Yes,DSL,Yes,No,No,Yes,No,Yes,Month-to-month,Yes,Bank transfer (automatic),65.29,62.7,No
6912-ZMUNY,Male,0,Yes,No,33,No,No phone service,Fiber optic,Yes,No,Yes,Yes,No,Yes,Month-to-month,No,Bank transfer (automatic),76.66,2624.5,Yes
5385-RZWKN,Male,0,No,Yes,32,Yes,No,Fiber optic,Yes,No,No,Yes,Yes,Yes,Month-to-month,Yes,Bank transfer (automatic),85.45,2672.83,No
6333-DGSBP,Female,0,Yes,Yes,22,Yes,Yes,Fiber optic,Yes,Yes,Yes,No,Yes,No,One year,Yes,Bank transfer (automatic),73.32,1604.22,No
5362-MVHUU,Male,0,No,No,2,Yes,No,No,No internet service,No internet service,No internet service,No internet service,No internet service,No internet service,Month-to-month,No,Mailed check,22.22,42.98,No
9931-VNJUY,Female,0,No,No,27,Yes,No,DSL,No,Yes,No,Yes,No,Yes,Two year,No,Electronic check,64.45,1713.28,No
3526-JMCIE,Female,0,No,No,72,Yes,No,Fiber optic,Yes,Yes,No,No,No,Yes,Two year,Yes,Mailed check,82.4,5833.16,No
7950-MPCOS,Male,0,Yes,Yes,12,Yes,No,DSL,Yes,No,No,Yes,Yes,Yes,Month-to-month,No,Bank transfer (automatic),55.65,666.09,No
7203-UCOMX,Female,0,No,No,44,Yes,Yes,DSL,Yes,Yes,No,No,Yes,No,Two year,Yes,Electronic check,68.53,2953.51,No
7214-YALSC,Male,0,No,Yes,13,Yes,Yes,DSL,Yes,Yes,No,No,No,Yes,Month-to-month,Yes,Mailed check,60.21,754.42,No
6860-GBRLK,Female,0,No,No,32,Yes,Yes,DSL,Yes,Yes,No,Yes,Yes,Yes,Month-to-month,No,Electronic check,64.98,2070.16,Yes
3929-RQRUP,Male,0,Yes,Yes,53,Yes,No,Fiber optic,No,Yes,No,Yes,Yes,Yes,One year,Yes,Mailed check,73.83,3728.88,No
1673-EZHLJ,Female,0,No,Yes,68,Yes,No,Fiber optic,Yes,Yes,No,Yes,Yes,Yes,Two year,No,Credit card (automatic),81.38,5263.94,No
9911-VMROQ,Male,0,No,No,18,Yes,No,DSL,Yes,Yes,Yes,No,No,Yes,Month-to-month,No,Credit card (automatic),55.0,1009.43,No
9584-RCNVB,Male,1,No,Yes,6,Yes,No,DSL,Yes,Yes,No,No,No,Yes,Month-to-month,No,Mailed check,56.73,344.02,No
4213-FSDQB,Female,1,No,No,38,Yes,Yes,DSL,Yes,No,No,Yes,No,Yes,Two year,Yes,Electronic check,73.82,2764.17,No
9314-IKUJC,Male,1,No,No,43,Yes,Yes,No,No internet service,No internet service,No internet service,No internet service,No internet service,No internet service,Month-to-month,Yes,Mailed check,29.6,1268.31,No
9142-CMDSH,Male,0,Yes,No,72,Yes,Yes,No,No internet service,No internet service,No internet service,No internet service,No internet service,No internet service,Two year,Yes,Credit card (automatic),24.38,1764.55,No
9389-FRACH,Male,0,No,Yes,9,Yes,Yes,DSL,Yes,No,Yes,No,Yes,No,Month-to-month,No,Mailed check,57.93,506.33,No
8953-ZPIIF,Male,0,No,No,20,Yes,No,No,No internet service,No internet service,No internet service,No internet service,No internet service,No internet service,Two year,No,Mailed check,18.25,377.54,No
4064-MRFAO,Female,0,No,Yes,3,Yes,No,DSL,Yes,Yes,Yes,No,No,No,Month-to-month,No,Mailed check,53.17,161.23,No
3184-KSXNY,Male,0,No,No,13,Yes,Yes,Fiber optic,Yes,Yes,No,No,Yes,Yes,Two year,Yes,Bank transfer (automatic),86.91,1133.58,No
3421-SZFTM,Female,0,No,No,49,Yes,Yes,Fiber optic,Yes,No,Yes,Yes,No,Yes,Two year,Yes,Credit card (automatic),81.68,3980.48,No
8925-HYUSA,Female,1,No,No,70,No,No phone service,Fiber optic,No,No,Yes,No,No,Yes,Two year,Yes,Mailed check,75.14,5026.0,No
1743-RMIVM,Female,0,Yes,No,7,No,No phone service,DSL,Yes,Yes,Yes,No,Yes,No,Month-to-month,Yes,Bank transfer (automatic),40.54,294.04,No
5130-IZJGR,Male,0,Yes,No,14,Yes,Yes,Fiber optic,Yes,No,Yes,Yes,Yes,No,Month-to-month,Yes,Electronic check,81.67,1128.37,No
1306-POGTB,Female,0,Yes,No,3,Yes,Yes,No,No internet service,No internet service,No internet service,No internet service,No internet service,No internet service,Month-to-month,No,Bank transfer (automatic),40.76,125.09,No
9834-WEMFQ,Female,0,No,No,72,Yes,No,DSL,Yes,No,No,No,No,No,Two year,No,Bank transfer (automatic),63.74,4715.01,No
4172-MYQWQ,Male,1,Yes,No,15,Yes,No,DSL,No,No,Yes,No,Yes,No,Month-to-month,No,Bank transfer (automatic),57.15,833.56,No
5269-ACNNN,Male,1,No,No,20,Yes,No,No,No internet service,No internet service,No internet service,No internet service,No internet service,No internet service,Month-to-month,Yes,Credit card (automatic),26.03,527.47,Yes
8608-CRTQG,Male,0,No,No,20,Yes,No,DSL,No,No,Yes,No,No,No,Month-to-month,Yes,Mailed check,55.99,1077.08,Yes
4657-BEUQW,Male,0,Yes,No,46,Yes,No,DSL,Yes,Yes,No,No,Yes,No,One year,Yes,Mailed check,71.08,3181.67,No
7224-GVREA,Male,0,Yes,Yes,39,Yes,No,Fiber optic,No,No,Yes,No,No,Yes,One year,No,Credit card (automatic),88.54,3485.79,No
7873-SCMXU,Male,0,Yes,No,15,Yes,Yes,Fiber optic,No,Yes,No,Yes,No,Yes,Month-to-month,No,Credit card (automatic),84.59,1298.47,No
8353-KDJRV,Male,0,No,No,47,Yes,Yes,Fiber optic,No,Yes,Yes,No,No,Yes,One year,Yes,Bank transfer (automatic),78.98,3606.92,No
6795-BPEPK,Female,0,Yes,Yes,72,No,No phone service,DSL,No,No,No,No,Yes,Yes,Month-to-month,No,Credit card (automatic),59.25,4137.25,No
5796-PQAZO,Female,0,Yes,No,72,Yes,No,Fiber optic,No,Yes,Yes,No,Yes,Yes,Two year,No,Mailed check,85.63,6388.94,No
5563-JCQJX,Male,0,Yes,No,53,Yes,No,No,No internet service,No internet service,No internet service,No internet service,No internet service,No internet service,Two year,Yes,Mailed check,28.24,1525.18,No
6921-LAOVM,Female,0,No,No,24,Yes,No,No,No internet service,No internet service,No internet service,No internet service,No internet service,No internet service,Month-to-month,Yes,Credit card (automatic),28.36,674.29,No
6851-DKULX,Female,0,Yes,No,17,Yes,Yes,DSL,Yes,No,No,Yes,No,No,Month-to-month,No,Electronic check,59.45,1023.74,Yes
4684-VQYNM,Female,0,No,No,42,Yes,Yes,No,No internet service,No internet service,No internet service,No internet service,No internet service,No internet service,One year,No,Electronic check,18.25,799.88,No
4181-QZEYZ,Female,0,No,Yes,72,Yes,Yes,Fiber optic,No,Yes,Yes,No,Yes,Yes,Two year,Yes,Bank transfer (automatic),83.8,6308.94,Yes
7920-PWGQU,Male,1,Yes,Yes,67,Yes,No,DSL,Yes,Yes,Yes,Yes,No,Yes,Two year,Yes,Electronic check,56.9,3687.25,No
8246-PKYRU,Female,0,No,Yes,10,Yes,Yes,No,No internet service,No internet service,No internet service,No internet service,No internet service,No internet service,Month-to-month,Yes,Electronic check,18.25,179.62,No
6609-WMOUN,Female,1,Yes,No,18,Yes,No,DSL,Yes,No,Yes,No,Yes,No,Month-to-month,Yes,Mailed check,49.33,886.26,No
3204-TJCJB,Male,0,Yes,No,14,Yes,Yes,DSL,No,Yes,No,Yes,No,Yes,Month-to-month,No,Credit card (automatic),58.64,851.41,Yes
8903-ZGXSY,Female,0,No,No,6,Yes,No,DSL,Yes,Yes,No,Yes,No,Yes,Month-to-month,Yes,Electronic check,52.4,305.6,Yes
2464-BXHPX,Male,0,Yes,No,61,Yes,Yes,Fiber optic,Yes,Yes,No,Yes,Yes,No,Two year,No,Electronic check,72.59,4406.09,No
4085-CULAI,Male,0,No,No,61,Yes,Yes,Fiber optic,Yes,Yes,No,Yes,No,No,Two year,Yes,Credit card (automatic),88.35,5155.94,No
5769-WFNEH,Female,0,No,Yes,28,Yes,Yes,No,No internet service,No internet service,No internet service,No internet service,No internet service,No internet service,Month-to-month,Yes,Credit card (automatic),31.72,873.22,Yes
3374-NRCBT,Female,0,No,Yes,0,Yes,Yes,Fiber optic,No,No,No,Yes,No,Yes,Month-to-month,No,Mailed check,87.65, ,No
3645-QBPXL,Male,0,No,No,50,Yes,No,Fiber optic,Yes,No,No,Yes,No,Yes,One year,Yes,Credit card (automatic),89.95,4669.4,Yes
6200-HHBMY,Female,0,No,No,11,Yes,No,Fiber optic,No,Yes,No,Yes,No,No,Month-to-month,No,Mailed check,75.38,806.74,Yes
2044-KVMTJ,Male,0,No,No,46,Yes,Yes,DSL,No,Yes,Yes,No,Yes,No,One year,Yes,Bank transfer (automatic),58.92,2695.51,No
6422-ZPUSC,Male,0,Yes,No,45,Yes,No,Fiber optic,No,No,No,No,Yes,No,One year,Yes,Electronic check,82.96,3737.57,No
2443-PJMMU,Male,0,No,No,20,Yes,Yes,No,No internet service,No internet service,No internet service,No internet service,No internet service,No internet service,One year,No,Electronic check,27.09,515.79,No
9916-ZCTSW,Female,1,Yes,No,8,Yes,No,DSL,Yes,Yes,No,Yes,No,No,Month-to-month,Yes,Electronic check,60.37,489.55,No
4840-NLJGQ,Male,0,No,No,35,Yes,Yes,No,No internet service,No internet service,No internet service,No internet service,No internet service,No internet service,One year,Yes,Electronic check,18.25,622.07,No
1150-TVFFN,Male,1,Yes,No,34,Yes,No,Fiber optic,Yes,No,Yes,No,Yes,Yes,One year,No,Bank transfer (automatic),79.27,2715.7,Yes
8616-CLFWW,Female,0,No,No,48,Yes,No,DSL,No,No,Yes,No,Yes,Yes,One year,No,Mailed check,60.49,2965.38,No
1757-DEVXJ,Male,0,No,No,11,Yes,Yes,DSL,Yes,No,No,No,Yes,No,One year,No,Electronic check,57.42,633.93,No
2417-RXXLU,Male,0,Yes,No,56,Yes,Yes,No,No internet service,No internet service,No internet service,No internet service,No internet service,No internet service,Two year,Yes,Credit card (automatic),29.0,1568.6,No
9602-VMGJJ,Male,0,No,Yes,19,Yes,Yes,Fiber optic,Yes,No,Yes,No,Yes,Yes,Month-to-month,Yes,Electronic check,85.66,1553.02,No
9887-TWUMU,Male,0,No,No,21,Yes,No,Fiber optic,No,Yes,No,No,No,No,Month-to-month,Yes,Bank transfer (automatic),93.43,1934.84,Yes
6759-THGEH,Male,0,Yes,No,46,Yes,Yes,DSL,No,Yes,Yes,No,Yes,Yes,Month-to-month,Yes,Electronic check,63.26,2825.91,Yes
9805-YDOYT,Male,0,No,No,22,Yes,No,No,No internet service,No internet service,No internet service,No internet service,No internet service,No internet service,One year,Yes,Mailed check,32.1,685.43,No
6509-PIYCW,Female,1,Yes,No,5,Yes,No,Fiber optic,No,No,No,No,No,Yes,Month-to-month,Yes,Electronic check,78.32,405.83,No
8840-GNXMH,Female,0,No,No,21,Yes,Yes,Fiber optic,Yes,Yes,No,Yes,No,No,Month-to-month,No,Electronic check,91.85,1947.0,Yes
1630-LHWWI,Male,0,Yes,No,15,Yes,No,Fiber optic,Yes,Yes,Yes,No,No,Yes,Month-to-month,No,Electronic check,90.71,1352.97,Yes
2894-HKRDZ,Male,0,No,No,53,Yes,Yes,DSL,No,Yes,Yes,No,No,No,Two year,Yes,Mailed check,58.54,3136.02,No
7301-DISNN,Female,0,No,Yes,51,Yes,No,Fiber optic,No,Yes,Yes,No,No,No,One year,Yes,Credit card (automatic),80.5,4055.63,No
1373-KPTLO,Female,0,Yes,No,16,Yes,No,DSL,No,No,Yes,No,Yes,No,Month-to-month,No,Electronic check,58.22,922.36,No
2997-USTRZ,Female,0,No,Yes,10,Yes,No,DSL,Yes,Yes,No,No,No,Yes,Month-to-month,Yes,Mailed check,50.63,489.75,No
8917-VIBAU,Male,0,Yes,No,2,Yes,No,No,No internet service,No internet service,No internet service,No internet service,No internet service,No internet service,Month-to-month,Yes,Mailed check,19.48,39.44,Yes
9090-QSCOP,Female,0,No,No,56,Yes,No,DSL,No,No,No,No,Yes,Yes,Two year,Yes,Credit card (automatic),62.94,3463.46,No
2409-TIFSL,Male,0,No,Yes,51,Yes,Yes,DSL,Yes,Yes,Yes,Yes,Yes,No,Two year,Yes,Electronic check,67.31,3304.38,No
5823-OQKVW,Male,0,Yes,Yes,44,Yes,No,DSL,Yes,No,No,Yes,Yes,Yes,Two year,No,Electronic check,65.07,2774.87,No
5353-EHUGU,Female,0,Yes,Yes,14,Yes,No,Fiber optic,Yes,No,No,No,No,No,Month-to-month,Yes,Electronic check,77.06,1085.31,Yes
6958-LDOSD,Male,0,No,No,60,Yes,Yes,DSL,Yes,No,Yes,No,Yes,Yes,Two year,No,Mailed check,67.26,4037.38,No
8423-FKNTF,Male,0,Yes,Yes,20,Yes,No,Fiber optic,Yes,Yes,No,Yes,Yes,No,Month-to-month,Yes,Electronic check,88.92,1706.18,No
4022-UIQKB,Male,1,No,No,26,Yes,No,Fiber optic,Yes,Yes,Yes,No,Yes,Yes,One year,Yes,Credit card (automatic),84.6,2191.87,No
5629-JGWUH,Female,0,No,No,44,Yes,Yes,Fiber optic,No,Yes,No,No,No,Yes,Month-to-month,No,Electronic check,90.63,3951.92,No
5714-SBCOY,Male,0,No,No,32,Yes,Yes,No,No internet service,No internet service,No internet service,No internet service,No internet service,No internet service,Month-to-month,No,Credit card (automatic),39.4,1309.46,No
9346-LSMXO,Male,0,Yes,No,10,Yes,No,DSL,No,No,No,Yes,Yes,Yes,Month-to-month,No,Bank transfer (automatic),58.78,602.95,Yes
9020-JYSTA,Male,1,No,No,1,Yes,No,DSL,No,Yes,Yes,Yes,Yes,Yes,Month-to-month,No,Mailed check,57.77,56.77,Yes
8256-EYEVQ,Female,0,No,No,52,No,No phone service,DSL,Yes,No,No,Yes,Yes,No,Two year,No,Mailed check,51.7,2565.4,No
4532-XKBBW,Female,0,No,No,60,Yes,No,No,No internet service,No internet service,No internet service,No internet service,No internet service,No internet service,One year,No,Credit card (automatic),22.72,1378.65,No
4459-VABZD,Female,1,No,No,64,Yes,Yes,Fiber optic,No,No,No,Yes,Yes,No,Two year,Yes,Mailed check,88.1,5786.93,No
7188-JNCGT,Female,1,No,No,56,Yes,Yes,No,No internet service,No internet service,No internet service,No internet service,No internet service,No internet service,One year,Yes,Mailed check,18.25,1060.15,No
5820-NYKUS,Female,1,No,Yes,19,Yes,No,DSL,Yes,Yes,No,No,Yes,Yes,Month-to-month,No,Bank transfer (automatic),50.97,990.17,Yes
5146-HJWHR,Male,0,Yes,Yes,2,Yes,Yes,Fiber optic,Yes,No,Yes,Yes,No,No,Month-to-month,Yes,Credit card (automatic),85.49,178.89,Yes
2120-JYOVG,Female,0,No,No,29,Yes,Yes,DSL,No,Yes,No,Yes,Yes,Yes,One year,No,Credit card (automatic),58.99,1760.28,No
7850-ZYLRX,Male,1,No,No,1,Yes,No,No,No internet service,No internet service,No internet service,No internet service,No internet service,No internet service,Month-to-month,No,Credit card (automatic),31.51,31.23,Yes
8322-ZANUS,Female,0,Yes,No,16,Yes,Yes,Fiber optic,No,No,Yes,Yes,No,Yes,Month-to-month,Yes,Bank transfer (automatic),74.74,1186.04,No
2381-OECCY,Female,0,No,No,7,Yes,Yes,DSL,Yes,Yes,Yes,Yes,No,Yes,Month-to-month,Yes,Electronic check,57.32,396.95,No
3448-LGXXR,Female,1,No,Yes,48,Yes,Yes,DSL,No,Yes,Yes,No,No,No,One year,Yes,Credit card (automatic),58.69,2890.11,No
8456-CZKKF,Female,0,No,No,61,No,No phone service,Fiber optic,No,Yes,Yes,Yes,Yes,No,One year,No,Bank transfer (automatic),82.31,5031.54,No
8892-EWSUA,Male,0,No,No,72,Yes,No,DSL,No,Yes,Yes,No,Yes,No,Month-to-month,No,Credit card (automatic),59.15,4162.88,No
7645-ZKLCM,Female,0,No,No,71,Yes,Yes,DSL,Yes,No,Yes,No,No,Yes,Two year,Yes,Credit card (automatic),54.89,4022.51,No
7060-HTCRP,Male,0,No,No,70,Yes,No,DSL,Yes,Yes,No,Yes,Yes,No,Two year,Yes,Electronic check,62.44,4270.59,No
3067-IGQQO,Female,0,Yes,No,61,Yes,Yes,Fiber optic,No,No,Yes,Yes,Yes,No,Two year,No,Credit card (automatic),83.04,4947.3,No
2745-FVMLI,Male,0,No,No,11,Yes,Yes,DSL,Yes,Yes,No,Yes,No,Yes,Month-to-month,Yes,Bank transfer (automatic),56.9,606.67,Yes
9369-GTUGA,Female,1,No,Yes,30,Yes,No,Fiber optic,Yes,Yes,No,Yes,Yes,No,Two year,No,Bank transfer (automatic),75.43,2364.34,No
3248-GTNLM,Male,1,Yes,Yes,9,Yes,Yes,Fiber optic,Yes,Yes,No,Yes,Yes,No,Month-to-month,No,Electronic check,88.62,807.15,Yes
9573-YAVJT,Male,0,No,Yes,28,Yes,Yes,DSL,Yes,No,Yes,No,Yes,No,Month-to-month,Yes,Bank transfer (automatic),58.08,1555.91,No
9863-NQLBA,Female,1,No,No,22,Yes,No,Fiber optic,Yes,No,Yes,Yes,No,No,One year,No,Bank transfer (automatic),82.96,1879.13,Yes
4242-VILNI,Female,0,Yes,Yes,57,Yes,Yes,Fiber optic,No,No,Yes,No,No,No,Two year,No,Bank transfer (automatic),86.43,4949.96,No
5408-PWTVN,Male,0,Yes,Yes,5,Yes,No,Fiber optic,Yes,No,No,No,No,Yes,Month-to-month,No,Electronic check,77.15,376.76,Yes
7287-DDXPC,Male,1,Yes,No,24,Yes,No,Fiber optic,Yes,No,Yes,No,No,Yes,Month-to-month,Yes,Credit card (automatic),86.8,2063.23,Yes
4670-ZALVY,Male,1,No,No,6,Yes,Yes,Fiber optic,No,Yes,Yes,No,Yes,No,Month-to-month,No,Electronic check,87.39,546.36,Yes
4317-XSKUU,Female,0,No,Yes,23,Yes,No,Fiber optic,Yes,No,No,No,No,No,One year,Yes,Electronic check,78.7,1803.23,No
3475-CUCUJ,Female,0,Yes,No,59,Yes,No,DSL,Yes,No,Yes,Yes,No,Yes,Two year,No,Credit card (automatic),57.32,3472.9,No
7326-PAAQN,Male,0,Yes,Yes,1,Yes,Yes,No,No internet service,No internet service,No internet service,No internet service,No internet service,No internet service,Month-to-month,Yes,Mailed check,19.98,20.25,No
1392-ZGWDG,Male,0,Yes,Yes,10,Yes,Yes,No,No internet service,No internet service,No internet service,No internet service,No internet service,No internet service,Month-to-month,Yes,Bank transfer (automatic),23.27,233.78,No
5759-NPEGG,Female,0,Yes,No,69,Yes,No,No,No internet service,No internet service,No internet service,No internet service,No internet service,No internet service,Two year,Yes,Credit card (automatic),28.35,1963.87,No
4963-XMZGG,Male,0,No,No,56,No,No phone service,DSL,No,No,Yes,No,Yes,No,Two year,Yes,Electronic check,47.14,2682.14,No
1909-FIJSL,Female,0,No,No,69,Yes,No,Fiber optic,Yes,Yes,Yes,Yes,Yes,Yes,Two year,No,Mailed check,83.0,5964.18,No
7175-CYDAL,Female,0,No,Yes,32,Yes,Yes,No,No internet service,No internet service,No internet service,No internet service,No internet service,No internet service,Month-to-month,Yes,Credit card (automatic),26.39,817.4,No
6860-GEVVT,Female,0,Yes,No,72,Yes,No,No,No internet service,No internet service,No internet service,No internet service,No internet service,No internet service,Two year,Yes,Credit card (automatic),27.88,1950.06,No
2985-NRLEV,Female,0,No,Yes,12,Yes,No,Fiber optic,Yes,No,Yes,Yes,No,No,Month-to-month,No,Credit card (automatic),75.58,882.68,Yes
9444-ESXOB,Male,0,Yes,No,30,No,No phone service,No,No internet service,No internet service,No internet service,No internet service,No internet service,No internet service,Month-to-month,No,Electronic check,18.25,551.56,No
7214-YGDGV,Male,0,Yes,No,5,No,No phone service,Fiber optic,No,No,No,No,Yes,Yes,Month-to-month,No,Mailed check,77.5,401.42,Yes
6014-APVEP,Female,0,No,No,56,Yes,Yes,DSL,Yes,No,Yes,Yes,Yes,Yes,Two year,Yes,Bank transfer (automatic),55.17,3138.9,No
3059-AKURC,Male,0,No,No,5,Yes,No,No,No internet service,No internet service,No internet service,No internet service,No internet service,No internet service,Month-to-month,No,Electronic check,18.25,90.33,No
2672-OIILT,Female,0,No,Yes,72,Yes,No,DSL,No,No,No,No,No,Yes,Two year,No,Electronic check,66.93,4593.87,No
6181-WCMOT,Male,0,No,No,49,Yes,Yes,DSL,No,Yes,Yes,Yes,Yes,No,Two year,Yes,Electronic check,57.96,2848.77,No
5637-XVRKI,Female,0,Yes,No,36,Yes,No,No,No internet service,No internet service,No internet service,No internet service,No internet service,No internet service,Two year,Yes,Electronic check,23.36,842.21,No
5800-MAFVL,Female,1,Yes,No,9,Yes,No,Fiber optic,Yes,No,No,Yes,Yes,Yes,Month-to-month,No,Mailed check,83.17,743.42,Yes
9546-GZUJP,Male,0,No,Yes,35,Yes,Yes,Fiber optic,No,Yes,Yes,No,Yes,No,Month-to-month,No,Bank transfer (automatic),90.58,3218.99,No
9894-QYCEA,Male,0,Yes,Yes,8,Yes,No,No,No internet service,No internet service,No internet service,No internet service,No internet service,No internet service,Month-to-month,No,Electronic check,30.39,233.74,No
3927-UZOKY,Female,0,Yes,No,25,Yes,No,DSL,Yes,No,Yes,No,Yes,No,Month-to-month,No,Credit card (automatic),61.93,1580.73,Yes
6294-NCFSS,Female,0,No,No,20,Yes,Yes,Fiber optic,No,Yes,Yes,No,No,No,Month-to-month,Yes,Bank transfer (automatic),72.14,1411.45,No
5462-SRBVS,Female,0,No,No,34,Yes,Yes,DSL,No,No,No,No,Yes,Yes,One year,No,Bank transfer (automatic),70.22,2412.8,Yes
2974-FYGAA,Female,0,Yes,No,46,Yes,Yes,Fiber optic,Yes,Yes,Yes,Yes,No,Yes,Two year,Yes,Bank transfer (automatic),82.96,3939.79,No
3054-QLTGF,Male,0,No,No,43,Yes,Yes,DSL,No,No,No,Yes,Yes,No,Two year,No,Electronic check,48.05,2001.09,No
4637-UNTCK,Male,0,No,Yes,9,Yes,Yes,Fiber optic,No,No,Yes,No,Yes,No,Month-to-month,No,Mailed check,88.35,787.91,Yes
4936-BIHLE,Female,0,Yes,No,48,Yes,No,Fiber optic,Yes,Yes,Yes,Yes,No,Yes,Month-to-month,Yes,Electronic check,77.0,3747.49,No
3426-YDVOC,Male,1,No,Yes,27,Yes,No,Fiber optic,Yes,Yes,No,No,Yes,Yes,Month-to-month,Yes,Mailed check,78.57,2151.05,Yes
4607-NHGSA,Male,0,Yes,No,59,Yes,Yes,Fiber optic,Yes,No,Yes,No,No,No,Two year,No,Credit card (automatic),78.01,4759.75,No
9353-IJDWF,Male,0,No,No,20,Yes,Yes,Fiber optic,Yes,No,No,Yes,No,No,Month-to-month,Yes,Bank transfer (automatic),67.79,1359.19,Yes
8232-IAKNM,Female,0,Yes,Yes,58,Yes,Yes,No,No internet service,No internet service,No internet service,No internet service,No internet service,No internet service,Month-to-month,Yes,Mailed check,22.71,1343.73,No
9882-NUJDM,Male,0,Yes,No,69,Yes,Yes,Fiber optic,No,No,No,No,No,Yes,Month-to-month,No,Electronic check,88.83,5842.39,No
6038-KTZCB,Male,0,No,No,54,Yes,No,Fiber optic,No,Yes,Yes,Yes,No,No,Two year,No,Mailed check,82.71,4317.77,No
3464-PBFKJ,Male,0,No,Yes,9,No,No phone service,DSL,Yes,Yes,Yes,No,No,Yes,Month-to-month,No,Credit card (automatic),51.73,488.28,No
8617-OWTKZ,Female,0,Yes,No,24,No,No phone service,No,No internet service,No internet service,No internet service,No internet service,No internet service,No internet service,Two year,Yes,Bank transfer (automatic),18.25,437.51,No
8592-MWGFU,Female,0,No,No,48,Yes,No,No,No internet service,No internet service,No internet service,No internet service,No internet service,No internet service,Two year,Yes,Bank transfer (automatic),22.57,1032.6,No
8100-FTNOW,Male,0,Yes,No,71,Yes,No,DSL,No,Yes,No,Yes,No,Yes,Two year,Yes,Bank transfer (automatic),52.6,3563.0,No
2440-KHOED,Male,0,No,Yes,28,Yes,Yes,No,No internet service,No internet service,No internet service,No internet service,No internet service,No internet service,Month-to-month,No,Mailed check,27.54,791.14,No
7264-BKZZE,Male,0,No,No,50,Yes,No,Fiber optic,Yes,No,No,No,Yes,Yes,Two year,Yes,Bank transfer (automatic),87.89,4312.52,No
9342-IFNMJ,Male,0,Yes,No,4,Yes,No,Fiber optic,No,No,Yes,Yes,Yes,Yes,Month-to-month,Yes,Mailed check,88.26,345.01,Yes
4844-CGFYM,Male,0,Yes,Yes,21,Yes,No,DSL,No,Yes,Yes,Yes,No,Yes,Month-to-month,No,Electronic check,64.1,1393.57,No
5915-LXURI,Male,0,No,Yes,42,Yes,No,Fiber optic,No,Yes,Yes,No,No,Yes,Month-to-month,Yes,Mailed check,85.8,3696.86,No
3775-YYHII,Female,1,No,Yes,51,Yes,Yes,Fiber optic,No,No,Yes,No,No,Yes,One year,Yes,Bank transfer (automatic),81.1,4096.39,No
8057-YXVJI,Male,0,Yes,No,26,Yes,No,No,No internet service,No internet service,No internet service,No internet service,No internet service,No internet service,Month-to-month,No,Mailed check,28.33,701.21,No
8999-KFVMC,Male,1,Yes,No,32,Yes,Yes,Fiber optic,Yes,Yes,No,No,No,No,Month-to-month,No,Credit card (automatic),84.76,2836.42,No
9064-HINHV,Male,1,Yes,No,53,Yes,No,Fiber optic,Yes,Yes,No,No,No,No,Two year,Yes,Electronic check,73.54,4056.14,No
7224-OFMHZ,Male,0,No,Yes,3,Yes,Yes,Fiber optic,Yes,No,No,No,Yes,No,Month-to-month,Yes,Bank transfer (automatic),79.68,247.58,Yes
8133-DNUND,Male,0,No,No,11,Yes,No,DSL,Yes,Yes,No,No,Yes,No,Month-to-month,Yes,Bank transfer (automatic),62.51,702.07,Yes
2258-TNOHG,Male,0,No,No,28,Yes,Yes,Fiber optic,Yes,Yes,No,No,Yes,No,Two year,Yes,Credit card (automatic),84.74,2390.44,No
4664-OMWEM,Male,0,Yes,Yes,46,Yes,No,No,No internet service,No internet service,No internet service,No internet service,No internet service,No internet service,Two year,Yes,Credit card (automatic),21.17,1006.14,No
3117-AKBJQ,Female,0,Yes,No,10,Yes,Yes,DSL,No,Yes,No,No,Yes,No,Month-to-month,No,Credit card (automatic),58.27,577.68,Yes
4382-RHKWG,Male,0,Yes,No,5,Yes,Yes,Fiber optic,No,Yes,Yes,Yes,No,No,Month-to-month,No,Credit card (automatic),80.89,410.85,Yes
5507-SJHSB,Male,0,Yes,No,30,Yes,Yes,Fiber optic,No,No,Yes,No,No,No,Month-to-month,No,Electronic check,83.18,2438.9,No
3389-KFOQZ,Female,0,Yes,Yes,6,Yes,No,DSL,No,No,Yes,No,Yes,Yes,Month-to-month,Yes,Mailed check,65.89,414.36,No
6414-PSFMV,Female,1,Yes,Yes,2,Yes,Yes,Fiber optic,Yes,Yes,Yes,Yes,Yes,Yes,Month-to-month,No,Electronic check,93.04,178.31,Yes
2580-HFYJI,Male,0,No,No,11,Yes,No,Fiber optic,No,Yes,Yes,Yes,No,Yes,Month-to-month,Yes,Electronic check,85.46,966.04,No
8337-XAWSW,Male,0,No,No,64,Yes,Yes,No,No internet service,No internet service,No internet service,No internet service,No internet service,No internet service,One year,Yes,Credit card (automatic),18.25,1141.02,No
1780-BIWMS,Male,0,No,No,0,Yes,Yes,Fiber optic,No,Yes,No,No,Yes,No,Month-to-month,Yes,Electronic check,76.99, ,No
3205-IWMUQ,Male,0,Yes,Yes,24,Yes,No,Fiber optic,No,No,No,No,No,No,Month-to-month,Yes,Mailed check,82.55,1946.5,Yes
2579-YYUML,Female,1,No,No,17,Yes,No,No,No internet service,No internet service,No internet service,No internet service,No internet service,No internet service,Month-to-month,No,Bank transfer (automatic),32.68,543.29,No
3679-QIEBL,Male,0,Yes,No,72,Yes,No,DSL,No,No,No,No,Yes,No,Month-to-month,Yes,Mailed check,68.65,5111.82,Yes
8337-UWPWU,Male,0,Yes,Yes,54,Yes,Yes,No,No internet service,No internet service,No internet service,No internet service,No internet service,No internet service,One year,Yes,Credit card (automatic),32.5,1728.02,No
8259-NCJWT,Female,0,Yes,No,38,Yes,Yes,Fiber optic,No,No,Yes,Yes,No,No,One year,Yes,Electronic check,79.7,2981.73,No
1112-CRZTY,Female,1,Yes,No,39,Yes,No,Fiber optic,Yes,No,No,No,Yes,No,Two year,No,Electronic check,81.51,3083.5,No
1597-WDWZN,Male,0,Yes,No,10,Yes,Yes,Fiber optic,No,No,No,Yes,Yes,Yes,Month-to-month,Yes,Electronic check,88.9,869.88,Yes
5792-MOVHH,Female,1,Yes,Yes,5,Yes,No,DSL,Yes,Yes,No,No,No,No,Month-to-month,Yes,Credit card (automatic),46.1,231.12,No
9715-WOFYW,Female,0,No,Yes,44,No,No phone service,No,No internet service,No internet service,No internet service,No internet service,No internet service,No internet service,One year,No,Bank transfer (automatic),18.25,814.13,No
3954-OKVRM,Male,1,No,No,6,Yes,Yes,Fiber optic,Yes,No,No,Yes,Yes,Yes,Month-to-month,Yes,Credit card (automatic),92.27,570.43,Yes
9710-PMYLK,Male,0,Yes,No,20,Yes,Yes,Fiber optic,Yes,Yes,No,Yes,No,No,Month-to-month,Yes,Bank transfer (automatic),85.32,1660.66,Yes
4496-FHCSP,Female,1,No,No,35,Yes,Yes,Fiber optic,No,Yes,Yes,Yes,No,No,One year,Yes,Mailed check,82.42,2828.65,Yes
9392-PCQEA,Female,0,Yes,No,4,Yes,Yes,No,No internet service,No internet service,No internet service,No internet service,No internet service,No internet service,Month-to-month,Yes,Mailed check,26.43,106.79,Yes
6962-AKXGS,Female,0,Yes,No,1,Yes,Yes,DSL,No,No,No,No,Yes,No,Month-to-month,No,Bank transfer (automatic),72.32,73.98,Yes
4389-CFBDE,Male,0,No,No,19,No,No phone service,Fiber optic,Yes,No,No,Yes,Yes,No,Month-to-month,No,Bank transfer (automatic),80.38,1563.74,No
8948-UJSFQ,Female,0,Yes,Yes,15,No,No phone service,No,No internet service,No internet service,No internet service,No internet service,No internet service,No internet service,Month-to-month,No,Bank transfer (automatic),25.76,379.67,No
2821-QJWVI,Male,0,Yes,No,4,Yes,No,No,No internet service,No internet service,No internet service,No internet service,No internet service,No internet service,Month-to-month,No,Credit card (automatic),31.53,130.69,No
1370-IHLOZ,Male,0,Yes,No,14,Yes,No,Fiber optic,Yes,Yes,No,Yes,No,No,Month-to-month,Yes,Credit card (automatic),99.38,1417.19,Yes
1564-OEOQV,Female,1,Yes,No,38,Yes,Yes,Fiber optic,Yes,No,No,No,No,Yes,One year,Yes,Credit card (automatic),82.93,3035.54,No
6039-EXKMQ,Female,0,No,No,17,Yes,Yes,Fiber optic,Yes,No,No,No,Yes,No,Month-to-month,Yes,Bank transfer (automatic),85.74,1487.83,No
3384-ZBEZL,Female,0,Yes,No,14,Yes,Yes,DSL,No,No,No,No,Yes,Yes,Month-to-month,Yes,Bank transfer (automatic),64.39,922.88,Yes
9038-XZSRP,Female,0,No,Yes,29,Yes,Yes,Fiber optic,No,Yes,No,Yes,No,No,Month-to-month,No,Bank transfer (automatic),77.29,2289.99,No
7149-GVEMJ,Female,0,No,No,2,Yes,Yes,Fiber optic,Yes,No,No,Yes,No,Yes,Month-to-month,Yes,Mailed check,93.77,185.81,Yes
7852-GFVMS,Male,0,No,No,0,Yes,No,Fiber optic,No,No,Yes,No,Yes,Yes,Month-to-month,No,Credit card (automatic),81.38, ,Yes
8909-VKEYI,Female,0,No,No,61,Yes,No,No,No internet service,No internet service,No internet service,No internet service,No internet service,No internet service,Two year,No,Electronic check,19.61,1204.41,No
7922-TLEMD,Female,0,Yes,Yes,23,Yes,No,DSL,Yes,No,Yes,No,Yes,Yes,Month-to-month,No,Credit card (automatic),61.59,1347.68,No
4168-JNEVC,Male,0,Yes,No,56,Yes,No,Fiber optic,Yes,Yes,No,Yes,No,No,Two year,Yes,Bank transfer (automatic),75.15,4236.51,No
9869-IMWRB,Male,0,Yes,Yes,65,Yes,No,Fiber optic,Yes,Yes,No,Yes,No,Yes,Two year,Yes,Credit card (automatic),80.88,5202.87,No
6436-OYOZN,Female,0,No,No,72,Yes,Yes,No,No internet service,No internet service,No internet service,No internet service,No internet service,No internet service,Month-to-month,No,Credit card (automatic),27.38,2039.25,No
2730-NXAKB,Male,0,No,Yes,24,Yes,No,DSL,Yes,Yes,Yes,Yes,Yes,No,Month-to-month,Yes,Mailed check,49.91,1222.61,No
8576-NSZVK,Male,0,No,No,14,Yes,No,DSL,No,Yes,No,Yes,Yes,No,Month-to-month,No,Electronic check,61.25,830.55,No
9412-MZZFU,Female,1,No,No,62,No,No phone service,Fiber optic,Yes,Yes,No,Yes,Yes,Yes,Two year,Yes,Credit card (automatic),70.89,4242.07,No
7280-UENDX,Female,0,No,Yes,56,Yes,No,Fiber optic,No,No,No,No,No,Yes,Two year,Yes,Mailed check,83.84,4910.4,No
8859-PDRLU,Female,1,Yes,No,45,Yes,Yes,DSL,No,Yes,No,No,No,No,One year,Yes,Credit card (automatic),61.16,2687.43,No
1893-KJYHZ,Female,0,Yes,No,56,Yes,No,Fiber optic,No,No,No,No,Yes,No,Two year,Yes,Mailed check,82.8,4649.65,No
9297-PEFAU,Male,0,No,Yes,53,Yes,Yes,DSL,No,No,No,Yes,No,No,Two year,Yes,Electronic check,59.74,3177.31,No
7528-ITPVC,Male,0,Yes,Yes,19,Yes,No,No,No internet service,No internet service,No internet service,No internet service,No internet service,No internet service,One year,Yes,Bank transfer (automatic),32.3,638.69,No
2789-UJYWC,Female,0,No,No,51,Yes,Yes,DSL,Yes,Yes,Yes,No,No,No,Two year,No,Mailed check,48.19,2401.97,No
4632-TDWCC,Female,0,Yes,No,14,No,No phone service,DSL,No,No,Yes,Yes,Yes,Yes,Month-to-month,No,Credit card (automatic),54.17,759.57,Yes
5890-GQKHV,Male,0,No,No,23,Yes,No,Fiber optic,No,No,No,No,No,Yes,Month-to-month,No,Credit card (automatic),86.37,1943.81,Yes
2435-MEDFG,Female,0,No,Yes,15,Yes,No,DSL,Yes,No,No,Yes,No,Yes,One year,Yes,Electronic check,70.75,1085.37,No
4707-MDBCQ,Male,0,No,No,55,Yes,Yes,No,No internet service,No internet service,No internet service,No internet service,No internet service,No internet service,One year,No,Mailed check,21.55,1160.45,No
9764-AAUST,Male,0,Yes,No,1,Yes,Yes,Fiber optic,Yes,Yes,Yes,Yes,No,Yes,Month-to-month,Yes,Mailed check,83.05,85.21,Yes
2557-WQEDP,Female,0,No,Yes,72,Yes,Yes,Fiber optic,No,No,Yes,Yes,No,No,Month-to-month,No,Mailed check,91.61,6319.03,No
8010-UPNSD,Male,0,Yes,No,9,Yes,No,DSL,No,Yes,Yes,No,Yes,No,Month-to-month,Yes,Electronic check,58.86,520.64,No
4283-CVPUM,Female,0,Yes,No,14,Yes,Yes,Fiber optic,No,Yes,Yes,Yes,No,No,Month-to-month,No,Mailed check,89.47,1248.8,Yes
9367-YQVRS,Female,0,Yes,No,1,Yes,No,DSL,Yes,Yes,No,No,No,Yes,Month-to-month,Yes,Credit card (automatic),65.17,65.28,No
3224-ZESPC,Female,0,Yes,Yes,12,No,No phone service,DSL,No,No,No,Yes,Yes,No,Month-to-month,No,Electronic check,63.16,746.47,No
7970-CNVDJ,Male,0,Yes,No,31,Yes,No,Fiber optic,Yes,No,Yes,No,Yes,No,Month-to-month,No,Credit card (automatic),79.41,2478.15,No
5574-YJDDF,Male,1,Yes,Yes,28,Yes,No,Fiber optic,No,Yes,No,Yes,No,Yes,Month-to-month,No,Credit card (automatic),79.8,2176.41,Yes
8798-UKWXW,Male,1,Yes,Yes,17,Yes,No,Fiber optic,Yes,Yes,No,Yes,No,No,Month-to-month,Yes,Electronic check,72.51,1204.22,Yes
1040-CSJEQ,Female,0,Yes,No,72,No,No phone service,Fiber optic,No,No,No,No,No,No,Two year,Yes,Electronic check,74.63,5271.26,No
4198-XOGYP,Female,0,Yes,No,59,Yes,Yes,No,No internet service,No internet service,No internet service,No internet service,No internet service,No internet service,One year,Yes,Electronic check,26.74,1582.94,No
3666-DOTVD,Male,0,No,No,47,Yes,Yes,Fiber optic,Yes,No,Yes,No,Yes,No,Month-to-month,Yes,Bank transfer (automatic),90.14,4109.39,Yes
4888-ZRCXR,Female,0,Yes,No,65,Yes,No,Fiber optic,No,Yes,No,No,No,No,One year,No,Credit card (automatic),84.55,5514.04,No
5140-UQGUG,Female,0,No,Yes,41,Yes,No,DSL,Yes,No,No,No,Yes,Yes,Month-to-month,No,Mailed check,63.03,2573.04,Yes
3059-PAQOS,Female,1,No,No,32,Yes,No,Fiber optic,No,Yes,Yes,No,No,No,One year,Yes,Electronic check,77.01,2455.19,No
2433-PLELY,Female,1,Yes,No,40,Yes,No,No,No internet service,No internet service,No internet service,No internet service,No internet service,No internet service,Two year,No,Credit card (automatic),18.25,723.79,No
8417-EWOBX,Female,1,Yes,No,4,Yes,Yes,No,No internet service,No internet service,No internet service,No internet service,No internet service,No internet service,Month-to-month,Yes,Credit card (automatic),32.65,126.88,Yes
5732-XCEXG,Female,0,No,No,16,Yes,No,DSL,No,Yes,No,No,No,No,Month-to-month,Yes,Mailed check,64.07,1040.77,Yes
5943-PYITT,Male,0,Yes,No,72,Yes,Yes,DSL,No,Yes,Yes,No,Yes,Yes,Two year,Yes,Bank transfer (automatic),65.35,4833.34,No
7307-NBGOK,Male,0,No,Yes,21,Yes,No,No,No internet service,No internet service,No internet service,No internet service,No internet service,No internet service,Month-to-month,Yes,Electronic check,18.25,389.83,Yes
2660-RLUOJ,Male,0,No,Yes,72,Yes,Yes,Fiber optic,No,No,No,Yes,No,No,Two year,No,Bank transfer (automatic),78.76,5529.9,No
1979-CNJSQ,Female,0,Yes,No,40,Yes,No,Fiber optic,No,No,Yes,Yes,Yes,Yes,Two year,Yes,Bank transfer (automatic),77.42,3148.29,Yes
3558-TOWYZ,Male,0,No,No,18,Yes,Yes,No,No internet service,No internet service,No internet service,No internet service,No internet service,No internet service,Month-to-month,Yes,Mailed check,22.77,389.74,Yes
2141-NAWSG,Male,1,Yes,No,72,Yes,Yes,DSL,No,Yes,Yes,No,No,Yes,Two year,No,Electronic check,63.94,4431.85,No
6464-OOOZT,Male,0,Yes,Yes,70,Yes,Yes,DSL,No,Yes,No,Yes,Yes,No,Two year,Yes,Electronic check,65.35,4474.66,No
4622-UDHDX,Male,0,Yes,No,31,Yes,Yes,No,No internet service,No internet service,No internet service,No internet service,No internet service,No internet service,Two year,Yes,Electronic check,28.63,896.48,No
1214-XVYTL,Female,0,Yes,Yes,24,No,No phone service,Fiber optic,No,No,Yes,No,Yes,Yes,Month-to-month,Yes,Bank transfer (automatic),73.99,1797.61,No
8303-ZXUTQ,Female,1,No,No,44,Yes,Yes,Fiber optic,Yes,Yes,No,Yes,No,No,Month-to-month,No,Credit card (automatic),82.57,3519.49,Yes
9025-LNVGT,Male,1,Yes,Yes,4,Yes,No,No,No internet service,No internet service,No internet service,No internet service,No internet service,No internet service,Month-to-month,Yes,Electronic check,27.61,113.31,No
1993-PAZVG,Female,0,No,Yes,59,Yes,Yes,Fiber optic,No,Yes,No,No,No,No,One year,Yes,Electronic check,75.35,4553.07,No
2351-QXIYL,Male,0,Yes,No,31,Yes,Yes,DSL,No,No,No,Yes,Yes,Yes,Month-to-month,Yes,Credit card (automatic),57.39,1775.54,No
4975-IHIEJ,Male,0,No,No,9,Yes,Yes,DSL,No,No,No,Yes,No,Yes,Month-to-month,No,Mailed check,59.34,549.86,Yes
3607-BJBES,Female,0,No,No,45,Yes,No,No,No internet service,No internet service,No internet service,No internet service,No internet service,No internet service,Month-to-month,No,Mailed check,26.56,1225.64,No
1226-IRATC,Male,0,No,No,37,Yes,No,No,No internet service,No internet service,No internet service,No internet service,No internet service,No internet service,Month-to-month,Yes,Credit card (automatic),27.3,1029.42,No
1496-FWBCY,Female,1,No,No,46,Yes,No,DSL,Yes,No,Yes,No,Yes,No,Month-to-month,Yes,Bank transfer (automatic),50.31,2407.19,No
6490-OBKON,Female,0,No,No,2,Yes,No,DSL,No,Yes,No,No,No,Yes,Month-to-month,Yes,Mailed check,52.24,100.24,Yes
5691-CZSGZ,Female,0,No,Yes,15,Yes,No,DSL,Yes,No,Yes,No,Yes,Yes,Month-to-month,Yes,Mailed check,52.59,761.94,Yes
3713-DXDBQ,Female,0,No,Yes,66,Yes,No,DSL,Yes,No,Yes,Yes,No,No,One year,Yes,Mailed check,64.35,4229.53,No
3375-DCDYR,Female,0,Yes,No,5,Yes,Yes,DSL,No,No,No,Yes,Yes,Yes,Month-to-month,No,Credit card (automatic),54.41,266.19,Yes
8584-QOFZV,Male,0,Yes,No,14,Yes,No,No,No internet service,No internet service,No internet service,No internet service,No internet service,No internet service,Month-to-month,Yes,Mailed check,21.16,307.05,No
5754-CTIFT,Female,0,Yes,No,21,Yes,Yes,DSL,Yes,Yes,No,Yes,No,Yes,Month-to-month,Yes,Bank transfer (automatic),49.62,1051.07,Yes
8533-PBPXR,Female,1,Yes,Yes,7,Yes,No,DSL,No,No,Yes,No,Yes,No,Month-to-month,No,Credit card (automatic),64.13,456.98,No
3388-QGWVO,Female,0,Yes,Yes,5,Yes,No,No,No internet service,No internet service,No internet service,No internet service,No internet service,No internet service,Month-to-month,No,Credit card (automatic),24.6,128.28,Yes
2217-KDTRG,Male,0,Yes,Yes,43,Yes,No,DSL,Yes,No,No,Yes,Yes,Yes,One year,Yes,Mailed check,71.27,3128.82,Yes
8705-TYHEM,Female,0,No,No,47,Yes,Yes,DSL,No,Yes,No,Yes,Yes,No,One year,No,Credit card (automatic),42.73,2108.37,Yes
3386-TLQEC,Female,0,No,No,25,Yes,Yes,Fiber optic,Yes,Yes,Yes,No,Yes,No,Month-to-month,Yes,Credit card (automatic),74.89,1923.44,No
9437-LDVDZ,Female,0,No,Yes,61,No,No phone service,DSL,No,Yes,No,No,Yes,No,Two year,Yes,Electronic check,57.3,3553.13,No
4474-MGCKJ,Male,1,Yes,No,40,Yes,Yes,Fiber optic,Yes,Yes,No,No,Yes,Yes,Two year,Yes,Credit card (automatic),93.68,3676.66,No
5031-MQBJW,Female,0,Yes,No,32,Yes,Yes,Fiber optic,No,Yes,Yes,Yes,Yes,Yes,Two year,Yes,Bank transfer (automatic),75.32,2470.71,No
9565-OJKUK,Female,0,Yes,Yes,10,Yes,No,Fiber optic,No,No,Yes,No,Yes,No,Month-to-month,Yes,Credit card (automatic),70.71,702.31,Yes
9503-APNLM,Male,0,No,Yes,5,Yes,Yes,DSL,Yes,Yes,No,No,Yes,Yes,Month-to-month,Yes,Bank transfer (automatic),59.38,310.14,Yes
2429-IJRPK,Female,1,No,No,31,Yes,Yes,No,No internet service,No internet service,No internet service,No internet service,No internet service,No internet service,One year,No,Bank transfer (automatic),20.62,662.75,No
5655-OBXXJ,Female,0,Yes,Yes,49,Yes,Yes,Fiber optic,No,Yes,No,No,Yes,No,One year,No,Electronic check,84.51,3966.94,No
7848-KBWGJ,Female,0,Yes,Yes,31,Yes,Yes,No,No internet service,No internet service,No internet service,No internet service,No internet service,No internet service,One year,Yes,Electronic check,35.22,1144.15,No
6181-LGUJP,Male,0,Yes,No,10,No,No phone service,No,No internet service,No internet service,No internet service,No internet service,No internet service,No internet service,Month-to-month,Yes,Credit card (automatic),18.25,180.93,No
6988-YMMXM,Female,0,No,No,14,No,No phone service,DSL,Yes,No,Yes,Yes,No,Yes,Month-to-month,No,Credit card (automatic),53.41,733.89,No
3680-BIFHO,Male,0,No,No,50,Yes,Yes,No,No internet service,No internet service,No internet service,No internet service,No internet service,No internet service,Two year,Yes,Mailed check,23.09,1136.8,No
5722-EMLBH,Male,0,Yes,No,36,Yes,Yes,DSL,Yes,No,No,No,Yes,No,Month-to-month,No,Credit card (automatic),63.28,2210.57,Yes
7503-AHMEQ,Female,0,Yes,Yes,57,Yes,No,DSL,No,Yes,No,No,No,Yes,One year,Yes,Credit card (automatic),59.23,3339.63,No
7441-IFUFD,Male,0,Yes,No,10,Yes,Yes,DSL,No,Yes,No,No,Yes,Yes,Month-to-month,Yes,Electronic check,54.26,565.02,No
1297-CWYOX,Male,0,No,No,34,Yes,No,No,No internet service,No internet service,No internet service,No internet service,No internet service,No internet service,Month-to-month,No,Bank transfer (automatic),31.35,1055.03,No
7361-KSKZW,Female,0,Yes,No,33,Yes,No,Fiber optic,Yes,No,No,Yes,Yes,Yes,One year,No,Credit card (automatic),74.84,2591.89,No
8601-NNDQC,Female,0,No,No,23,Yes,No,DSL,No,Yes,Yes,No,No,No,One year,Yes,Mailed check,57.12,1347.14,No
5863-DMUIP,Female,0,No,No,6,Yes,No,No,No internet service,No internet service,No internet service,No internet service,No internet service,No internet service,Month-to-month,Yes,Credit card (automatic),23.29,141.19,No
3339-HEEJD,Female,0,No,No,27,Yes,No,No,No internet service,No internet service,No internet service,No internet service,No internet service,No internet service,Month-to-month,Yes,Bank transfer (automatic),18.25,480.04,No
9022-TFXJN,Male,0,Yes,No,20,Yes,Yes,No,No internet service,No internet service,No internet service,No internet service,No internet service,No internet service,Month-to-month,No,Bank transfer (automatic),31.55,613.51,No
7290-UAHIP,Male,0,No,No,51,Yes,Yes,No,No internet service,No internet service,No internet service,No internet service,No internet service,No internet service,One year,Yes,Credit card (automatic),20.94,1063.43,No
8850-LMCNM,Female,0,Yes,No,21,Yes,No,DSL,Yes,Yes,Yes,No,Yes,No,Month-to-month,Yes,Electronic check,53.85,1135.12,No
6729-WOBVM,Female,0,No,No,14,Yes,No,Fiber optic,No,No,No,Yes,No,Yes,Month-to-month,Yes,Electronic check,92.0,1256.68,Yes
5378-WPUWM,Male,0,No,Yes,20,Yes,Yes,DSL,Yes,Yes,No,No,No,No,Month-to-month,Yes,Credit card (automatic),61.31,1251.36,No
9841-EWWCD,Female,0,No,Yes,48,No,No phone service,Fiber optic,Yes,No,No,No,No,Yes,Two year,Yes,Credit card (automatic),73.7,3558.85,No
1332-HZDAL,Male,0,Yes,Yes,14,Yes,No,No,No internet service,No internet service,No internet service,No internet service,No internet service,No internet service,Month-to-month,No,Credit card (automatic),24.14,333.49,No
4181-QPVKL,Female,0,Yes,No,4,Yes,No,No,No internet service,No internet service,No internet service,No internet service,No internet service,No internet service,Month-to-month,Yes,Credit card (automatic),25.76,100.25,No
1203-ZFPWP,Male,0,Yes,Yes,58,Yes,Yes,Fiber optic,No,Yes,Yes,Yes,No,No,Month-to-month,Yes,Electronic check,83.51,4834.69,Yes
6627-ESERO,Male,0,No,Yes,6,Yes,No,Fiber optic,No,Yes,No,Yes,No,Yes,Month-to-month,Yes,Bank transfer (automatic),85.14,533.48,Yes
5405-SSFJM,Male,1,No,No,51,Yes,Yes,No,No internet service,No internet service,No internet service,No internet service,No internet service,No internet service,Month-to-month,No,Electronic check,25.51,1312.03,No
2365-JBLFF,Female,0,Yes,No,66,Yes,No,Fiber optic,Yes,No,Yes,No,No,Yes,One year,Yes,Bank transfer (automatic),93.08,6117.76,Yes
8364-DDIAW,Female,0,No,No,11,Yes,No,Fiber optic,Yes,Yes,No,No,Yes,No,Month-to-month,No,Credit card (automatic),85.31,962.4,Yes
9881-UUCOC,Male,0,Yes,Yes,0,Yes,Yes,No,No internet service,No internet service,No internet service,No internet service,No internet service,No internet service,One year,Yes,Credit card (automatic),27.41, ,No
3706-MRHGV,Female,0,No,No,12,Yes,No,Fiber optic,Yes,No,No,No,No,Yes,Month-to-month,Yes,Mailed check,76.39,915.95,Yes
3017-MHWNC,Female,0,No,No,72,Yes,No,Fiber optic,Yes,Yes,Yes,Yes,Yes,No,Month-to-month,Yes,Bank transfer (automatic),82.88,6159.58,No
2331-ZYTCT,Female,0,Yes,No,10,Yes,No,No,No internet service,No internet service,No internet service,No internet service,No internet service,No internet service,Month-to-month,Yes,Mailed check,18.25,175.56,No
6946-YMMQD,Male,0,Yes,No,29,Yes,Yes,No,No internet service,No internet service,No internet service,No internet service,No internet service,No internet service,Two year,No,Mailed check,29.25,848.11,No
7708-MEVGW,Male,0,No,No,50,No,No phone service,Fiber optic,No,No,No,Yes,No,Yes,Month-to-month,Yes,Electronic check,79.29,4126.89,No
3454-MLTEG,Male,0,No,Yes,9,Yes,Yes,Fiber optic,No,No,Yes,No,Yes,Yes,Month-to-month,Yes,Credit card (automatic),84.03,782.91,No
2731-FLPWK,Male,1,No,No,14,Yes,Yes,Fiber optic,No,No,Yes,Yes,Yes,Yes,Month-to-month,Yes,Mailed check,88.47,1285.14,No
4688-ECTQN,Male,0,Yes,No,2,No,No phone service,DSL,Yes,No,No,No,Yes,No,Month-to-month,Yes,Credit card (automatic),62.34,118.59,Yes
4996-NVEMG,Female,0,Yes,No,19,Yes,Yes,DSL,Yes,Yes,Yes,Yes,No,No,Month-to-month,Yes,Credit card (automatic),49.91,932.44,Yes
1944-SSWAE,Female,0,No,Yes,38,Yes,Yes,DSL,No,Yes,No,No,No,Yes,Two year,Yes,Electronic check,57.02,2062.74,No
6170-VYUXV,Male,0,Yes,Yes,15,Yes,No,DSL,No,Yes,Yes,Yes,Yes,Yes,Month-to-month,Yes,Electronic check,60.55,939.44,No
3841-PQJXU,Female,0,Yes,No,14,Yes,No,Fiber optic,Yes,No,No,No,Yes,Yes,Two year,No,Credit card (automatic),76.19,1065.46,No
5650-MUFFK,Female,0,No,Yes,31,Yes,No,Fiber optic,Yes,No,No,No,No,Yes,Month-to-month,Yes,Mailed check,85.83,2536.53,Yes
2147-LLNMX,Female,0,Yes,No,42,No,No phone service,DSL,No,No,Yes,No,No,No,One year,Yes,Credit card (automatic),58.74,2378.86,No
3470-KTHRZ,Female,0,No,Yes,60,Yes,No,DSL,Yes,Yes,Yes,No,No,Yes,One year,No,Bank transfer (automatic),57.7,3606.27,No
4378-GEAHW,Female,1,Yes,Yes,15,Yes,No,Fiber optic,Yes,No,No,No,No,Yes,Month-to-month,Yes,Credit card (automatic),87.0,1290.73,Yes
3292-YYRZK,Female,0,No,No,28,No,No phone service,Fiber optic,Yes,Yes,Yes,No,No,No,Month-to-month,No,Credit card (automatic),77.88,2123.89,Yes
9605-OCVYX,Male,0,Yes,Yes,16,Yes,Yes,No,No internet service,No internet service,No internet service,No internet service,No internet service,No internet service,Month-to-month,No,Credit card (automatic),18.73,291.31,No
4750-CPWVQ,Female,0,Yes,No,12,Yes,Yes,DSL,Yes,Yes,No,No,Yes,Yes,Month-to-month,Yes,Electronic check,59.04,702.65,Yes
8076-AQCTB,Female,1,No,Yes,35,Yes,Yes,DSL,No,No,No,No,No,No,One year,No,Electronic check,50.55,1749.46,No
6353-YCLBS,Female,0,No,No,10,No,No phone service,No,No internet service,No internet service,No internet service,No internet service,No internet service,No internet service,Month-to-month,No,Credit card (automatic),19.89,190.39,No
9327-AOUAM,Male,1,Yes,No,37,No,No phone service,Fiber optic,Yes,No,Yes,Yes,Yes,No,One year,Yes,Mailed check,81.88,2971.66,Yes
2160-YNNZU,Female,0,Yes,No,31,Yes,No,DSL,Yes,Yes,Yes,No,No,Yes,Month-to-month,No,Electronic check,63.88,2032.22,No
3824-QHNVY,Female,1,Yes,No,59,No,No phone service,Fiber optic,No,Yes,No,No,Yes,No,Two year,Yes,Electronic check,76.48,4676.23,No
9562-MXXOA,Female,0,Yes,No,46,Yes,Yes,No,No internet service,No internet service,No internet service,No internet service,No internet service,No internet service,Two year,Yes,Credit card (automatic),23.32,1068.61,No
2071-RVXGX,Female,1,No,Yes,20,Yes,No,No,No internet service,No internet service,No internet service,No internet service,No internet service,No internet service,Month-to-month,No,Bank transfer (automatic),30.22,584.2,No
8438-MJMRV,Female,1,No,No,65,Yes,Yes,Fiber optic,No,No,No,Yes,No,No,Two year,Yes,Credit card (automatic),79.02,5112.79,No
2544-IDYKG,Male,0,Yes,No,9,Yes,Yes,DSL,No,Yes,Yes,Yes,Yes,Yes,Month-to-month,Yes,Credit card (automatic),54.27,476.26,Yes
2829-BMUIK,Male,1,No,Yes,11,Yes,Yes,DSL,Yes,Yes,No,No,No,No,Month-to-month,No,Mailed check,69.73,751.16,Yes
6727-JTILZ,Male,0,Yes,No,70,Yes,Yes,DSL,No,No,Yes,Yes,No,Yes,Two year,Yes,Bank transfer (automatic),56.11,3732.06,No
8524-OKZMI,Male,0,No,No,21,Yes,Yes,No,No internet service,No internet service,No internet service,No internet service,No internet service,No internet service,Month-to-month,No,Bank transfer (automatic),18.25,401.43,No
6363-KXFBL,Female,0,No,Yes,36,Yes,Yes,No,No internet service,No internet service,No internet service,No internet service,No internet service,No internet service,One year,No,Electronic check,27.48,945.74,No
9533-BVAOL,Male,0,No,Yes,17,Yes,No,No,No internet service,No internet service,No internet service,No internet service,No internet service,No internet service,Month-to-month,Yes,Electronic check,18.92,309.5,No
2437-TELON,Female,0,Yes,Yes,64,Yes,No,Fiber optic,No,No,No,Yes,No,Yes,Two year,Yes,Electronic check,89.39,5708.34,No
1284-LRNSU,Female,0,No,Yes,5,Yes,No,Fiber optic,No,No,Yes,No,Yes,Yes,Month-to-month,No,Electronic check,80.15,397.12,Yes
2614-UXVWF,Female,0,No,No,3,No,No phone service,DSL,No,Yes,Yes,Yes,No,Yes,Month-to-month,No,Electronic check,52.55,150.25,Yes
6867-LZVEY,Female,1,Yes,Yes,4,Yes,Yes,Fiber optic,Yes,No,Yes,No,Yes,No,Month-to-month,Yes,Bank transfer (automatic),85.73,351.44,No
7273-OLMUT,Female,0,No,No,41,Yes,No,Fiber optic,No,No,No,No,No,No,One year,Yes,Bank transfer (automatic),92.83,3992.54,No
5968-ZGLPE,Male,0,No,Yes,55,Yes,Yes,DSL,No,No,No,Yes,No,No,One year,Yes,Bank transfer (automatic),62.01,3264.06,No
5488-VRSED,Female,0,Yes,No,44,Yes,Yes,No,No internet service,No internet service,No internet service,No internet service,No internet service,No internet service,One year,Yes,Mailed check,26.72,1221.61,Yes
4976-IAOTT,Female,0,Yes,No,4,Yes,No,Fiber optic,Yes,No,No,Yes,No,No,Month-to-month,Yes,Mailed check,82.86,335.32,Yes
1928-UJEMF,Male,0,Yes,No,10,Yes,Yes,DSL,No,Yes,No,Yes,Yes,Yes,Month-to-month,No,Electronic check,71.54,718.13,No
7055-TSDJM,Male,0,Yes,No,34,Yes,No,DSL,Yes,Yes,No,No,No,No,One year,No,Credit card (automatic),63.09,2232.06,No
9862-OQIHU,Female,0,Yes,Yes,72,Yes,No,No,No internet service,No internet service,No internet service,No internet service,No internet service,No internet service,Month-to-month,Yes,Mailed check,18.97,1375.62,No
8509-BOUEQ,Female,0,Yes,No,1,Yes,No,DSL,Yes,No,No,No,Yes,No,Month-to-month,No,Credit card (automatic),52.84,53.95,Yes
5262-NPWCF,Female,0,Yes,No,12,No,No phone service,Fiber optic,No,Yes,No,Yes,Yes,Yes,Month-to-month,No,Bank transfer (automatic),81.22,989.27,Yes
4104-UPEAZ,Female,0,No,No,72,Yes,No,Fiber optic,Yes,No,Yes,Yes,No,No,Two year,Yes,Credit card (automatic),85.18,6213.37,No
2239-AKOGE,Male,0,Yes,No,20,No,No phone service,Fiber optic,No,Yes,No,No,Yes,Yes,Month-to-month,Yes,Bank transfer (automatic),76.42,1573.41,No
1778-KYDOF,Female,0,Yes,Yes,9,Yes,Yes,Fiber optic,Yes,No,Yes,Yes,No,Yes,Month-to-month,Yes,Credit card (automatic),74.28,690.37,Yes
7062-BFAQS,Female,0,No,Yes,72,Yes,No,Fiber optic,No,Yes,Yes,Yes,No,Yes,Two year,Yes,Bank transfer (automatic),84.82,5883.39,No
2543-LHBAY,Male,1,No,No,0,Yes,Yes,DSL,Yes,No,No,No,No,Yes,Month-to-month,No,Bank transfer (automatic),56.31, ,Yes
6825-RHGUL,Male,0,No,Yes,29,Yes,Yes,DSL,Yes,No,Yes,Yes,Yes,No,Month-to-month,Yes,Mailed check,54.96,1610.78,No
1918-MNONW,Female,0,No,No,72,Yes,Yes,No,No internet service,No internet service,No internet service,No internet service,No internet service,No internet service,Month-to-month,No,Electronic check,31.16,2247.83,No
3198-PXZZS,Female,0,Yes,No,69,No,No phone service,No,No internet service,No internet service,No internet service,No internet service,No internet service,No internet service,Two year,No,Mailed check,18.25,1259.22,No
1959-ZAOLR,Male,0,Yes,No,26,No,No phone service,No,No internet service,No internet service,No internet service,No internet service,No internet service,No internet service,Two year,No,Mailed check,18.25,451.42,No
8044-TFTTA,Female,0,No,Yes,47,Yes,Yes,Fiber optic,Yes,Yes,Yes,No,No,Yes,One year,No,Bank transfer (automatic),82.44,3928.63,No
6735-DOFJH,Male,0,No,Yes,4,Yes,Yes,DSL,Yes,Yes,No,No,No,Yes,One year,No,Credit card (automatic),58.51,227.15,Yes
8758-XUSJD,Female,1,No,No,15,No,No phone service,No,No internet service,No internet service,No internet service,No internet service,No internet service,No internet service,Month-to-month,No,Credit card (automatic),23.79,341.5,Yes
6113-LHGEV,Female,1,No,No,55,Yes,No,No,No internet service,No internet service,No internet service,No internet service,No internet service,No internet service,Two year,No,Bank transfer (automatic),24.16,1368.81,No
3891-XREBK,Female,0,No,No,45,Yes,No,DSL,Yes,No,Yes,Yes,Yes,No,Two year,Yes,Bank transfer (automatic),57.99,2528.03,No
1734-YXRHW,Female,0,Yes,No,20,Yes,Yes,Fiber optic,Yes,Yes,No,No,No,Yes,Month-to-month,No,Electronic check,90.94,1879.26,Yes
6822-JWFOR,Female,0,Yes,No,9,Yes,No,Fiber optic,No,No,Yes,Yes,Yes,No,Month-to-month,Yes,Bank transfer (automatic),85.74,796.38,Yes
9169-DHVMT,Male,1,Yes,Yes,45,No,No phone service,Fiber optic,No,Yes,No,Yes,No,No,Month-to-month,Yes,Credit card (automatic),82.96,3853.23,Yes
7960-HIMAU,Male,0,Yes,No,64,Yes,Yes,Fiber optic,Yes,No,Yes,Yes,Yes,Yes,One year,No,Bank transfer (automatic),87.93,5398.38,No
2039-YUJBU,Male,0,No,No,9,No,No phone service,No,No internet service,No internet service,No internet service,No internet service,No internet service,No internet service,Month-to-month,Yes,Mailed check,18.25,157.89,No
5036-FLXRR,Female,0,No,No,25,No,No phone service,No,No internet service,No internet service,No internet service,No internet service,No internet service,No internet service,Month-to-month,No,Bank transfer (automatic),19.57,476.69,No
5630-DYTNS,Male,0,Yes,Yes,64,Yes,Yes,DSL,No,No,Yes,No,No,Yes,Two year,Yes,Bank transfer (automatic),60.23,3834.75,No
4265-TZIAT,Male,0,No,No,16,Yes,Yes,Fiber optic,No,No,No,Yes,No,Yes,Month-to-month,No,Credit card (automatic),93.47,1523.78,Yes
8667-VZJXF,Female,1,Yes,No,50,Yes,Yes,DSL,No,Yes,Yes,No,No,Yes,Month-to-month,No,Electronic check,49.52,2515.97,Yes
6283-XXQOL,Female,0,No,Yes,42,Yes,No,DSL,Yes,No,Yes,No,No,No,Month-to-month,Yes,Bank transfer (automatic),59.11,2376.51,No
8807-WGDVV,Male,0,No,Yes,59,Yes,No,Fiber optic,Yes,No,Yes,No,Yes,Yes,Two year,No,Electronic check,83.95,4707.68,No
1897-MNBRZ,Female,0,Yes,No,47,Yes,Yes,No,No internet service,No internet service,No internet service,No internet service,No internet service,No internet service,One year,Yes,Bank transfer (automatic),18.25,893.14,No
2903-UCFOY,Male,0,Yes,No,72,Yes,Yes,Fiber optic,No,No,Yes,No,No,No,One year,No,Bank transfer (automatic),72.5,5238.9,No
8967-YZUJD,Male,0,No,Yes,12,Yes,Yes,Fiber optic,No,Yes,No,No,No,Yes,Month-to-month,No,Credit card (automatic),79.39,973.66,No
8399-ENTAX,Male,0,Yes,Yes,9,Yes,Yes,Fiber optic,No,Yes,Yes,No,No,No,Month-to-month,No,Credit card (automatic),84.9,742.51,No
3729-FJLLE,Male,0,Yes,No,48,No,No phone service,Fiber optic,Yes,No,No,No,Yes,No,One year,No,Electronic check,82.44,4105.92,Yes
2703-MFQXA,Male,0,Yes,No,55,Yes,No,Fiber optic,Yes,Yes,No,Yes,Yes,No,Two year,Yes,Electronic check,90.31,5175.72,No
1325-QAQML,Male,0,Yes,No,16,Yes,Yes,Fiber optic,No,Yes,Yes,Yes,No,No,Month-to-month,No,Bank transfer (automatic),85.1,1372.66,Yes
6458-XDDSB,Female,0,Yes,Yes,19,Yes,Yes,DSL,No,No,No,No,No,No,Month-to-month,Yes,Mailed check,57.06,1125.72,Yes
4859-MKNCG,Female,1,No,No,39,No,No phone service,Fiber optic,Yes,Yes,Yes,Yes,No,No,Month-to-month,No,Bank transfer (automatic),77.93,2926.21,No
1045-ZVGAH,Male,1,Yes,Yes,40,No,No phone service,DSL,No,No,Yes,Yes,Yes,Yes,One year,Yes,Credit card (automatic),51.93,2148.51,No
9603-VRXEN,Male,0,Yes,No,11,Yes,Yes,DSL,No,No,Yes,Yes,No,Yes,Month-to-month,No,Credit card (automatic),62.12,664.69,Yes
8144-ALJEF,Male,0,Yes,No,28,Yes,Yes,Fiber optic,No,No,Yes,No,Yes,No,Month-to-month,Yes,Electronic check,80.78,2320.31,No
9712-NCRPK,Male,0,No,No,52,Yes,Yes,No,No internet service,No internet service,No internet service,No internet service,No internet service,No internet service,Month-to-month,No,Mailed check,24.14,1289.25,No
4572-NYTKG,Female,0,No,Yes,37,Yes,Yes,Fiber optic,No,Yes,Yes,No,No,No,Two year,No,Bank transfer (automatic),86.56,3245.09,No
1978-FDUOA,Male,0,No,Yes,72,Yes,No,No,No internet service,No internet service,No internet service,No internet service,No internet service,No internet service,Month-to-month,No,Credit card (automatic),20.17,1379.7,No
9334-DQAPO,Female,0,No,No,49,Yes,Yes,DSL,No,No,No,No,No,Yes,One year,No,Mailed check,66.27,3107.19,No
9178-PMNQK,Male,0,Yes,No,24,Yes,Yes,Fiber optic,No,No,Yes,Yes,Yes,Yes,Month-to-month,No,Electronic check,75.55,1772.45,Yes
7423-NZFSV,Male,0,No,No,70,No,No phone service,DSL,No,No,Yes,Yes,Yes,No,Two year,No,Electronic check,56.55,4005.76,No
7462-ZLOEJ,Male,1,No,No,72,Yes,Yes,Fiber optic,No,Yes,No,Yes,No,No,Two year,No,Credit card (automatic),78.16,5424.05,No
2436-UUFUI,Male,0,No,No,22,Yes,Yes,Fiber optic,Yes,No,Yes,Yes,Yes,No,Month-to-month,Yes,Bank transfer (automatic),90.41,1903.89,No
7566-YVEEC,Female,0,Yes,No,72,No,No phone service,DSL,Yes,Yes,Yes,Yes,Yes,Yes,Month-to-month,Yes,Credit card (automatic),53.86,3710.34,No
8576-OEPNP,Female,0,Yes,No,16,Yes,No,DSL,Yes,Yes,No,Yes,Yes,No,One year,Yes,Mailed check,60.26,983.58,No
6711-EKSXG,Female,0,No,No,33,Yes,Yes,DSL,No,Yes,No,No,No,No,One year,Yes,Bank transfer (automatic),58.7,1987.43,Yes
6139-YPFPA,Male,0,No,No,72,Yes,Yes,DSL,No,Yes,No,No,Yes,No,One year,Yes,Bank transfer (automatic),62.39,4416.78,No
5401-OBFZQ,Female,0,Yes,No,8,Yes,Yes,Fiber optic,Yes,Yes,No,Yes,No,No,Month-to-month,No,Bank transfer (automatic),81.95,677.0,Yes
5125-FDLOE,Male,0,No,Yes,49,Yes,Yes,Fiber optic,No,Yes,No,No,No,Yes,One year,Yes,Bank transfer (automatic),73.91,3655.26,No
8207-LBDWI,Male,0,Yes,No,72,Yes,No,No,No internet service,No internet service,No internet service,No internet service,No internet service,No internet service,One year,No,Electronic check,23.52,1637.23,No
4355-FVVGS,Female,0,No,No,3,Yes,No,DSL,No,No,Yes,Yes,Yes,No,Month-to-month,Yes,Mailed check,65.51,198.21,Yes
5070-EUCWA,Female,1,Yes,No,25,Yes,Yes,No,No internet service,No internet service,No internet service,No internet service,No internet service,No internet service,Month-to-month,No,Electronic check,25.46,611.01,No
3906-FGMTK,Female,0,No,No,63,No,No phone service,No,No internet service,No internet service,No internet service,No internet service,No internet service,No internet service,Two year,Yes,Credit card (automatic),18.25,1187.92,No
5642-ZMUKC,Female,0,Yes,No,5,Yes,Yes,Fiber optic,Yes,No,Yes,No,Yes,No,Month-to-month,Yes,Mailed check,83.77,417.27,Yes
3302-EXAVD,Male,0,No,No,36,Yes,Yes,Fiber optic,No,Yes,Yes,Yes,Yes,No,Month-to-month,Yes,Electronic check,82.95,3088.6,No
2354-NCBUB,Female,0,No,No,72,Yes,No,DSL,No,Yes,No,Yes,No,No,Two year,No,Credit card (automatic),63.77,4736.3,No
6374-DCRKA,Male,0,No,No,39,Yes,Yes,Fiber optic,Yes,No,Yes,No,No,No,One year,Yes,Credit card (automatic),88.06,3360.97,No
7132-ZOJVI,Female,0,No,No,37,Yes,No,DSL,Yes,No,No,Yes,No,No,One year,Yes,Electronic check,55.37,2143.25,No
6516-MSNMK,Male,0,Yes,No,64,Yes,Yes,DSL,Yes,No,No,Yes,No,No,Two year,No,Electronic check,58.65,3649.41,No
3662-MBIBI,Male,0,No,No,41,Yes,Yes,DSL,Yes,No,Yes,Yes,No,No,Month-to-month,Yes,Bank transfer (automatic),54.6,2251.46,No
4164-AHRZQ,Male,0,Yes,Yes,12,Yes,No,Fiber optic,Yes,Yes,No,No,No,Yes,One year,Yes,Credit card (automatic),82.25,1016.08,Yes
7407-RYYCM,Female,0,No,No,26,No,No phone service,DSL,No,No,Yes,No,Yes,No,Month-to-month,No,Bank transfer (automatic),52.1,1342.38,No
9169-WNLBM,Female,0,Yes,Yes,72,Yes,Yes,No,No internet service,No internet service,No internet service,No internet service,No internet service,No internet service,Two year,Yes,Credit card (automatic),23.8,1723.53,No
5556-QNFZF,Male,1,Yes,No,24,Yes,No,Fiber optic,Yes,Yes,No,Yes,Yes,No,Month-to-month,Yes,Bank transfer (automatic),80.64,1841.35,Yes
4443-NHBPG,Female,1,No,No,3,Yes,No,Fiber optic,No,Yes,Yes,Yes,Yes,Yes,Month-to-month,No,Bank transfer (automatic),86.32,269.05,Yes
8910-ULMYA,Female,0,Yes,No,56,Yes,No,Fiber optic,Yes,No,Yes,Yes,Yes,No,Month-to-month,No,Mailed check,93.72,5126.97,No
4407-BDXCY,Male,0,Yes,Yes,3,Yes,No,DSL,No,No,Yes,No,No,Yes,Month-to-month,Yes,Credit card (automatic),58.06,178.42,Yes
8053-QTEDJ,Female,0,No,Yes,6,Yes,No,Fiber optic,Yes,Yes,Yes,Yes,No,No,Month-to-month,No,Bank transfer (automatic),86.75,504.36,Yes
7878-HEUQN,Female,1,Yes,Yes,19,Yes,Yes,Fiber optic,No,Yes,No,No,No,No,Month-to-month,No,Bank transfer (automatic),79.64,1449.72,Yes
4710-UTJDW,Male,0,Yes,No,56,Yes,Yes,Fiber optic,Yes,Yes,Yes,No,Yes,No,One year,No,Mailed check,62.54,3559.75,Yes
2231-LXKVM,Female,0,No,No,5,No,No phone service,Fiber optic,Yes,Yes,Yes,No,No,Yes,Month-to-month,No,Mailed check,79.01,405.54,Yes
7705-PHXML,Male,0,No,Yes,51,Yes,Yes,DSL,Yes,No,Yes,No,No,No,Two year,Yes,Credit card (automatic),61.07,3098.35,No
6926-YWKGI,Female,0,No,No,36,Yes,Yes,Fiber optic,Yes,Yes,No,Yes,Yes,Yes,Two year,Yes,Credit card (automatic),93.83,3272.43,No
3363-HLANW,Female,0,Yes,No,37,Yes,No,Fiber optic,Yes,Yes,Yes,Yes,No,No,Month-to-month,Yes,Electronic check,86.39,3130.06,No
4872-CKIPG,Male,0,Yes,No,4,Yes,Yes,DSL,Yes,Yes,No,No,No,No,Month-to-month,No,Electronic check,57.85,219.97,Yes
3708-TEYHV,Male,0,No,No,21,Yes,Yes,DSL,Yes,No,Yes,Yes,No,Yes,One year,Yes,Bank transfer (automatic),49.55,1046.38,No
1738-IJLCG,Male,1,Yes,No,45,Yes,No,Fiber optic,No,No,Yes,No,Yes,Yes,Month-to-month,Yes,Mailed check,84.55,3961.83,No
8893-YLDHY,Male,0,No,No,21,Yes,Yes,DSL,Yes,No,Yes,Yes,Yes,No,Month-to-month,Yes,Credit card (automatic),65.43,1315.76,No
9268-VWSQU,Male,0,No,Yes,27,Yes,No,Fiber optic,Yes,No,Yes,No,No,No,One year,No,Credit card (automatic),98.47,2782.98,No
6816-IQHQJ,Female,0,Yes,No,60,No,No phone service,DSL,No,No,Yes,No,No,Yes,One year,No,Mailed check,55.61,3486.53,No
5386-EYTCM,Female,0,No,No,48,Yes,No,DSL,No,Yes,No,No,No,No,One year,Yes,Electronic check,64.58,3040.3,No
5088-XTWME,Male,0,No,No,60,Yes,No,No,No internet service,No internet service,No internet service,No internet service,No internet service,No internet service,Two year,No,Mailed check,25.31,1443.12,No
7490-FQKJD,Female,0,No,Yes,53,Yes,Yes,No,No internet service,No internet service,No internet service,No internet service,No internet service,No internet service,One year,No,Bank transfer (automatic),28.95,1609.04,No
8199-RITZS,Male,0,Yes,No,21,Yes,Yes,DSL,No,Yes,Yes,No,No,No,Month-to-month,No,Electronic check,61.86,1258.84,Yes
9544-MJVRP,Male,0,Yes,No,15,Yes,No,DSL,Yes,Yes,No,Yes,Yes,Yes,Month-to-month,No,Electronic check,52.11,809.66,No
6776-ZRVAS,Male,0,No,No,0,No,No phone service,Fiber optic,Yes,No,Yes,Yes,Yes,No,One year,No,Credit card (automatic),78.23, ,No
3859-DHVVH,Male,0,No,Yes,33,Yes,Yes,DSL,No,No,No,Yes,Yes,Yes,One year,Yes,Electronic check,58.44,1846.98,No
2728-KIMUI,Female,0,No,No,27,Yes,Yes,Fiber optic,No,Yes,Yes,No,Yes,No,One year,Yes,Electronic check,84.04,2359.99,Yes
2561-CRFFU,Female,0,Yes,Yes,13,Yes,No,No,No internet service,No internet service,No internet service,No internet service,No internet service,No internet service,Month-to-month,No,Bank transfer (automatic),30.16,411.59,No
1835-QAYSV,Female,0,Yes,No,28,Yes,Yes,Fiber optic,No,No,No,No,Yes,No,One year,Yes,Electronic check,87.82,2474.8,No
6996-KZUCO,Male,0,No,No,62,Yes,No,DSL,No,No,No,Yes,Yes,No,Two year,Yes,Electronic check,57.6,3503.08,No
5883-HLZCY,Female,0,No,No,37,Yes,Yes,Fiber optic,No,No,Yes,No,Yes,Yes,Month-to-month,Yes,Electronic check,84.07,3082.67,Yes
7302-CHVSC,Female,0,No,No,45,No,No phone service,DSL,No,No,No,No,No,Yes,Month-to-month,Yes,Credit card (automatic),50.8,2400.13,Yes
2326-YEQZE,Female,0,Yes,Yes,51,Yes,Yes,Fiber optic,Yes,Yes,Yes,Yes,No,Yes,Two year,Yes,Credit card (automatic),75.72,3919.53,No
1399-VYNGB,Male,0,No,No,55,Yes,No,DSL,Yes,No,No,Yes,Yes,No,Two year,No,Mailed check,56.3,3207.86,No
9200-UXULM,Male,0,No,Yes,6,Yes,No,No,No internet service,No internet service,No internet service,No internet service,No internet service,No internet service,Month-to-month,No,Credit card (automatic),23.63,144.77,Yes
4440-TCBYI,Male,0,Yes,No,3,Yes,Yes,Fiber optic,Yes,Yes,Yes,No,No,No,Month-to-month,Yes,Bank transfer (automatic),85.44,252.86,Yes
1311-RKFLL,Male,0,No,Yes,33,Yes,No,Fiber optic,No,No,No,No,No,Yes,One year,Yes,Electronic check,100.11,3346.79,No
6507-YWVMO,Male,0,Yes,No,17,Yes,Yes,Fiber optic,Yes,Yes,No,No,No,No,Month-to-month,Yes,Electronic check,85.48,1392.28,No
2189-ORXBW,Male,0,No,Yes,30,Yes,No,DSL,No,Yes,Yes,No,No,No,Month-to-month,Yes,Credit card (automatic),53.38,1640.37,No
5665-CZMKE,Female,0,No,Yes,4,Yes,No,Fiber optic,Yes,Yes,No,No,Yes,Yes,Month-to-month,No,Bank transfer (automatic),84.14,330.23,No
1659-CGHMP,Male,0,Yes,No,32,Yes,No,No,No internet service,No internet service,No internet service,No internet service,No internet service,No internet service,One year,No,Electronic check,23.85,750.63,No
9925-UMXOK,Female,0,No,No,15,Yes,Yes,Fiber optic,Yes,No,No,Yes,No,Yes,Month-to-month,Yes,Electronic check,90.5,1403.72,No
2956-KBDYF,Male,0,Yes,No,25,No,No phone service,Fiber optic,Yes,No,No,No,Yes,No,Month-to-month,Yes,Bank transfer (automatic),74.39,1831.02,Yes
6103-CPZLD,Female,1,Yes,Yes,9,Yes,No,Fiber optic,Yes,No,No,Yes,Yes,Yes,Month-to-month,No,Mailed check,85.14,748.22,No
1205-TCIVN,Male,0,Yes,No,30,Yes,No,Fiber optic,No,No,No,Yes,No,No,One year,Yes,Electronic check,89.58,2578.83,Yes
8856-WRYAG,Female,0,No,No,72,Yes,Yes,No,No internet service,No internet service,No internet service,No internet service,No internet service,No internet service,Two year,No,Bank transfer (automatic),24.62,1704.2,No
3492-XQGFU,Female,0,Yes,No,38,Yes,Yes,Fiber optic,No,No,Yes,No,No,No,One year,Yes,Bank transfer (automatic),79.22,3121.34,No
8729-AJNGS,Male,0,Yes,No,46,Yes,Yes,Fiber optic,Yes,No,Yes,No,No,No,Month-to-month,Yes,Bank transfer (automatic),88.39,4083.24,No
7820-VUVJH,Male,0,No,Yes,36,Yes,No,No,No internet service,No internet service,No internet service,No internet service,No internet service,No internet service,Two year,Yes,Credit card (automatic),23.6,885.1,No
3843-WQISG,Male,0,No,No,56,Yes,No,Fiber optic,Yes,No,Yes,No,No,Yes,Two year,Yes,Electronic check,92.78,5431.92,No
3398-AZGTD,Female,0,Yes,Yes,33,No,No phone service,Fiber optic,No,Yes,No,Yes,Yes,Yes,Month-to-month,Yes,Credit card (automatic),77.25,2486.82,Yes
1324-RCDIP,Male,0,No,No,62,Yes,Yes,No,No internet service,No internet service,No internet service,No internet service,No internet service,No internet service,Two year,No,Electronic check,24.28,1560.03,No
1163-DISCH,Female,1,Yes,No,24,No,No phone service,Fiber optic,Yes,Yes,No,No,No,Yes,Month-to-month,Yes,Electronic check,81.62,1948.62,Yes
2735-IGQBY,Female,0,Yes,No,19,Yes,Yes,DSL,No,Yes,Yes,No,No,No,Month-to-month,Yes,Credit card (automatic),61.35,1187.19,No
3199-ZSJHY,Female,0,Yes,Yes,32,Yes,No,Fiber optic,No,No,Yes,No,No,Yes,One year,Yes,Credit card (automatic),76.11,2461.06,No
9966-PBXMA,Male,0,No,No,38,Yes,No,DSL,No,No,No,Yes,Yes,Yes,Month-to-month,No,Electronic check,56.24,2094.94,Yes
8216-AJBLU,Female,1,No,No,42,Yes,No,No,No internet service,No internet service,No internet service,No internet service,No internet service,No internet service,Two year,Yes,Bank transfer (automatic),21.43,867.83,No
2161-DYECP,Male,0,Yes,Yes,49,Yes,No,No,No internet service,No internet service,No internet service,No internet service,No internet service,No internet service,Month-to-month,Yes,Credit card (automatic),18.25,886.32,No
3489-YEOXT,Female,0,No,No,72,Yes,No,Fiber optic,No,No,Yes,Yes,Yes,No,Two year,Yes,Credit card (automatic),78.33,5468.12,Yes
1260-EDXFB,Male,1,No,No,44,Yes,Yes,Fiber optic,No,Yes,No,No,Yes,No,Two year,No,Credit card (automatic),84.43,3568.93,No
4443-HELXF,Male,0,Yes,Yes,9,Yes,No,Fiber optic,No,Yes,Yes,Yes,Yes,Yes,Month-to-month,Yes,Bank transfer (automatic),86.94,773.0,No
9832-RJRJF,Male,0,No,No,45,Yes,Yes,Fiber optic,Yes,Yes,Yes,No,Yes,Yes,One year,Yes,Electronic check,82.27,3538.74,No
3110-AQBFA,Female,0,Yes,Yes,12,Yes,No,DSL,Yes,Yes,Yes,Yes,Yes,Yes,Month-to-month,Yes,Electronic check,65.21,756.91,Yes
1585-XAQID,Male,0,No,No,18,Yes,Yes,DSL,Yes,Yes,Yes,Yes,Yes,No,Month-to-month,Yes,Credit card (automatic),55.03,952.69,No
3696-CIVQV,Male,0,Yes,No,9,Yes,Yes,No,No internet service,No internet service,No internet service,No internet service,No internet service,No internet service,Month-to-month,Yes,Mailed check,36.1,331.23,No
7268-YCEKN,Male,0,Yes,No,60,Yes,Yes,No,No internet service,No internet service,No internet service,No internet service,No internet service,No internet service,Two year,Yes,Electronic check,32.77,1884.52,No
8055-DCUOK,Male,0,Yes,No,47,Yes,Yes,Fiber optic,Yes,Yes,No,Yes,No,No,One year,No,Electronic check,87.36,3987.27,No
2998-SUABU,Female,0,No,No,39,Yes,Yes,DSL,No,Yes,Yes,Yes,No,Yes,One year,No,Bank transfer (automatic),62.12,2528.94,No
8953-FSVCE,Female,0,Yes,No,10,Yes,No,No,No internet service,No internet service,No internet service,No internet service,No internet service,No internet service,Month-to-month,Yes,Mailed check,18.25,179.76,Yes
2173-UUDER,Male,0,No,No,28,Yes,No,No,No internet service,No internet service,No internet service,No internet service,No internet service,No internet service,One year,Yes,Mailed check,33.8,986.29,No
9075-UEKBG,Female,0,Yes,Yes,43,Yes,Yes,Fiber optic,Yes,No,Yes,Yes,No,No,One year,No,Bank transfer (automatic),78.56,3285.23,Yes
6069-IPHOQ,Female,0,No,Yes,56,Yes,Yes,Fiber optic,No,No,Yes,No,Yes,No,Two year,Yes,Bank transfer (automatic),82.15,4578.59,No
2750-BIBEH,Male,0,Yes,No,37,Yes,No,DSL,No,Yes,No,Yes,No,No,Two year,No,Electronic check,57.06,2140.11,No
4043-HBEWS,Female,0,Yes,No,10,Yes,Yes,Fiber optic,No,No,No,Yes,No,No,Month-to-month,Yes,Electronic check,81.91,814.03,Yes
4998-AJYVT,Female,0,Yes,Yes,36,Yes,Yes,No,No internet service,No internet service,No internet service,No internet service,No internet service,No internet service,Two year,No,Bank transfer (automatic),24.93,864.65,No
3236-KAWCQ,Female,0,Yes,No,72,Yes,No,Fiber optic,No,Yes,No,Yes,Yes,No,Two year,Yes,Bank transfer (automatic),96.18,6588.19,No
3538-OVIAR,Female,0,No,No,38,Yes,No,No,No internet service,No internet service,No internet service,No internet service,No internet service,No internet service,Month-to-month,Yes,Electronic check,23.94,911.0,No
5788-DBNPD,Male,1,Yes,No,9,Yes,No,DSL,No,No,Yes,No,No,No,One year,No,Credit card (automatic),59.09,517.2,No
6391-LDQQE,Male,0,No,Yes,8,No,No phone service,DSL,No,No,No,No,Yes,Yes,Month-to-month,Yes,Bank transfer (automatic),58.5,489.05,No
7061-FPVYG,Female,0,No,No,45,Yes,Yes,No,No internet service,No internet service,No internet service,No internet service,No internet service,No internet service,One year,No,Bank transfer (automatic),26.59,1163.07,No
4048-CZIUY,Male,1,No,No,5,Yes,Yes,No,No internet service,No internet service,No internet service,No internet service,No internet service,No internet service,Month-to-month,No,Mailed check,29.16,140.97,Yes
5280-SMOGV,Male,0,No,No,55,Yes,No,DSL,Yes,Yes,No,Yes,Yes,Yes,One year,No,Credit card (automatic),69.07,3664.37,No
2107-RXVTR,Male,0,No,Yes,30,Yes,Yes,No,No internet service,No internet service,No internet service,No internet service,No internet service,No internet service,Month-to-month,No,Bank transfer (automatic),22.8,695.31,No
9510-WHQLG,Female,0,Yes,No,68,Yes,No,DSL,Yes,Yes,No,No,No,No,Two year,Yes,Credit card (automatic),67.94,4582.92,No
8362-BDCFN,Female,0,Yes,No,31,Yes,No,Fiber optic,Yes,No,Yes,Yes,No,No,Month-to-month,Yes,Bank transfer (automatic),83.11,2482.11,Yes
9479-ZXTLU,Male,1,No,No,35,Yes,Yes,DSL,Yes,No,Yes,Yes,Yes,Yes,Month-to-month,Yes,Mailed check,56.44,1890.59,No
3413-RAXZT,Female,0,No,Yes,18,No,No phone service,No,No internet service,No internet service,No internet service,No internet service,No internet service,No internet service,Month-to-month,Yes,Electronic check,18.25,338.34,Yes
2572-GTMOK,Male,0,Yes,No,32,Yes,No,No,No internet service,No internet service,No internet service,No internet service,No internet service,No internet service,Month-to-month,Yes,Bank transfer (automatic),28.49,902.63,Yes
8520-ELFRH,Male,0,Yes,No,72,Yes,No,DSL,No,No,No,Yes,Yes,No,One year,Yes,Mailed check,62.54,4498.69,No
3694-EWFWX,Female,0,Yes,No,19,Yes,Yes,No,No internet service,No internet service,No internet service,No internet service,No internet service,No internet service,Month-to-month,No,Credit card (automatic),23.94,443.56,No
9675-IRVCB,Female,0,No,No,3,Yes,No,DSL,No,Yes,No,Yes,Yes,No,Month-to-month,Yes,Electronic check,62.79,182.44,No
2862-ZCTVX,Male,0,Yes,No,43,Yes,No,No,No internet service,No internet service,No internet service,No internet service,No internet service,No internet service,Two year,No,Credit card (automatic),21.94,903.32,No
5758-NTQUJ,Female,1,No,Yes,44,Yes,Yes,No,No internet service,No internet service,No internet service,No internet service,No internet service,No internet service,One year,Yes,Mailed check,34.9,1460.27,No
9401-LGTQB,Female,0,No,No,2,Yes,Yes,No,No internet service,No internet service,No internet service,No internet service,No internet service,No internet service,Month-to-month,No,Electronic check,21.08,42.71,No
2497-AOWIC,Male,0,No,Yes,22,Yes,Yes,DSL,No,No,Yes,No,No,No,Month-to-month,No,Credit card (automatic),60.24,1280.74,Yes
8660-SOFRJ,Male,0,Yes,Yes,49,Yes,Yes,DSL,Yes,Yes,Yes,No,Yes,No,Two year,Yes,Credit card (automatic),48.97,2467.85,No
3205-HBMTV,Female,0,Yes,No,11,Yes,Yes,Fiber optic,No,Yes,No,No,Yes,No,Month-to-month,Yes,Electronic check,91.42,955.93,Yes
7515-WZFLI,Male,0,No,Yes,12,Yes,No,Fiber optic,Yes,Yes,Yes,Yes,No,No,Month-to-month,Yes,Bank transfer (automatic),91.64,1066.2,Yes
7162-VXCND,Female,0,No,Yes,4,Yes,No,Fiber optic,No,No,Yes,Yes,No,Yes,Month-to-month,No,Bank transfer (automatic),81.88,333.37,Yes
3968-MQUZI,Female,0,No,Yes,32,Yes,Yes,Fiber optic,Yes,No,Yes,Yes,No,No,One year,No,Mailed check,82.83,2707.77,Yes
6034-BCZYY,Male,0,Yes,Yes,27,No,No phone service,DSL,Yes,Yes,No,Yes,No,No,Month-to-month,Yes,Electronic check,47.16,1237.54,No
3353-QFRMY,Female,0,Yes,No,48,Yes,Yes,Fiber optic,No,No,Yes,No,Yes,Yes,Two year,Yes,Electronic check,80.23,3707.14,No
4362-QRUBM,Female,0,Yes,No,5,Yes,Yes,DSL,No,No,Yes,Yes,Yes,Yes,Month-to-month,Yes,Credit card (automatic),59.98,312.83,No
5069-FUVCR,Female,0,No,No,46,Yes,No,DSL,No,Yes,Yes,No,Yes,No,One year,No,Credit card (automatic),59.1,2727.84,Yes
8753-HQQAV,Male,0,Yes,No,52,Yes,No,Fiber optic,Yes,No,No,No,Yes,No,Month-to-month,No,Bank transfer (automatic),71.46,3573.68,No
7750-HITUB,Female,1,No,No,63,Yes,No,Fiber optic,Yes,Yes,Yes,Yes,No,No,Two year,No,Mailed check,82.9,5166.92,No
4230-QDZFW,Male,0,Yes,Yes,30,Yes,No,DSL,No,No,No,No,Yes,No,Month-to-month,No,Credit card (automatic),56.9,1764.95,No
1580-WBRJL,Female,0,No,No,10,Yes,No,DSL,No,Yes,Yes,Yes,Yes,No,Month-to-month,Yes,Credit card (automatic),52.38,516.37,No
1977-RQIMO,Male,0,Yes,No,20,Yes,Yes,Fiber optic,Yes,No,Yes,Yes,Yes,Yes,Month-to-month,Yes,Credit card (automatic),75.97,1468.64,Yes
7191-OBOJK,Female,0,Yes,No,1,Yes,No,Fiber optic,No,No,No,Yes,Yes,No,Month-to-month,Yes,Bank transfer (automatic),75.92,74.95,No
4336-JGISF,Male,0,Yes,Yes,10,Yes,No,DSL,No,No,No,No,No,No,Month-to-month,No,Credit card (automatic),63.72,662.75,No
7829-LPDFX,Female,0,Yes,Yes,5,Yes,No,Fiber optic,Yes,No,No,No,No,Yes,Month-to-month,No,Bank transfer (automatic),94.02,480.46,Yes
8478-BXVDG,Female,0,No,No,24,Yes,No,DSL,No,Yes,Yes,Yes,No,Yes,One year,Yes,Credit card (automatic),80.26,1929.73,No
2598-WWSGX,Male,0,No,No,16,Yes,No,Fiber optic,No,No,No,Yes,Yes,Yes,Month-to-month,No,Bank transfer (automatic),79.45,1332.77,No
8625-WJSRD,Male,0,No,No,72,Yes,Yes,No,No internet service,No internet service,No internet service,No internet service,No internet service,No internet service,Month-to-month,No,Credit card (automatic),18.25,1290.62,No
6244-OPIRX,Female,0,Yes,Yes,16,Yes,Yes,No,No internet service,No internet service,No internet service,No internet service,No internet service,No internet service,Month-to-month,Yes,Electronic check,21.16,340.86,No
6441-WUITR,Male,1,Yes,No,22,Yes,Yes,DSL,No,Yes,Yes,Yes,Yes,No,Month-to-month,Yes,Electronic check,53.11,1166.77,Yes
9492-IERQP,Male,1,No,No,72,Yes,No,Fiber optic,Yes,Yes,Yes,Yes,No,No,Two year,No,Electronic check,67.72,4933.72,No
7657-NAWHG,Female,0,No,No,11,Yes,Yes,DSL,No,No,No,Yes,Yes,No,Month-to-month,Yes,Credit card (automatic),62.86,660.51,No
8325-UNRCH,Female,0,Yes,No,54,Yes,Yes,Fiber optic,Yes,No,Yes,Yes,Yes,Yes,Two year,No,Electronic check,78.99,4410.01,No
3185-KJBRP,Male,0,Yes,No,29,Yes,No,No,No internet service,No internet service,No internet service,No internet service,No internet service,No internet service,Month-to-month,Yes,Bank transfer (automatic),24.78,683.41,No
4413-XJDWD,Female,0,No,No,6,Yes,No,No,No internet service,No internet service,No internet service,No internet service,No internet service,No internet service,Month-to-month,Yes,Credit card (automatic),24.23,144.64,No
1641-MPHVH,Male,0,Yes,No,47,Yes,No,DSL,No,No,No,No,No,No,Two year,No,Electronic check,56.32,2531.51,No
9671-QEKBV,Male,0,Yes,Yes,25,Yes,Yes,DSL,No,No,Yes,Yes,Yes,No,One year,Yes,Bank transfer (automatic),44.46,1079.07,Yes
6830-LRPPK,Male,1,Yes,No,64,Yes,No,Fiber optic,No,No,Yes,No,Yes,Yes,One year,No,Electronic check,76.52,4987.38,No
4163-GUMMS,Male,0,Yes,No,29,Yes,Yes,DSL,No,Yes,Yes,Yes,No,No,Month-to-month,Yes,Bank transfer (automatic),51.7,1538.98,No
5778-YGBKN,Female,0,Yes,No,47,Yes,Yes,Fiber optic,No,Yes,Yes,No,No,Yes,Two year,No,Bank transfer (automatic),76.94,3563.91,No
8390-QYCNV,Male,0,No,No,30,Yes,Yes,DSL,No,Yes,No,No,No,Yes,Two year,No,Electronic check,55.95,1754.8,No
5518-HTWGO,Male,0,No,Yes,27,Yes,Yes,Fiber optic,Yes,Yes,Yes,No,Yes,No,Month-to-month,Yes,Credit card (automatic),84.7,2360.68,No
8241-DATTE,Female,0,Yes,No,30,No,No phone service,Fiber optic,No,No,Yes,No,Yes,No,Month-to-month,Yes,Mailed check,76.15,2294.83,No
6372-SZVFO,Male,0,Yes,Yes,28,Yes,No,Fiber optic,Yes,No,No,No,Yes,No,Two year,Yes,Bank transfer (automatic),78.48,2277.03,No
7598-HELSN,Female,0,No,No,1,Yes,No,Fiber optic,Yes,No,Yes,Yes,Yes,No,Month-to-month,No,Mailed check,82.34,83.47,Yes
6439-RYQDK,Female,0,No,No,16,No,No phone service,Fiber optic,Yes,Yes,Yes,No,No,No,Month-to-month,Yes,Bank transfer (automatic),77.26,1261.1,Yes
2528-TZUGS,Male,0,No,Yes,5,Yes,Yes,Fiber optic,No,No,No,No,No,No,Month-to-month,Yes,Mailed check,89.81,468.09,Yes
1190-HHMIL,Male,1,No,No,7,Yes,No,Fiber optic,No,Yes,Yes,No,Yes,No,Month-to-month,Yes,Bank transfer (automatic),99.53,725.1,Yes
1089-VKVBW,Male,0,No,Yes,7,Yes,No,DSL,Yes,No,Yes,Yes,No,No,Month-to-month,No,Mailed check,49.17,358.28,No
6636-GTTSW,Female,0,Yes,Yes,21,Yes,No,DSL,No,No,No,No,Yes,No,Month-to-month,No,Credit card (automatic),63.28,1375.92,Yes
9584-EHBBC,Male,0,Yes,No,9,Yes,Yes,DSL,Yes,No,Yes,Yes,No,Yes,Month-to-month,No,Mailed check,49.48,463.4,Yes
7227-PAKCF,Female,0,No,No,1,Yes,Yes,Fiber optic,Yes,No,Yes,No,Yes,Yes,Month-to-month,Yes,Credit card (automatic),85.98,86.39,Yes
1500-NCUYW,Male,0,No,Yes,24,Yes,Yes,DSL,No,Yes,Yes,No,No,Yes,Month-to-month,No,Credit card (automatic),48.63,1190.15,No
8411-TXXFP,Female,0,Yes,Yes,69,Yes,Yes,No,No internet service,No internet service,No internet service,No internet service,No internet service,No internet service,One year,No,Electronic check,22.25,1519.47,No
3754-VAKJW,Female,1,Yes,No,22,Yes,No,DSL,Yes,No,Yes,Yes,No,Yes,One year,Yes,Mailed check,53.51,1160.65,No
3650-XMRNL,Male,0,No,Yes,72,Yes,No,Fiber optic,Yes,No,No,Yes,No,No,Month-to-month,No,Credit card (automatic),82.66,5680.35,Yes
3737-HQIWD,Male,0,Yes,No,47,Yes,Yes,Fiber optic,No,No,Yes,No,Yes,Yes,Month-to-month,No,Bank transfer (automatic),77.8,3746.35,No
2938-BWKAB,Female,0,No,No,41,Yes,No,DSL,No,Yes,No,Yes,No,No,Two year,No,Credit card (automatic),58.98,2479.26,No
9261-WHQGV,Male,1,Yes,No,32,Yes,Yes,Fiber optic,Yes,Yes,Yes,Yes,Yes,No,One year,Yes,Electronic check,80.81,2632.34,No
7437-LYFZH,Male,0,Yes,No,69,Yes,No,Fiber optic,Yes,Yes,No,No,No,No,Two year,Yes,Electronic check,87.42,5789.72,No
8997-WODTS,Male,0,No,No,45,Yes,Yes,No,No internet service,No internet service,No internet service,No internet service,No internet service,No internet service,Two year,Yes,Mailed check,23.25,1073.62,No
8786-FGJJA,Male,0,No,No,56,Yes,Yes,Fiber optic,No,Yes,No,No,Yes,No,Month-to-month,No,Bank transfer (automatic),93.87,5449.2,Yes
2381-MZDGW,Female,0,Yes,No,30,Yes,Yes,Fiber optic,Yes,Yes,No,Yes,No,Yes,Month-to-month,No,Mailed check,79.88,2487.71,Yes
1352-CXGIA,Female,0,No,No,56,Yes,No,No,No internet service,No internet service,No internet service,No internet service,No internet service,No internet service,Month-to-month,No,Credit card (automatic),27.14,1484.09,Yes
4656-ZZQRQ,Male,0,Yes,No,25,Yes,Yes,Fiber optic,No,Yes,No,No,Yes,Yes,Month-to-month,Yes,Credit card (automatic),74.61,1821.38,Yes
7253-NFWWD,Male,0,No,No,35,Yes,Yes,Fiber optic,No,No,Yes,No,No,Yes,One year,Yes,Mailed check,81.92,2997.41,No
1851-UBUZA,Male,0,Yes,No,8,Yes,No,No,No internet service,No internet service,No internet service,No internet service,No internet service,No internet service,Month-to-month,Yes,Mailed check,20.76,160.78,Yes
8189-DHORC,Male,0,No,No,45,No,No phone service,Fiber optic,Yes,Yes,No,Yes,No,No,Two year,No,Bank transfer (automatic),82.39,3772.31,No
1983-HRKHE,Female,0,Yes,No,1,Yes,No,DSL,Yes,No,Yes,No,Yes,Yes,One year,No,Bank transfer (automatic),62.04,62.09,No
9715-SZMVQ,Female,0,Yes,No,54,Yes,No,No,No internet service,No internet service,No internet service,No internet service,No internet service,No internet service,Two year,No,Mailed check,25.02,1322.22,No
5725-MNKQM,Male,0,No,No,45,Yes,No,Fiber optic,Yes,Yes,Yes,No,Yes,No,One year,Yes,Mailed check,78.21,3595.69,No
9735-XMKTQ,Male,1,Yes,No,12,Yes,Yes,Fiber optic,Yes,No,No,No,Yes,No,Month-to-month,No,Credit card (automatic),87.14,1026.24,Yes
3085-VRQUF,Male,0,No,No,7,Yes,No,Fiber optic,Yes,Yes,No,Yes,Yes,No,Month-to-month,No,Credit card (automatic),85.14,619.24,Yes
8198-DUPPS,Male,0,Yes,No,49,Yes,No,Fiber optic,Yes,No,No,No,No,No,Two year,Yes,Credit card (automatic),91.36,4669.36,No
3796-TASUA,Male,0,No,No,20,Yes,No,Fiber optic,No,No,Yes,Yes,Yes,Yes,Month-to-month,Yes,Credit card (automatic),61.96,1284.39,Yes
7250-UNPBZ,Male,0,Yes,No,47,Yes,No,DSL,Yes,Yes,No,Yes,Yes,Yes,Two year,Yes,Credit card (automatic),63.59,2898.68,No
9699-TALVR,Female,0,Yes,No,7,Yes,Yes,Fiber optic,Yes,Yes,Yes,No,Yes,Yes,Month-to-month,No,Bank transfer (automatic),85.48,626.72,Yes
9140-QSIVN,Male,1,No,No,68,Yes,Yes,DSL,Yes,No,No,No,No,Yes,One year,No,Credit card (automatic),59.07,3948.86,No
8199-FGCRT,Male,0,No,No,35,Yes,No,Fiber optic,No,Yes,No,Yes,No,Yes,Month-to-month,No,Electronic check,88.64,3111.92,No
3552-JOTHM,Female,0,Yes,No,35,Yes,Yes,No,No internet service,No internet service,No internet service,No internet service,No internet service,No internet service,One year,No,Electronic check,28.79,1044.49,No
2669-VWTVT,Male,0,Yes,No,46,Yes,No,Fiber optic,No,No,Yes,No,No,No,Two year,Yes,Credit card (automatic),79.11,3648.05,No
8520-LFYAK,Female,0,No,No,9,No,No phone service,No,No internet service,No internet service,No internet service,No internet service,No internet service,No internet service,Month-to-month,Yes,Mailed check,18.25,160.87,Yes
7535-URMXG,Male,0,Yes,No,34,Yes,Yes,Fiber optic,Yes,Yes,No,No,Yes,Yes,Two year,Yes,Bank transfer (automatic),85.6,2844.61,Yes
2278-QIMLG,Male,1,Yes,No,34,Yes,Yes,DSL,Yes,Yes,Yes,No,Yes,No,One year,Yes,Electronic check,64.32,2186.54,No
9985-JREZZ,Female,0,Yes,No,0,Yes,No,DSL,Yes,No,No,No,Yes,Yes,Month-to-month,Yes,Mailed check,51.56, ,No
1621-QPEUT,Male,0,No,No,72,No,No phone service,Fiber optic,No,Yes,No,No,Yes,No,Two year,No,Mailed check,76.93,5611.42,No
8596-PSSTP,Female,0,No,Yes,59,Yes,Yes,Fiber optic,Yes,Yes,No,Yes,Yes,Yes,Two year,No,Electronic check,77.03,4318.1,No
7701-BQFKT,Male,1,No,No,14,Yes,Yes,Fiber optic,No,Yes,Yes,Yes,No,No,Month-to-month,Yes,Bank transfer (automatic),88.31,1266.82,No
2024-TGTTA,Female,1,No,No,21,Yes,Yes,No,No internet service,No internet service,No internet service,No internet service,No internet service,No internet service,Month-to-month,No,Bank transfer (automatic),29.16,604.12,No
3103-UILAS,Male,1,No,No,53,Yes,No,DSL,Yes,No,No,No,Yes,No,Two year,Yes,Bank transfer (automatic),58.09,3232.16,No
1839-HMUMZ,Male,0,Yes,No,29,Yes,Yes,DSL,No,No,Yes,Yes,No,No,One year,No,Bank transfer (automatic),57.26,1612.41,No
5699-GEULP,Male,0,No,No,27,No,No phone service,No,No internet service,No internet service,No internet service,No internet service,No internet service,No internet service,Month-to-month,Yes,Mailed check,22.77,634.7,Yes
4331-HPHZT,Male,0,Yes,No,14,Yes,Yes,Fiber optic,No,Yes,No,No,Yes,No,Month-to-month,Yes,Bank transfer (automatic),82.99,1147.99,Yes
8375-HABWW,Female,0,Yes,Yes,34,No,No phone service,Fiber optic,Yes,Yes,Yes,No,Yes,No,Month-to-month,Yes,Electronic check,75.24,2540.25,Yes
7114-PFTNP,Male,0,Yes,Yes,9,Yes,No,DSL,No,No,No,Yes,Yes,No,Month-to-month,No,Mailed check,47.99,441.99,No
1215-NSUDA,Male,1,No,No,10,Yes,Yes,Fiber optic,No,No,No,No,No,Yes,Month-to-month,Yes,Mailed check,77.1,788.87,Yes
8699-IMQMY,Male,0,Yes,No,4,Yes,No,No,No internet service,No internet service,No internet service,No internet service,No internet service,No internet service,Month-to-month,Yes,Bank transfer (automatic),31.94,127.89,Yes
8579-KEZST,Female,0,No,No,8,Yes,Yes,No,No internet service,No internet service,No internet service,No internet service,No internet service,No internet service,Month-to-month,Yes,Mailed check,34.81,270.65,No
5175-MELOD,Female,0,No,No,57,Yes,No,DSL,Yes,No,Yes,No,Yes,Yes,One year,Yes,Credit card (automatic),57.68,3398.21,No
6718-PVBFL,Male,0,Yes,Yes,55,Yes,No,No,No internet service,No internet service,No internet service,No internet service,No internet service,No internet service,One year,Yes,Credit card (automatic),26.19,1469.41,No
8918-GZYCJ,Male,0,Yes,No,27,Yes,Yes,DSL,Yes,Yes,No,Yes,Yes,No,One year,No,Electronic check,58.4,1645.42,No
3329-MYJRD,Male,0,Yes,No,12,Yes,Yes,Fiber optic,No,No,No,Yes,No,Yes,Month-to-month,Yes,Bank transfer (automatic),79.52,961.47,Yes
6131-JXUFQ,Male,0,Yes,No,21,Yes,No,No,No internet service,No internet service,No internet service,No internet service,No internet service,No internet service,Month-to-month,Yes,Mailed check,21.16,435.96,No
4078-LMVHA,Male,1,Yes,Yes,65,Yes,Yes,DSL,Yes,Yes,No,No,No,No,Two year,Yes,Bank transfer (automatic),49.84,3357.18,No
2735-VHBKW,Male,0,No,No,50,Yes,Yes,Fiber optic,Yes,No,No,Yes,Yes,Yes,One year,Yes,Mailed check,82.81,3939.04,No
8857-YRVUA,Male,1,No,Yes,7,Yes,No,No,No internet service,No internet service,No internet service,No internet service,No internet service,No internet service,Month-to-month,No,Mailed check,26.75,187.38,Yes
4761-NMVZO,Female,0,No,No,25,Yes,Yes,Fiber optic,Yes,Yes,Yes,No,No,Yes,One year,No,Mailed check,80.73,2049.09,Yes
1866-JFMGC,Female,0,No,No,45,Yes,Yes,Fiber optic,Yes,Yes,Yes,Yes,Yes,Yes,Month-to-month,Yes,Bank transfer (automatic),89.51,4214.93,Yes
2543-MDAHQ,Female,0,Yes,No,8,Yes,Yes,DSL,Yes,No,No,Yes,Yes,Yes,Month-to-month,No,Credit card (automatic),54.0,434.37,No
6676-KRESA,Female,1,No,No,37,Yes,No,DSL,Yes,Yes,Yes,No,Yes,Yes,One year,No,Electronic check,54.95,2041.72,Yes
2216-XMOKQ,Female,0,Yes,Yes,9,Yes,Yes,DSL,No,No,No,No,Yes,No,Month-to-month,Yes,Electronic check,52.18,476.98,No
7731-UGQUK,Female,0,No,No,14,Yes,Yes,DSL,Yes,No,Yes,No,Yes,No,Month-to-month,No,Electronic check,69.14,971.57,No
4437-QOGYO,Female,0,No,No,49,Yes,Yes,DSL,Yes,Yes,Yes,No,Yes,Yes,Two year,Yes,Bank transfer (automatic),54.98,2663.43,No
6079-FRXSN,Male,0,Yes,No,10,Yes,No,No,No internet service,No internet service,No internet service,No internet service,No internet service,No internet service,Month-to-month,Yes,Electronic check,24.27,240.63,Yes
6728-GBQEC,Male,0,No,No,19,Yes,Yes,DSL,No,Yes,Yes,Yes,No,No,One year,Yes,Electronic check,54.47,989.25,No
7973-LWWDT,Male,0,No,Yes,46,Yes,No,No,No internet service,No internet service,No internet service,No internet service,No internet service,No internet service,Month-to-month,Yes,Credit card (automatic),29.78,1358.12,No
4013-SBMQL,Female,0,No,No,67,Yes,Yes,No,No internet service,No internet service,No internet service,No internet service,No internet service,No internet service,Two year,No,Mailed check,29.19,1890.6,No
5964-AAPKP,Female,1,Yes,Yes,2,Yes,Yes,Fiber optic,No,No,No,No,No,No,Month-to-month,Yes,Bank transfer (automatic),83.14,168.87,Yes
4235-ASDUA,Male,0,No,No,72,No,No phone service,DSL,Yes,No,Yes,No,Yes,No,Two year,Yes,Bank transfer (automatic),54.98,3954.3,No
9358-GXALK,Female,0,Yes,Yes,9,Yes,Yes,No,No internet service,No internet service,No internet service,No internet service,No internet service,No internet service,Month-to-month,No,Credit card (automatic),26.65,231.37,Yes
2478-MFLJF,Male,0,Yes,No,47,Yes,Yes,No,No internet service,No internet service,No internet service,No internet service,No internet service,No internet service,Two year,Yes,Mailed check,26.52,1218.69,No
8097-NVVGH,Male,0,No,No,25,Yes,No,DSL,No,No,No,No,No,Yes,Two year,Yes,Credit card (automatic),64.74,1554.36,No
9562-ICOZG,Female,0,Yes,No,29,Yes,Yes,DSL,No,No,Yes,Yes,No,Yes,Month-to-month,Yes,Mailed check,53.47,1533.8,Yes
6737-IKLDK,Male,0,No,No,65,Yes,No,Fiber optic,No,Yes,Yes,Yes,Yes,Yes,One year,No,Credit card (automatic),88.23,5932.14,No
3456-VFWAK,Male,1,Yes,No,30,No,No phone service,DSL,No,No,Yes,Yes,No,No,Month-to-month,Yes,Mailed check,49.46,1543.69,Yes
3414-LUYSN,Male,0,No,Yes,25,Yes,Yes,Fiber optic,No,No,No,No,Yes,No,Month-to-month,Yes,Mailed check,82.98,2127.68,Yes
5611-ZZTEG,Male,0,Yes,No,13,Yes,No,DSL,No,No,Yes,Yes,No,Yes,Month-to-month,No,Mailed check,54.99,737.7,Yes
3451-FZEWU,Male,0,No,No,38,Yes,Yes,No,No internet service,No internet service,No internet service,No internet service,No internet service,No internet service,One year,Yes,Bank transfer (automatic),24.68,984.0,No
5756-HGRRO,Female,0,No,Yes,35,No,No phone service,DSL,Yes,No,No,Yes,Yes,No,Month-to-month,No,Mailed check,56.24,2002.73,Yes
6115-VTTHB,Female,1,Yes,Yes,39,Yes,Yes,Fiber optic,No,No,Yes,Yes,Yes,Yes,One year,Yes,Electronic check,87.35,3252.38,No
5126-IINYU,Male,1,Yes,Yes,57,Yes,Yes,Fiber optic,No,Yes,No,No,No,Yes,Two year,Yes,Credit card (automatic),90.78,5042.26,No
7074-SKOLV,Male,0,No,No,6,No,No phone service,No,No internet service,No internet service,No internet service,No internet service,No internet service,No internet service,Month-to-month,No,Credit card (automatic),21.2,125.79,No
9912-LSBKW,Female,0,Yes,No,72,Yes,No,DSL,No,Yes,No,No,No,No,Month-to-month,Yes,Bank transfer (automatic),53.12,3743.49,No
7176-NFVZK,Female,0,No,Yes,72,Yes,No,Fiber optic,Yes,Yes,Yes,No,Yes,Yes,One year,Yes,Bank transfer (automatic),78.69,5521.23,No
8285-PKINK,Female,0,Yes,No,9,Yes,No,No,No internet service,No internet service,No internet service,No internet service,No internet service,No internet service,Month-to-month,Yes,Electronic check,19.93,181.03,Yes
6553-DMTVH,Female,1,Yes,Yes,13,Yes,Yes,Fiber optic,No,No,Yes,No,Yes,Yes,Month-to-month,Yes,Mailed check,88.41,1094.1,No
6401-HUJRL,Male,0,No,No,30,Yes,No,No,No internet service,No internet service,No internet service,No internet service,No internet service,No internet service,Month-to-month,Yes,Electronic check,18.25,535.23,Yes
3404-OQRUR,Female,1,No,Yes,33,Yes,Yes,DSL,Yes,Yes,No,Yes,No,No,Month-to-month,Yes,Credit card (automatic),59.34,1932.26,No
8661-LNMPD,Female,1,No,Yes,63,Yes,Yes,Fiber optic,Yes,Yes,Yes,No,Yes,No,One year,No,Mailed check,82.3,5243.53,No
8686-NOWML,Male,0,Yes,No,23,No,No phone service,No,No internet service,No internet service,No internet service,No internet service,No internet service,No internet service,Month-to-month,Yes,Credit card (automatic),25.88,571.31,No
6085-YGECT,Female,0,No,No,61,Yes,Yes,Fiber optic,No,No,Yes,No,Yes,No,Two year,No,Credit card (automatic),80.84,4796.6,No
1096-SWRER,Female,0,Yes,No,48,Yes,Yes,DSL,No,Yes,No,No,No,No,One year,No,Credit card (automatic),56.85,2851.17,No
4985-AFTOM,Male,0,Yes,No,55,Yes,Yes,DSL,Yes,Yes,Yes,No,Yes,Yes,Two year,Yes,Electronic check,64.26,3437.94,No
7986-NZBHE,Female,0,Yes,Yes,50,Yes,Yes,No,No internet service,No internet service,No internet service,No internet service,No internet service,No internet service,One year,Yes,Mailed check,27.28,1392.61,No
4724-XKICK,Male,0,No,No,3,No,No phone service,DSL,No,Yes,No,Yes,Yes,No,Month-to-month,Yes,Bank transfer (automatic),63.31,195.9,No
3059-EDQST,Male,0,Yes,Yes,48,Yes,No,DSL,Yes,Yes,No,Yes,No,No,Month-to-month,Yes,Bank transfer (automatic),58.31,2865.3,No
1481-XNOWH,Male,0,No,Yes,5,Yes,Yes,Fiber optic,Yes,No,Yes,No,No,Yes,Month-to-month,No,Mailed check,79.92,388.57,Yes
5529-BMGEQ,Female,0,No,No,30,Yes,No,No,No internet service,No internet service,No internet service,No internet service,No internet service,No internet service,One year,Yes,Electronic check,20.85,601.44,No
2170-ZGCLK,Male,0,No,Yes,12,Yes,No,Fiber optic,No,Yes,No,No,Yes,Yes,One year,Yes,Electronic check,86.29,1080.33,Yes
6919-RPOUQ,Male,0,Yes,No,20,Yes,No,Fiber optic,Yes,No,Yes,No,Yes,Yes,Month-to-month,Yes,Credit card (automatic),91.78,1777.64,No
2255-MRGWM,Female,0,No,No,34,Yes,Yes,No,No internet service,No internet service,No internet service,No internet service,No internet service,No internet service,One year,Yes,Bank transfer (automatic),18.25,589.51,No
3891-JQSGE,Male,0,Yes,No,13,Yes,Yes,DSL,No,Yes,No,No,No,No,Month-to-month,No,Electronic check,62.88,779.29,Yes
1824-MYYON,Male,0,Yes,Yes,45,No,No phone service,DSL,Yes,Yes,Yes,No,Yes,No,One year,Yes,Credit card (automatic),54.26,2546.59,No
5529-GKYQG,Female,0,Yes,Yes,13,Yes,No,Fiber optic,No,Yes,Yes,Yes,No,Yes,Month-to-month,Yes,Bank transfer (automatic),83.27,1120.75,Yes
1788-TXCJW,Male,0,No,No,10,Yes,No,Fiber optic,No,Yes,Yes,No,Yes,Yes,Month-to-month,Yes,Electronic check,90.83,872.4,Yes
3278-EKKMZ,Female,0,Yes,Yes,29,Yes,Yes,No,No internet service,No internet service,No internet service,No internet service,No internet service,No internet service,Month-to-month,Yes,Mailed check,30.63,931.42,No
9751-PBGEA,Male,0,No,Yes,48,Yes,No,Fiber optic,No,No,No,No,Yes,Yes,Two year,No,Mailed check,89.29,4166.25,No
4444-AOHSN,Female,0,No,Yes,47,Yes,Yes,Fiber optic,No,Yes,Yes,Yes,Yes,Yes,One year,No,Bank transfer (automatic),85.42,4028.15,No
9555-MEXIT,Male,0,Yes,No,20,Yes,No,Fiber optic,No,Yes,No,Yes,Yes,No,Month-to-month,Yes,Bank transfer (automatic),84.54,1727.9,No
8043-YQNKL,Male,0,No,No,11,Yes,Yes,DSL,Yes,No,Yes,Yes,No,Yes,Month-to-month,Yes,Bank transfer (automatic),63.93,703.4,No
8022-OBJXF,Male,0,Yes,Yes,24,Yes,No,No,No internet service,No internet service,No internet service,No internet service,No internet service,No internet service,Month-to-month,Yes,Mailed check,39.97,962.96,No
5249-VHRUI,Female,0,Yes,No,35,Yes,Yes,Fiber optic,Yes,No,No,No,Yes,Yes,Month-to-month,Yes,Credit card (automatic),83.62,3033.03,Yes
9060-LHFGO,Female,1,Yes,No,68,Yes,Yes,Fiber optic,Yes,Yes,No,Yes,Yes,No,One year,Yes,Electronic check,84.64,5774.12,Yes
3027-JSWRN,Female,0,No,Yes,35,Yes,Yes,Fiber optic,No,No,No,No,No,Yes,Month-to-month,No,Credit card (automatic),78.98,2701.68,No
7264-KHTDX,Female,0,No,Yes,29,Yes,Yes,DSL,Yes,No,Yes,Yes,No,Yes,Month-to-month,No,Bank transfer (automatic),49.7,1497.9,No
4856-VCMKJ,Male,0,No,No,23,Yes,No,Fiber optic,No,Yes,Yes,Yes,Yes,Yes,Month-to-month,Yes,Electronic check,90.38,2159.97,Yes
5607-RYVGZ,Male,0,No,No,62,Yes,Yes,DSL,Yes,Yes,Yes,Yes,Yes,Yes,Two year,No,Bank transfer (automatic),58.72,3515.58,No
5484-LARXH,Female,0,Yes,No,8,Yes,Yes,Fiber optic,Yes,Yes,No,No,Yes,Yes,Month-to-month,Yes,Electronic check,86.84,663.85,Yes
8805-CZGMA,Male,0,No,Yes,2,Yes,No,No,No internet service,No internet service,No internet service,No internet service,No internet service,No internet service,Month-to-month,Yes,Credit card (automatic),26.84,56.1,No
9083-NZJBR,Male,1,Yes,Yes,35,Yes,Yes,DSL,No,Yes,Yes,No,No,No,Month-to-month,No,Bank transfer (automatic),68.74,2342.37,No
2467-PAEQR,Female,1,No,No,52,Yes,Yes,Fiber optic,Yes,No,No,No,No,Yes,Two year,No,Electronic check,81.15,4341.81,No
2371-EWAFZ,Male,0,Yes,No,72,Yes,Yes,Fiber optic,Yes,No,No,Yes,Yes,No,Two year,Yes,Mailed check,74.79,5590.49,No
5927-AXISQ,Female,1,Yes,No,12,Yes,No,Fiber optic,No,No,Yes,Yes,No,No,Month-to-month,Yes,Credit card (automatic),91.09,1109.54,Yes
4302-JOJES,Female,0,Yes,Yes,12,Yes,Yes,DSL,Yes,No,Yes,Yes,Yes,Yes,Month-to-month,Yes,Electronic check,61.72,703.91,No
7067-PTNYX,Female,0,No,Yes,25,Yes,Yes,DSL,No,Yes,No,No,Yes,Yes,One year,Yes,Bank transfer (automatic),60.73,1445.67,No
9829-CCMSG,Male,1,Yes,No,36,Yes,No,DSL,No,Yes,No,No,Yes,No,Month-to-month,No,Mailed check,47.17,1679.18,No
2036-AOZMT,Female,0,Yes,No,23,Yes,No,No,No internet service,No internet service,No internet service,No internet service,No internet service,No internet service,Month-to-month,Yes,Electronic check,28.48,640.54,No
1465-FRKAF,Male,0,Yes,No,28,Yes,No,No,No internet service,No internet service,No internet service,No internet service,No internet service,No internet service,Month-to-month,No,Electronic check,18.25,489.7,No
8137-RVJYX,Female,1,Yes,No,6,Yes,Yes,Fiber optic,No,No,No,Yes,Yes,Yes,Month-to-month,Yes,Credit card (automatic),88.33,507.3,No
4307-FZJMY,Male,0,No,No,56,Yes,Yes,No,No internet service,No internet service,No internet service,No internet service,No internet service,No internet service,One year,No,Mailed check,23.09,1307.58,No
3421-XEHKM,Male,0,Yes,No,6,Yes,No,DSL,Yes,Yes,No,No,No,No,Month-to-month,Yes,Bank transfer (automatic),63.1,382.83,No
3188-WRRTQ,Female,0,Yes,Yes,14,Yes,No,Fiber optic,Yes,Yes,Yes,Yes,Yes,No,Month-to-month,No,Electronic check,83.09,1184.63,Yes
6792-RSXFN,Male,1,No,No,9,Yes,Yes,DSL,Yes,Yes,Yes,No,Yes,Yes,Month-to-month,Yes,Credit card (automatic),57.96,547.14,No
2658-EYMSS,Male,0,No,Yes,10,Yes,No,Fiber optic,Yes,Yes,No,Yes,Yes,No,Month-to-month,Yes,Credit card (automatic),78.27,743.99,Yes
1285-MEIER,Male,0,Yes,No,29,No,No phone service,DSL,Yes,No,No,Yes,No,Yes,Two year,Yes,Credit card (automatic),42.64,1227.54,No
2187-LHZUJ,Male,0,No,Yes,10,Yes,Yes,DSL,No,Yes,No,Yes,Yes,Yes,Month-to-month,Yes,Credit card (automatic),58.75,591.74,No
3640-SQOBC,Male,1,Yes,No,69,Yes,Yes,Fiber optic,No,Yes,No,No,Yes,No,Two year,No,Mailed check,84.57,5727.83,No
6726-MVAEU,Male,0,Yes,No,72,Yes,No,Fiber optic,No,No,Yes,No,Yes,Yes,Two year,Yes,Electronic check,85.36,6366.36,No
9811-TABWM,Male,0,No,Yes,15,Yes,No,Fiber optic,Yes,No,No,Yes,Yes,Yes,Month-to-month,Yes,Credit card (automatic),87.67,1260.63,Yes
5470-ZGHRX,Male,1,No,No,56,Yes,Yes,No,No internet service,No internet service,No internet service,No internet service,No internet service,No internet service,Two year,No,Bank transfer (automatic),27.34,1598.67,No
4292-DBAJN,Female,0,Yes,No,7,Yes,Yes,No,No internet service,No internet service,No internet service,No internet service,No internet service,No internet service,Month-to-month,Yes,Bank transfer (automatic),36.81,263.85,Yes
5403-GRWGR,Male,0,No,No,14,Yes,Yes,DSL,No,Yes,Yes,No,Yes,Yes,Month-to-month,No,Electronic check,56.9,775.0,No
5904-RARTR,Male,0,No,Yes,27,Yes,No,DSL,Yes,No,Yes,Yes,Yes,Yes,One year,Yes,Credit card (automatic),70.55,1858.5,No
8563-TZRLV,Female,0,No,Yes,16,Yes,No,No,No internet service,No internet service,No internet service,No internet service,No internet service,No internet service,Month-to-month,Yes,Credit card (automatic),26.06,396.4,No
7252-OPJPM,Female,0,No,No,0,Yes,Yes,Fiber optic,Yes,No,No,Yes,Yes,Yes,One year,Yes,Mailed check,86.79, ,No
2180-LYIRK,Female,0,No,Yes,51,Yes,No,No,No internet service,No internet service,No internet service,No internet service,No internet service,No internet service,Two year,Yes,Credit card (automatic),30.76,1552.6,No
3570-KYCRV,Male,0,No,No,63,Yes,Yes,DSL,No,No,No,Yes,No,No,Two year,No,Credit card (automatic),39.63,2437.67,No
2667-TQIEY,Female,0,No,Yes,7,Yes,No,No,No internet service,No internet service,No internet service,No internet service,No internet service,No internet service,Month-to-month,Yes,Credit card (automatic),34.99,254.59,No
2773-YQWHA,Male,0,Yes,No,46,Yes,Yes,Fiber optic,Yes,No,No,Yes,No,No,One year,Yes,Credit card (automatic),86.15,3920.3,No
6898-JOLIS,Female,0,No,No,52,Yes,Yes,Fiber optic,No,No,No,Yes,No,No,One year,Yes,Credit card (automatic),78.71,4082.03,Yes
5507-QRRIT,Female,0,Yes,No,25,Yes,No,DSL,Yes,Yes,No,Yes,Yes,Yes,Month-to-month,Yes,Credit card (automatic),57.19,1383.9,No
2975-YVOEX,Male,0,Yes,No,1,Yes,Yes,Fiber optic,No,No,No,Yes,Yes,Yes,Month-to-month,No,Electronic check,87.94,90.96,Yes
5989-VAIHV,Female,0,No,No,35,Yes,No,Fiber optic,Yes,Yes,Yes,Yes,No,No,One year,No,Mailed check,80.93,2750.74,No
5179-DPELZ,Male,0,No,No,23,No,No phone service,DSL,No,No,No,Yes,No,No,Month-to-month,Yes,Credit card (automatic),51.0,1172.37,No
4910-LBLYY,Male,0,No,No,50,Yes,Yes,No,No internet service,No internet service,No internet service,No internet service,No internet service,No internet service,One year,Yes,Mailed check,23.81,1234.88,No
9669-JBGFC,Female,0,No,No,18,Yes,No,No,No internet service,No internet service,No internet service,No internet service,No internet service,No internet service,Month-to-month,No,Credit card (automatic),19.57,359.8,No
7383-NSFSB,Female,0,No,No,40,No,No phone service,Fiber optic,No,Yes,Yes,No,Yes,No,One year,Yes,Bank transfer (automatic),70.45,2897.06,No
7492-VGILP,Male,0,Yes,No,19,Yes,No,Fiber optic,No,No,No,Yes,Yes,Yes,Month-to-month,Yes,Bank transfer (automatic),82.6,1573.42,Yes
5758-CJNPQ,Female,0,Yes,No,20,Yes,No,No,No internet service,No internet service,No internet service,No internet service,No internet service,No internet service,Month-to-month,No,Credit card (automatic),18.25,361.78,No
6991-LNIHI,Female,0,No,No,72,Yes,No,Fiber optic,No,Yes,No,Yes,Yes,Yes,Two year,Yes,Electronic check,85.59,6403.18,No
4945-CFDKM,Female,0,No,No,53,Yes,No,Fiber optic,No,No,Yes,No,No,Yes,Month-to-month,Yes,Credit card (automatic),76.57,3989.58,Yes
2468-DNFWE,Male,0,Yes,No,8,Yes,No,Fiber optic,Yes,Yes,No,Yes,Yes,No,One year,Yes,Mailed check,95.06,751.35,No
5335-UCLMO,Female,0,No,No,25,Yes,Yes,DSL,Yes,Yes,No,Yes,Yes,No,Month-to-month,No,Bank transfer (automatic),63.18,1603.6,Yes
8971-PJKQH,Female,0,Yes,No,22,Yes,No,No,No internet service,No internet service,No internet service,No internet service,No internet service,No internet service,Month-to-month,Yes,Bank transfer (automatic),30.14,646.85,No
7161-JBNGJ,Male,0,No,Yes,28,No,No phone service,DSL,No,No,Yes,No,No,Yes,Two year,Yes,Bank transfer (automatic),45.94,1294.19,No
3913-DHXIT,Male,0,Yes,No,48,Yes,No,Fiber optic,No,Yes,Yes,No,No,Yes,Month-to-month,Yes,Bank transfer (automatic),88.85,4306.72,No
4677-BVXGE,Female,0,Yes,No,6,Yes,No,DSL,Yes,Yes,No,No,Yes,No,Month-to-month,Yes,Electronic check,49.66,298.34,No
9375-CXEWY,Male,0,No,No,29,Yes,No,Fiber optic,Yes,No,Yes,Yes,No,Yes,Month-to-month,No,Credit card (automatic),80.98,2364.92,No
3160-FCUJQ,Male,0,Yes,No,25,Yes,Yes,Fiber optic,No,Yes,Yes,No,No,No,Month-to-month,Yes,Credit card (automatic),72.9,1868.18,Yes
6527-NGJNC,Female,0,Yes,No,58,Yes,Yes,Fiber optic,Yes,Yes,Yes,No,Yes,No,Two year,Yes,Electronic check,81.46,4731.79,No
4633-SKKVN,Male,0,No,Yes,17,Yes,Yes,Fiber optic,Yes,Yes,No,Yes,No,No,Month-to-month,No,Bank transfer (automatic),84.86,1436.25,Yes
7634-BYUVR,Male,0,No,No,35,Yes,Yes,Fiber optic,No,No,Yes,No,No,No,Month-to-month,Yes,Electronic check,81.27,2966.48,Yes
5844-NQMSI,Male,0,Yes,No,4,Yes,Yes,Fiber optic,No,Yes,Yes,No,No,Yes,Month-to-month,Yes,Mailed check,78.34,305.02,No
7923-IMBXR,Male,1,No,No,8,Yes,No,Fiber optic,No,No,Yes,No,No,Yes,Month-to-month,Yes,Mailed check,87.02,666.1,No
3246-BWAMA,Female,0,Yes,No,39,Yes,Yes,DSL,Yes,No,Yes,No,No,Yes,One year,No,Credit card (automatic),59.91,2269.92,No
7240-FLOJR,Male,0,No,Yes,8,Yes,Yes,Fiber optic,No,No,Yes,No,No,Yes,Month-to-month,No,Mailed check,82.1,679.94,Yes
5572-KIKIO,Male,0,No,No,7,Yes,Yes,Fiber optic,No,No,No,No,Yes,No,Month-to-month,No,Credit card (automatic),84.82,579.34,Yes
7880-PAVUV,Male,0,No,No,44,No,No phone service,Fiber optic,No,Yes,No,No,No,Yes,Month-to-month,No,Credit card (automatic),71.23,3055.95,No
1448-VMVUW,Male,0,No,Yes,45,Yes,Yes,Fiber optic,Yes,No,No,No,Yes,Yes,Month-to-month,Yes,Mailed check,88.05,3901.29,No
2097-OSPVS,Female,0,Yes,No,58,No,No phone service,Fiber optic,No,No,No,No,Yes,Yes,Two year,No,Electronic check,83.12,4929.28,No
1321-FQJJX,Male,0,Yes,Yes,23,Yes,Yes,Fiber optic,No,Yes,No,Yes,No,No,One year,No,Mailed check,80.59,1785.26,No
1805-NIBJK,Female,1,No,Yes,11,Yes,Yes,No,No internet service,No internet service,No internet service,No internet service,No internet service,No internet service,Month-to-month,No,Electronic check,26.72,299.24,No
5092-ESJOO,Female,0,No,No,20,Yes,Yes,DSL,Yes,No,No,Yes,Yes,No,Month-to-month,Yes,Credit card (automatic),61.0,1174.77,No
6079-NHMNA,Female,0,Yes,Yes,33,Yes,No,Fiber optic,No,Yes,Yes,No,No,No,One year,No,Electronic check,89.38,2831.55,No
7513-LHAHK,Male,0,No,No,30,Yes,Yes,Fiber optic,Yes,Yes,No,Yes,No,Yes,Month-to-month,Yes,Bank transfer (automatic),98.22,2915.95,Yes
8529-QKDHX,Female,1,Yes,No,5,Yes,Yes,Fiber optic,No,Yes,No,No,No,Yes,Month-to-month,Yes,Mailed check,91.27,478.01,Yes
2150-QNFWK,Male,0,No,No,25,No,No phone service,Fiber optic,No,Yes,No,No,No,No,Two year,No,Mailed check,70.8,1704.02,No
6950-CZAIX,Female,0,No,No,10,Yes,No,DSL,Yes,Yes,Yes,Yes,Yes,Yes,One year,Yes,Credit card (automatic),65.23,630.81,No
6740-RIUYQ,Female,0,Yes,No,46,No,No phone service,DSL,Yes,No,Yes,Yes,No,Yes,Month-to-month,No,Mailed check,71.56,3296.49,No
2965-XAXAB,Male,1,No,No,24,Yes,Yes,DSL,Yes,No,Yes,Yes,Yes,No,Month-to-month,Yes,Electronic check,54.01,1323.95,Yes
1378-ESKCI,Male,0,No,No,71,Yes,Yes,Fiber optic,No,No,Yes,Yes,Yes,No,Two year,No,Mailed check,91.62,6215.58,No
9978-NSGNU,Female,0,No,No,65,No,No phone service,Fiber optic,Yes,No,No,Yes,Yes,No,One year,Yes,Electronic check,82.05,5184.8,No
7069-APUDK,Male,0,No,No,44,Yes,No,DSL,Yes,Yes,No,Yes,No,No,Month-to-month,Yes,Bank transfer (automatic),61.33,2791.2,No
6804-ASWNL,Female,0,No,Yes,62,No,No phone service,Fiber optic,No,No,Yes,No,No,No,Month-to-month,Yes,Credit card (automatic),79.67,4979.17,No
1826-SYWOA,Male,0,Yes,Yes,57,Yes,No,No,No internet service,No internet service,No internet service,No internet service,No internet service,No internet service,Two year,No,Electronic check,22.94,1244.15,No
3572-GADOC,Male,0,Yes,Yes,21,Yes,Yes,DSL,No,No,Yes,Yes,No,No,Month-to-month,No,Electronic check,51.1,1104.32,No
1347-YPUGJ,Female,1,Yes,No,58,Yes,Yes,DSL,Yes,No,No,No,No,Yes,One year,Yes,Bank transfer (automatic),66.07,3674.79,No
6493-RJXSF,Female,0,Yes,No,60,Yes,No,DSL,Yes,No,Yes,Yes,No,Yes,Two year,Yes,Mailed check,49.72,3027.85,No
1883-AVVMS,Female,0,No,No,7,Yes,No,Fiber optic,Yes,No,Yes,Yes,Yes,No,Month-to-month,Yes,Credit card (automatic),81.75,573.25,Yes
8950-EZMLE,Female,0,Yes,No,72,Yes,No,No,No internet service,No internet service,No internet service,No internet service,No internet service,No internet service,Two year,No,Bank transfer (automatic),25.17,1838.63,No
7051-PAQDH,Female,1,Yes,No,18,Yes,No,DSL,Yes,Yes,No,Yes,No,Yes,Month-to-month,No,Electronic check,57.98,1056.46,Yes
6504-UDMHS,Male,1,No,No,33,Yes,Yes,No,No internet service,No internet service,No internet service,No internet service,No internet service,No internet service,One year,Yes,Mailed check,26.24,862.96,No
8452-QULPH,Male,1,Yes,Yes,35,Yes,Yes,Fiber optic,Yes,No,Yes,No,No,No,Month-to-month,No,Credit card (automatic),94.63,3362.69,Yes
9895-FXTZQ,Female,0,No,No,18,Yes,No,No,No internet service,No internet service,No internet service,No internet service,No internet service,No internet service,Month-to-month,Yes,Bank transfer (automatic),26.37,488.77,Yes
4168-HEZCV,Female,0,No,No,27,Yes,No,No,No internet service,No internet service,No internet service,No internet service,No internet service,No internet service,One year,Yes,Electronic check,26.7,734.15,No
7285-DXEEO,Male,0,No,No,56,Yes,Yes,Fiber optic,No,No,No,No,No,Yes,One year,Yes,Mailed check,89.01,4827.73,No
1928-CQZBQ,Male,0,No,Yes,17,Yes,Yes,DSL,No,No,No,Yes,No,Yes,Month-to-month,No,Electronic check,63.09,1114.17,No
6414-BDLSF,Male,0,Yes,No,35,Yes,No,DSL,No,Yes,No,No,Yes,No,Month-to-month,No,Bank transfer (automatic),60.78,2185.91,No
4907-MSGRV,Female,0,Yes,No,18,Yes,Yes,DSL,Yes,No,Yes,No,No,Yes,Month-to-month,Yes,Bank transfer (automatic),58.02,1009.42,No
6243-SEXHF,Male,0,Yes,No,50,Yes,Yes,DSL,No,Yes,Yes,No,No,Yes,Two year,Yes,Credit card (automatic),60.66,2889.33,No
5935-KLUNJ,Female,0,No,No,72,Yes,Yes,Fiber optic,Yes,No,Yes,No,No,Yes,Two year,No,Mailed check,86.32,5915.6,No
8201-JYZMU,Female,0,No,No,11,Yes,No,Fiber optic,Yes,No,Yes,No,Yes,No,Month-to-month,No,Electronic check,86.29,920.39,Yes
7372-WLKHP,Male,0,No,No,23,Yes,Yes,Fiber optic,No,Yes,No,No,No,Yes,Month-to-month,Yes,Electronic check,77.19,1798.73,No
6540-LILND,Male,0,No,No,58,Yes,Yes,DSL,No,Yes,No,No,No,No,Two year,Yes,Mailed check,51.55,2861.28,Yes
6940-VIKCP,Male,0,No,Yes,72,Yes,Yes,DSL,Yes,Yes,Yes,No,No,No,Two year,Yes,Electronic check,63.17,4594.07,No
4847-WXUFF,Male,0,No,Yes,31,Yes,No,No,No internet service,No internet service,No internet service,No internet service,No internet service,No internet service,One year,Yes,Electronic check,20.26,635.81,Yes
5370-QAMCG,Female,0,No,No,36,No,No phone service,Fiber optic,No,No,Yes,Yes,No,No,One year,Yes,Mailed check,78.64,2716.27,Yes
4230-BGQZU,Male,0,No,Yes,37,No,No phone service,No,No internet service,No internet service,No internet service,No internet service,No internet service,No internet service,Month-to-month,Yes,Mailed check,18.57,668.71,No
3757-YLJWK,Female,0,Yes,No,8,Yes,Yes,Fiber optic,Yes,Yes,No,No,No,No,Month-to-month,Yes,Bank transfer (automatic),80.14,654.41,Yes
7648-EIZGW,Male,0,Yes,Yes,15,Yes,Yes,DSL,Yes,Yes,Yes,Yes,No,No,Month-to-month,Yes,Electronic check,63.28,935.47,No
5197-YKMKF,Male,0,No,No,5,Yes,No,No,No internet service,No internet service,No internet service,No internet service,No internet service,No internet service,Month-to-month,Yes,Electronic check,25.56,125.32,No
8593-ONJUJ,Female,0,Yes,No,41,Yes,Yes,No,No internet service,No internet service,No internet service,No internet service,No internet service,No internet service,One year,Yes,Mailed check,32.39,1342.81,Yes
3138-CWBVJ,Male,1,No,No,58,Yes,Yes,Fiber optic,No,Yes,Yes,Yes,No,No,Two year,Yes,Mailed check,87.73,4932.12,No
1022-YTSOT,Male,0,No,No,57,Yes,No,DSL,No,Yes,Yes,No,No,No,Two year,No,Bank transfer (automatic),54.72,3070.57,No
2198-GOTPK,Male,0,Yes,Yes,4,Yes,No,Fiber optic,No,Yes,Yes,Yes,No,No,Month-to-month,Yes,Mailed check,80.41,311.7,No
7046-BNKMD,Male,0,Yes,No,47,Yes,Yes,Fiber optic,Yes,Yes,No,Yes,Yes,No,One year,Yes,Bank transfer (automatic),81.51,3924.1,No
9129-WYVRH,Female,0,Yes,Yes,50,Yes,Yes,No,No internet service,No internet service,No internet service,No internet service,No internet service,No internet service,Two year,Yes,Bank transfer (automatic),21.13,1004.66,No
2027-PYJZE,Male,0,No,No,30,Yes,No,Fiber optic,No,No,Yes,Yes,No,No,Month-to-month,No,Electronic check,90.04,2694.19,No
3549-QMTIU,Male,1,No,No,4,Yes,Yes,No,No internet service,No internet service,No internet service,No internet service,No internet service,No internet service,Month-to-month,Yes,Bank transfer (automatic),22.1,92.19,Yes
3709-DONOA,Male,0,No,No,39,Yes,No,Fiber optic,No,No,No,No,Yes,No,Two year,No,Credit card (automatic),82.89,3288.24,No
4699-CUCYB,Male,0,Yes,No,21,Yes,Yes,Fiber optic,Yes,Yes,Yes,Yes,Yes,No,Month-to-month,Yes,Electronic check,85.28,1792.42,No
6494-ICJBS,Male,0,Yes,Yes,39,Yes,No,Fiber optic,No,Yes,No,No,Yes,No,One year,No,Credit card (automatic),76.2,2887.86,No
8837-ILDMY,Female,0,No,No,1,Yes,No,Fiber optic,Yes,Yes,Yes,No,No,No,Month-to-month,Yes,Bank transfer (automatic),83.15,83.63,Yes
5843-WUDBJ,Female,0,No,No,25,Yes,Yes,No,No internet service,No internet service,No internet service,No internet service,No internet service,No internet service,Month-to-month,No,Electronic check,34.74,843.73,No
9459-EBYFJ,Male,0,Yes,No,56,Yes,Yes,DSL,No,No,Yes,Yes,No,No,Two year,Yes,Credit card (automatic),60.37,3507.66,No
8021-CESAS,Male,0,No,No,6,Yes,No,Fiber optic,Yes,Yes,Yes,Yes,No,Yes,Month-to-month,No,Electronic check,81.05,504.59,Yes
5881-GPIYK,Male,0,No,No,27,Yes,No,Fiber optic,No,Yes,No,No,Yes,Yes,Month-to-month,Yes,Electronic check,87.93,2427.22,No
7734-GVHNU,Male,0,No,Yes,57,Yes,No,DSL,Yes,Yes,Yes,No,Yes,No,Month-to-month,Yes,Mailed check,64.77,3518.93,No
9334-TRSKR,Male,1,Yes,No,26,No,No phone service,DSL,No,Yes,Yes,No,Yes,No,Month-to-month,Yes,Credit card (automatic),41.08,1120.31,Yes
6171-NIJDS,Male,1,Yes,Yes,0,Yes,No,DSL,No,Yes,Yes,Yes,Yes,No,Month-to-month,Yes,Electronic check,59.17, ,Yes
1199-DHDTD,Male,0,No,No,46,Yes,No,DSL,No,No,Yes,Yes,No,Yes,One year,No,Mailed check,62.26,2984.83,No
5107-TPPIL,Female,0,No,No,4,Yes,No,Fiber optic,No,Yes,No,Yes,No,No,Month-to-month,No,Mailed check,88.08,358.89,Yes
7901-MSVGD,Female,0,No,No,21,Yes,Yes,Fiber optic,No,Yes,Yes,Yes,No,Yes,Month-to-month,Yes,Electronic check,90.0,1831.35,Yes
5169-JDTQR,Male,0,No,No,27,Yes,No,Fiber optic,No,No,No,Yes,Yes,No,Month-to-month,No,Credit card (automatic),81.41,2137.16,No
7381-LNFTY,Male,0,Yes,No,57,Yes,Yes,No,No internet service,No internet service,No internet service,No internet service,No internet service,No internet service,Two year,Yes,Bank transfer (automatic),25.21,1387.33,No
8863-KBWOU,Female,1,Yes,No,33,Yes,No,DSL,No,Yes,No,Yes,Yes,No,Month-to-month,Yes,Mailed check,56.02,1861.42,No
3709-WVAOM,Female,0,No,No,54,Yes,Yes,Fiber optic,Yes,No,Yes,No,Yes,Yes,Two year,Yes,Mailed check,90.31,4740.52,No
6920-GCHNH,Female,0,No,Yes,72,Yes,No,DSL,No,Yes,No,Yes,Yes,No,Two year,No,Electronic check,47.16,3241.75,No
5176-KSKDQ,Male,0,No,No,11,Yes,Yes,Fiber optic,No,Yes,No,No,Yes,No,Month-to-month,Yes,Mailed check,74.57,858.78,Yes
2913-HSHBJ,Male,0,No,No,27,Yes,No,Fiber optic,No,Yes,No,No,Yes,Yes,Month-to-month,No,Bank transfer (automatic),92.53,2533.71,Yes
4491-RSATT,Female,0,No,No,9,Yes,No,DSL,Yes,No,Yes,No,Yes,No,One year,No,Mailed check,59.71,539.21,No
2561-ITOIT,Male,0,Yes,No,8,No,No phone service,No,No internet service,No internet service,No internet service,No internet service,No internet service,No internet service,Month-to-month,Yes,Bank transfer (automatic),18.25,141.3,No
6683-NAQEX,Male,1,Yes,No,45,Yes,No,DSL,Yes,No,Yes,No,No,Yes,Two year,No,Credit card (automatic),66.01,3078.34,No
2700-AJJJY,Female,0,Yes,No,55,Yes,Yes,Fiber optic,No,Yes,Yes,Yes,No,Yes,Two year,Yes,Bank transfer (automatic),72.86,4070.64,No
3470-VEQDF,Male,0,No,No,54,Yes,Yes,No,No internet service,No internet service,No internet service,No internet service,No internet service,No internet service,One year,Yes,Credit card (automatic),26.38,1489.8,No
2332-ILWTS,Male,1,No,Yes,32,Yes,Yes,No,No internet service,No internet service,No internet service,No internet service,No internet service,No internet service,Month-to-month,No,Credit card (automatic),29.34,920.14,No
5399-HHDRU,Female,0,No,No,8,Yes,No,Fiber optic,No,No,Yes,Yes,No,Yes,Month-to-month,No,Mailed check,83.41,681.78,No
5930-OJZXK,Female,0,Yes,Yes,24,Yes,Yes,DSL,Yes,Yes,No,No,Yes,Yes,Month-to-month,No,Credit card (automatic),39.75,907.45,No
7794-JDHVM,Male,0,Yes,No,9,Yes,Yes,Fiber optic,No,No,Yes,No,No,No,Month-to-month,No,Credit card (automatic),80.72,740.46,Yes
8787-ILBUI,Female,0,Yes,No,48,Yes,Yes,Fiber optic,Yes,No,Yes,No,Yes,Yes,Two year,Yes,Electronic check,77.09,3537.12,No
1819-FRVYG,Male,0,No,Yes,18,No,No phone service,Fiber optic,No,Yes,No,Yes,No,Yes,Month-to-month,No,Bank transfer (automatic),88.89,1673.07,No
6313-LSRBD,Male,0,Yes,No,72,Yes,Yes,Fiber optic,Yes,Yes,Yes,Yes,No,Yes,One year,Yes,Electronic check,89.55,6367.2,No
6309-NXWBP,Female,1,Yes,No,41,Yes,No,DSL,No,Yes,No,Yes,No,No,One year,Yes,Credit card (automatic),58.26,2488.15,No
4659-MBVEY,Female,0,No,No,8,Yes,Yes,DSL,Yes,No,Yes,No,Yes,No,Month-to-month,Yes,Electronic check,49.17,393.13,Yes
9380-VDKAP,Male,0,No,No,30,Yes,Yes,No,No internet service,No internet service,No internet service,No internet service,No internet service,No internet service,One year,Yes,Mailed check,24.99,771.62,No
8777-NAHEL,Male,0,Yes,Yes,50,Yes,Yes,Fiber optic,Yes,No,Yes,Yes,Yes,No,Two year,No,Mailed check,75.93,3789.93,No
4345-VFHGX,Female,1,No,No,15,Yes,No,Fiber optic,Yes,No,Yes,No,No,No,Month-to-month,No,Bank transfer (automatic),86.05,1298.13,No
3650-ZRHPD,Male,0,Yes,No,42,Yes,Yes,DSL,No,No,Yes,Yes,Yes,No,One year,No,Mailed check,61.9,2640.91,No
9133-YHELU,Male,0,Yes,No,4,Yes,No,DSL,Yes,Yes,Yes,Yes,Yes,No,Month-to-month,Yes,Credit card (automatic),57.67,239.91,Yes
6640-BAGTG,Female,0,Yes,No,18,Yes,No,Fiber optic,Yes,No,No,No,Yes,Yes,One year,Yes,Credit card (automatic),85.17,1490.81,No
9048-HXXSE,Male,1,No,No,49,Yes,Yes,Fiber optic,No,No,Yes,Yes,No,Yes,Two year,Yes,Bank transfer (automatic),98.46,4891.53,Yes
1646-EQRZY,Female,0,No,No,19,Yes,No,DSL,Yes,Yes,Yes,No,No,No,One year,No,Electronic check,50.09,969.76,No
3770-KUUIA,Female,0,Yes,No,72,Yes,Yes,No,No internet service,No internet service,No internet service,No internet service,No internet service,No internet service,Month-to-month,Yes,Credit card (automatic),18.25,1291.06,No
1868-VJSUX,Male,0,No,No,4,Yes,No,No,No internet service,No internet service,No internet service,No internet service,No internet service,No internet service,Month-to-month,Yes,Credit card (automatic),26.55,104.23,No
5428-QFYWK,Male,1,No,Yes,56,Yes,No,DSL,No,Yes,No,Yes,Yes,Yes,Two year,No,Mailed check,55.0,2962.82,No
4304-TKSCG,Female,0,No,No,29,Yes,Yes,Fiber optic,Yes,Yes,Yes,No,No,No,One year,No,Bank transfer (automatic),85.35,2439.53,Yes
8022-XAUBW,Male,0,No,No,29,Yes,No,DSL,No,No,Yes,No,Yes,No,Month-to-month,Yes,Electronic check,52.21,1499.53,No
3279-JSVKI,Male,0,No,No,16,Yes,Yes,DSL,Yes,Yes,No,No,Yes,Yes,One year,Yes,Bank transfer (automatic),60.33,962.8,No
9818-ZNAZQ,Male,0,No,Yes,19,Yes,No,DSL,Yes,Yes,No,No,No,Yes,Month-to-month,Yes,Bank transfer (automatic),59.88,1154.09,No
5975-CZSFJ,Female,0,Yes,Yes,72,Yes,Yes,DSL,Yes,Yes,No,Yes,Yes,No,Two year,Yes,Mailed check,63.89,4401.14,No
4093-WMWRJ,Female,0,Yes,No,12,Yes,Yes,Fiber optic,No,Yes,Yes,No,Yes,Yes,Month-to-month,Yes,Credit card (automatic),81.8,933.91,Yes
4651-VMRDL,Male,0,Yes,Yes,24,Yes,No,DSL,No,Yes,Yes,No,No,No,Month-to-month,No,Mailed check,66.07,1537.61,No
6191-IWFWB,Female,0,No,No,12,Yes,No,DSL,No,Yes,No,No,No,Yes,Month-to-month,Yes,Bank transfer (automatic),54.0,678.8,No
4844-NGOXL,Male,0,Yes,No,6,Yes,No,DSL,Yes,No,No,No,Yes,No,Month-to-month,Yes,Credit card (automatic),61.96,390.22,No
5850-YYASW,Female,0,No,Yes,72,Yes,Yes,Fiber optic,Yes,No,Yes,No,Yes,No,One year,Yes,Credit card (automatic),72.38,5359.12,No
9481-UCTVN,Female,0,No,No,35,Yes,No,No,No internet service,No internet service,No internet service,No internet service,No internet service,No internet service,One year,Yes,Electronic check,18.25,632.97,No
1188-EHWDT,Female,0,No,Yes,47,Yes,Yes,DSL,Yes,No,No,No,No,Yes,One year,Yes,Bank transfer (automatic),51.75,2542.35,No
2612-VAGCO,Female,1,Yes,Yes,30,Yes,No,DSL,No,Yes,No,No,Yes,No,Month-to-month,No,Electronic check,72.26,2230.72,Yes
8028-KNQLT,Female,1,Yes,No,54,Yes,No,DSL,No,Yes,No,No,Yes,Yes,Two year,Yes,Mailed check,68.8,3887.82,No
3554-EEEAB,Male,0,Yes,No,8,Yes,Yes,No,No internet service,No internet service,No internet service,No internet service,No internet service,No internet service,Two year,Yes,Bank transfer (automatic),27.19,217.73,No
1474-EQGPB,Female,0,Yes,No,33,Yes,Yes,No,No internet service,No internet service,No internet service,No internet service,No internet service,No internet service,One year,No,Bank transfer (automatic),20.0,687.04,No
8203-JLRZU,Female,0,No,No,72,Yes,Yes,Fiber optic,No,No,Yes,No,Yes,No,One year,Yes,Bank transfer (automatic),88.35,6573.09,No
4611-IICIT,Female,1,Yes,No,22,Yes,No,DSL,No,No,Yes,Yes,No,No,Month-to-month,No,Electronic check,50.27,1128.31,No
3485-KBGBM,Male,0,No,Yes,72,Yes,No,Fiber optic,Yes,Yes,Yes,Yes,Yes,No,Two year,No,Mailed check,70.9,5292.71,No
3672-ZPJNY,Male,0,No,Yes,20,Yes,Yes,DSL,Yes,No,Yes,Yes,No,No,Month-to-month,Yes,Bank transfer (automatic),59.13,1133.4,No
2624-GOCNE,Female,0,No,Yes,45,Yes,No,DSL,Yes,No,Yes,No,Yes,Yes,Two year,No,Bank transfer (automatic),59.68,2702.4,No
8776-UBNFP,Male,0,Yes,Yes,3,Yes,No,Fiber optic,No,Yes,No,No,Yes,Yes,Month-to-month,No,Mailed check,85.79,247.68,Yes
5902-ZENZD,Female,0,Yes,No,66,Yes,Yes,Fiber optic,No,No,No,Yes,Yes,Yes,Month-to-month,No,Mailed check,79.01,5327.63,No
3285-SCFYP,Male,0,Yes,No,4,Yes,Yes,No,No internet service,No internet service,No internet service,No internet service,No internet service,No internet service,Month-to-month,No,Electronic check,21.3,82.71,No
1505-WNMZI,Female,0,No,No,68,Yes,No,DSL,No,Yes,Yes,Yes,No,No,Two year,No,Credit card (automatic),70.72,4738.4,No
4407-OGDDH,Female,0,Yes,No,0,Yes,Yes,Fiber optic,Yes,Yes,No,Yes,Yes,No,One year,No,Electronic check,81.96, ,Yes
1716-NZGBB,Male,0,No,Yes,23,Yes,Yes,Fiber optic,Yes,Yes,Yes,Yes,Yes,Yes,Month-to-month,Yes,Credit card (automatic),79.68,1850.32,Yes
2496-PMKTK,Male,0,Yes,No,64,Yes,Yes,No,No internet service,No internet service,No internet service,No internet service,No internet service,No internet service,Two year,Yes,Electronic check,27.28,1661.97,No
6544-ZECFE,Female,0,Yes,No,0,Yes,No,No,No internet service,No internet service,No internet service,No internet service,No internet service,No internet service,Month-to-month,Yes,Bank transfer (automatic),22.02, ,No
8462-WODWX,Female,0,No,Yes,54,Yes,Yes,DSL,Yes,No,Yes,No,No,No,Two year,No,Electronic check,70.72,3819.69,No
4668-RPNJH,Female,0,Yes,No,65,Yes,No,Fiber optic,No,No,No,No,Yes,Yes,Two year,No,Bank transfer (automatic),85.0,5345.06,No
3480-JTVCB,Male,1,No,Yes,61,Yes,Yes,No,No internet service,No internet service,No internet service,No internet service,No internet service,No internet service,One year,Yes,Electronic check,22.81,1394.06,No
5303-TOVSS,Male,0,No,No,2,Yes,Yes,Fiber optic,No,Yes,Yes,Yes,Yes,Yes,Month-to-month,Yes,Mailed check,78.11,159.35,Yes
5845-BETIS,Female,0,No,No,72,Yes,No,DSL,No,Yes,Yes,No,Yes,No,Two year,No,Credit card (automatic),48.11,3522.44,No
4053-ARXLD,Female,0,No,No,60,Yes,Yes,Fiber optic,Yes,Yes,No,No,No,No,One year,No,Credit card (automatic),84.36,5143.11,No
4730-YIBTG,Male,0,Yes,No,40,Yes,Yes,Fiber optic,Yes,Yes,No,Yes,Yes,Yes,Month-to-month,Yes,Bank transfer (automatic),78.04,3168.42,Yes
1335-RIDBE,Male,0,No,Yes,56,Yes,No,Fiber optic,Yes,Yes,No,No,Yes,Yes,Two year,Yes,Mailed check,72.24,4067.78,Yes
2346-AJVKA,Female,1,Yes,Yes,45,Yes,No,No,No internet service,No internet service,No internet service,No internet service,No internet service,No internet service,Month-to-month,Yes,Credit card (automatic),18.25,806.26,No
8934-QZPMN,Male,0,No,No,2,Yes,No,Fiber optic,No,No,No,Yes,No,Yes,Month-to-month,No,Electronic check,90.67,180.96,No
1058-JLHVY,Female,0,Yes,No,26,Yes,No,Fiber optic,No,No,No,No,Yes,Yes,One year,No,Bank transfer (automatic),81.68,2189.45,No
5303-UFXST,Female,1,Yes,No,72,No,No phone service,Fiber optic,Yes,Yes,Yes,No,Yes,No,One year,No,Bank transfer (automatic),79.17,5884.75,No
6352-VNZRL,Female,0,No,No,2,Yes,Yes,Fiber optic,Yes,No,No,Yes,No,Yes,Month-to-month,Yes,Electronic check,84.29,173.78,Yes
2875-XBBAC,Male,0,Yes,No,28,Yes,No,Fiber optic,No,No,Yes,No,Yes,Yes,One year,Yes,Credit card (automatic),94.28,2583.95,Yes
3223-MHLLL,Male,0,No,No,44,Yes,No,Fiber optic,Yes,No,Yes,No,Yes,Yes,Two year,No,Bank transfer (automatic),78.82,3606.57,No
1535-NHNBW,Female,0,Yes,No,33,Yes,Yes,DSL,No,No,Yes,No,No,No,Month-to-month,No,Electronic check,59.24,1938.74,Yes
7499-IJIZS,Male,0,Yes,No,14,Yes,Yes,No,No internet service,No internet service,No internet service,No internet service,No internet service,No internet service,Month-to-month,No,Credit card (automatic),30.83,426.6,Yes
5141-QBVPI,Male,0,Yes,No,14,Yes,Yes,No,No internet service,No internet service,No internet service,No internet service,No internet service,No internet service,Month-to-month,Yes,Credit card (automatic),24.99,364.87,No
7237-AMYTB,Male,0,Yes,Yes,44,Yes,No,DSL,Yes,Yes,No,No,Yes,No,Two year,Yes,Bank transfer (automatic),61.91,2764.86,No
6308-RNIRL,Male,1,No,No,16,Yes,Yes,DSL,Yes,No,No,No,Yes,Yes,Month-to-month,No,Credit card (automatic),59.01,986.39,No
9538-VXKRD,Female,0,No,No,24,Yes,No,Fiber optic,No,No,No,Yes,No,No,Month-to-month,Yes,Bank transfer (automatic),78.18,1800.81,No
7771-TUALH,Female,0,Yes,No,62,Yes,No,No,No internet service,No internet service,No internet service,No internet service,No internet service,No internet service,Two year,No,Electronic check,31.74,1940.12,No
9234-NPLCQ,Male,0,No,Yes,20,Yes,Yes,DSL,No,Yes,No,Yes,Yes,No,One year,Yes,Bank transfer (automatic),58.41,1171.34,No
6497-JQKRJ,Female,1,Yes,No,22,Yes,No,No,No internet service,No internet service,No internet service,No internet service,No internet service,No internet service,Month-to-month,No,Mailed check,27.75,612.81,No
7959-XMARY,Male,0,Yes,No,52,Yes,No,No,No internet service,No internet service,No internet service,No internet service,No internet service,No internet service,Two year,No,Electronic check,26.72,1427.2,No
7387-JOJUS,Female,0,Yes,No,4,Yes,Yes,No,No internet service,No internet service,No internet service,No internet service,No internet service,No internet service,Month-to-month,Yes,Mailed check,18.25,74.04,Yes
6625-KEQIX,Male,0,Yes,Yes,8,Yes,Yes,Fiber optic,Yes,No,Yes,No,Yes,No,Month-to-month,Yes,Bank transfer (automatic),82.41,639.85,Yes
1567-WUNZS,Male,0,No,No,3,Yes,Yes,No,No internet service,No internet service,No internet service,No internet service,No internet service,No internet service,Month-to-month,Yes,Credit card (automatic),25.35,78.23,No
1375-KVUEE,Male,0,Yes,Yes,59,Yes,No,DSL,No,Yes,No,Yes,Yes,Yes,One year,Yes,Electronic check,46.12,2787.52,No
9315-BYOUF,Male,0,Yes,No,28,Yes,Yes,No,No internet service,No internet service,No internet service,No internet service,No internet service,No internet service,Month-to-month,Yes,Bank transfer (automatic),18.25,498.0,No
4096-SECPA,Male,0,Yes,No,60,No,No phone service,Fiber optic,No,No,No,No,No,Yes,Two year,Yes,Bank transfer (automatic),76.49,4439.19,No
9449-RSNQY,Female,0,Yes,No,72,Yes,No,Fiber optic,Yes,No,Yes,No,No,Yes,One year,Yes,Credit card (automatic),80.02,5496.45,No
1043-GSDGA,Female,0,No,No,16,Yes,No,No,No internet service,No internet service,No internet service,No internet service,No internet service,No internet service,Month-to-month,Yes,Mailed check,30.42,493.98,Yes
1496-LRCZU,Female,0,No,No,33,Yes,No,Fiber optic,Yes,Yes,No,No,Yes,No,Two year,Yes,Bank transfer (automatic),92.11,3154.13,No
6963-BNXGO,Male,1,No,Yes,47,Yes,Yes,No,No internet service,No internet service,No internet service,No internet service,No internet service,No internet service,Two year,No,Electronic check,21.31,1015.82,No
6076-SXDBC,Female,0,No,No,16,Yes,Yes,DSL,Yes,No,Yes,No,No,Yes,Month-to-month,Yes,Electronic check,54.67,842.46,Yes
3404-JWNTO,Female,1,Yes,No,9,Yes,Yes,Fiber optic,Yes,No,Yes,Yes,No,No,Month-to-month,No,Mailed check,82.6,774.88,Yes
9571-IRHGZ,Female,0,No,No,59,Yes,Yes,Fiber optic,Yes,No,No,Yes,Yes,Yes,Month-to-month,Yes,Bank transfer (automatic),89.28,5434.36,No
1215-HKDUJ,Female,0,No,Yes,64,No,No phone service,Fiber optic,No,Yes,No,Yes,No,No,Month-to-month,Yes,Electronic check,77.92,5119.11,No
5129-HXKUQ,Male,0,Yes,No,51,Yes,No,Fiber optic,No,No,No,Yes,No,Yes,Two year,No,Credit card (automatic),89.36,4731.4,No
9600-PZSBE,Male,0,Yes,No,9,Yes,Yes,Fiber optic,No,Yes,No,No,No,Yes,Month-to-month,Yes,Electronic check,89.45,796.02,No
8106-BEUJF,Male,0,No,No,1,Yes,No,No,No internet service,No internet service,No internet service,No internet service,No internet service,No internet service,Month-to-month,Yes,Bank transfer (automatic),28.54,27.59,No
2780-IVLYS,Female,0,Yes,No,0,Yes,Yes,DSL,No,Yes,No,No,Yes,Yes,One year,No,Bank transfer (automatic),59.66, ,No
3414-EYXDI,Male,1,Yes,No,38,Yes,Yes,Fiber optic,No,No,Yes,No,Yes,No,Two year,Yes,Bank transfer (automatic),76.51,3029.02,No
7687-ZXHXS,Male,1,Yes,No,10,Yes,Yes,Fiber optic,No,Yes,No,No,Yes,Yes,Month-to-month,No,Credit card (automatic),84.06,817.03,Yes
5163-JVVXM,Male,0,No,No,2,Yes,No,Fiber optic,Yes,Yes,Yes,Yes,Yes,Yes,Month-to-month,Yes,Mailed check,79.39,159.07,Yes
3399-WHTNP,Female,1,Yes,No,41,Yes,No,Fiber optic,Yes,No,No,Yes,No,No,Two year,Yes,Mailed check,93.38,3965.68,No
2886-GQGRZ,Male,0,Yes,No,57,Yes,No,DSL,Yes,Yes,No,Yes,No,No,Two year,Yes,Mailed check,66.59,3666.66,No
1741-YEDVF,Male,0,No,Yes,24,Yes,Yes,DSL,No,No,No,No,No,No,One year,Yes,Bank transfer (automatic),59.11,1397.88,No
6827-CCFNH,Female,0,Yes,Yes,15,Yes,Yes,DSL,No,Yes,Yes,Yes,Yes,No,One year,No,Electronic check,59.38,918.69,No
3009-VECCW,Male,0,Yes,No,19,No,No phone service,Fiber optic,No,Yes,Yes,No,No,No,Month-to-month,No,Bank transfer (automatic),69.35,1336.5,No
5281-ZUHUL,Female,0,No,No,51,Yes,No,Fiber optic,Yes,Yes,Yes,Yes,No,No,Two year,Yes,Bank transfer (automatic),80.12,3931.58,No
6040-NTFBT,Male,0,Yes,No,35,Yes,No,Fiber optic,No,No,No,Yes,No,Yes,One year,Yes,Credit card (automatic),95.33,3353.37,No
9583-PDCOX,Male,0,Yes,Yes,14,Yes,Yes,DSL,No,Yes,No,Yes,Yes,Yes,One year,No,Bank transfer (automatic),62.35,860.83,No
6523-HQEMZ,Female,0,No,No,53,Yes,No,DSL,Yes,No,No,Yes,No,No,Two year,Yes,Electronic check,59.36,3296.29,No
6663-CFBKG,Female,0,Yes,No,60,Yes,No,Fiber optic,No,Yes,Yes,No,No,No,Two year,No,Mailed check,85.52,5065.75,No
9815-IALTR,Male,0,Yes,Yes,17,No,No phone service,DSL,No,No,Yes,No,Yes,Yes,Month-to-month,No,Mailed check,53.32,922.03,Yes
9791-JNOAA,Male,0,Yes,No,13,Yes,No,DSL,No,Yes,No,No,No,Yes,Month-to-month,Yes,Mailed check,59.76,774.77,Yes
8162-KRYGU,Male,1,Yes,Yes,45,Yes,Yes,DSL,Yes,No,No,Yes,Yes,Yes,Month-to-month,No,Bank transfer (automatic),59.9,2599.82,No
2923-TEHMM,Female,0,Yes,No,46,Yes,No,DSL,Yes,Yes,Yes,Yes,No,Yes,Two year,Yes,Bank transfer (automatic),70.43,3192.64,No
1273-VAWFS,Male,0,Yes,No,6,Yes,No,No,No internet service,No internet service,No internet service,No internet service,No internet service,No internet service,Month-to-month,No,Mailed check,18.25,114.04,Yes
7402-LNBXD,Female,0,No,Yes,60,Yes,No,DSL,Yes,Yes,Yes,No,No,Yes,One year,Yes,Electronic check,55.66,3230.11,No
6923-ATJMA,Male,1,Yes,No,14,Yes,Yes,DSL,No,Yes,Yes,Yes,Yes,No,Month-to-month,No,Credit card (automatic),46.21,634.57,No
2970-LSPGP,Female,0,Yes,Yes,20,Yes,No,DSL,No,Yes,Yes,No,Yes,Yes,Month-to-month,Yes,Bank transfer (automatic),57.29,1143.52,Yes
3007-OOFFN,Male,0,Yes,No,61,No,No phone service,No,No internet service,No internet service,No internet service,No internet service,No internet service,No internet service,Month-to-month,Yes,Electronic check,19.32,1141.28,No
6281-ZMLMW,Female,0,Yes,Yes,72,Yes,No,No,No internet service,No internet service,No internet service,No internet service,No internet service,No internet service,Two year,Yes,Mailed check,28.65,2064.15,No
3762-JJQSM,Female,0,No,No,1,Yes,Yes,Fiber optic,Yes,Yes,No,No,Yes,Yes,Month-to-month,No,Electronic check,75.98,72.73,No
3374-RHXQL,Female,0,Yes,No,40,Yes,No,Fiber optic,No,Yes,Yes,Yes,Yes,No,Two year,Yes,Electronic check,77.77,3158.02,No
3099-TPWSU,Female,0,Yes,No,13,Yes,Yes,No,No internet service,No internet service,No internet service,No internet service,No internet service,No internet service,Month-to-month,Yes,Bank transfer (automatic),28.95,389.35,Yes
1829-ARAXW,Male,0,Yes,Yes,7,Yes,No,DSL,No,Yes,No,No,Yes,Yes,Month-to-month,Yes,Credit card (automatic),62.91,457.92,Yes
6264-SKYAH,Female,0,Yes,No,27,Yes,Yes,Fiber optic,Yes,Yes,No,Yes,No,No,Month-to-month,Yes,Mailed check,81.15,2131.09,No
7278-UGULW,Female,0,No,Yes,23,Yes,No,DSL,Yes,No,Yes,Yes,Yes,Yes,Month-to-month,No,Electronic check,45.85,1070.94,No
3403-RFDSR,Male,0,No,Yes,27,Yes,No,DSL,Yes,Yes,No,Yes,Yes,Yes,One year,No,Bank transfer (automatic),59.78,1535.35,Yes
3639-PYINF,Female,0,Yes,No,21,Yes,Yes,Fiber optic,No,No,No,Yes,Yes,Yes,Month-to-month,Yes,Electronic check,84.2,1793.64,Yes
5661-XQDTK,Female,0,Yes,No,20,Yes,Yes,DSL,No,No,No,No,No,Yes,Month-to-month,Yes,Mailed check,60.65,1245.59,Yes
1163-QHZZR,Male,0,No,No,48,Yes,No,DSL,No,No,Yes,Yes,No,No,Month-to-month,Yes,Bank transfer (automatic),50.1,2400.99,Yes
6681-HBBMI,Male,1,Yes,No,27,Yes,Yes,DSL,No,No,No,No,Yes,Yes,Two year,Yes,Bank transfer (automatic),53.07,1466.67,No
9643-HFVVJ,Female,0,Yes,No,19,No,No phone service,No,No internet service,No internet service,No internet service,No internet service,No internet service,No internet service,Month-to-month,Yes,Credit card (automatic),25.17,464.73,No
1735-CNWKA,Female,0,Yes,No,59,Yes,Yes,Fiber optic,Yes,No,No,Yes,No,No,One year,Yes,Mailed check,92.36,5336.95,No
4374-ALMTB,Male,0,No,Yes,72,Yes,Yes,No,No internet service,No internet service,No internet service,No internet service,No internet service,No internet service,Two year,No,Electronic check,29.94,2232.93,No
5325-EMZTV,Female,0,Yes,No,34,Yes,Yes,Fiber optic,Yes,No,No,No,No,No,Two year,Yes,Bank transfer (automatic),79.98,2602.19,No
1347-TWRUB,Female,0,Yes,No,30,Yes,Yes,DSL,No,No,No,No,Yes,Yes,One year,Yes,Bank transfer (automatic),57.95,1773.23,No
7647-VFMKC,Female,0,No,Yes,69,Yes,No,Fiber optic,Yes,Yes,Yes,Yes,No,No,One year,No,Mailed check,77.02,5455.28,No
2154-HCNBA,Male,0,Yes,No,43,Yes,Yes,Fiber optic,Yes,Yes,No,Yes,No,Yes,One year,Yes,Electronic check,85.79,3643.54,Yes
6662-GJIMM,Male,1,Yes,No,27,Yes,No,DSL,Yes,Yes,Yes,Yes,Yes,No,Two year,Yes,Bank transfer (automatic),67.17,1816.22,No
2198-ALOTF,Female,0,No,No,56,Yes,Yes,DSL,No,Yes,No,Yes,No,Yes,Two year,Yes,Electronic check,64.63,3672.79,No
1753-PXGCK,Male,0,Yes,Yes,27,Yes,No,DSL,No,Yes,No,Yes,No,No,Month-to-month,Yes,Credit card (automatic),63.75,1653.19,No
6046-QCRIA,Male,0,No,No,31,Yes,Yes,No,No internet service,No internet service,No internet service,No internet service,No internet service,No internet service,One year,Yes,Electronic check,20.58,652.94,No
9299-NHVUF,Female,0,Yes,No,66,Yes,No,Fiber optic,Yes,No,No,Yes,Yes,Yes,Two year,Yes,Electronic check,81.19,5327.25,No
9644-NGLEW,Male,1,No,No,0,Yes,No,Fiber optic,No,No,No,No,Yes,Yes,Month-to-month,No,Bank transfer (automatic),80.01, ,Yes
3418-LBYHQ,Male,0,No,No,28,Yes,Yes,No,No internet service,No internet service,No internet service,No internet service,No internet service,No internet service,One year,Yes,Mailed check,29.86,820.68,No
4177-OOHLP,Male,0,No,No,5,Yes,No,Fiber optic,No,Yes,No,No,No,Yes,Month-to-month,Yes,Electronic check,83.15,406.15,Yes
2955-DEKFH,Male,0,Yes,No,17,Yes,Yes,Fiber optic,No,No,Yes,No,No,Yes,Month-to-month,Yes,Electronic check,88.82,1543.5,Yes
7171-RYTLY,Female,0,Yes,No,14,Yes,Yes,Fiber optic,No,No,No,No,Yes,No,One year,No,Credit card (automatic),85.39,1217.83,Yes
9287-FEXXV,Male,0,Yes,No,12,Yes,No,DSL,Yes,No,No,No,No,No,Month-to-month,Yes,Electronic check,54.82,672.99,No
5142-WTTPG,Female,0,Yes,No,15,Yes,No,DSL,No,Yes,Yes,No,Yes,Yes,Month-to-month,No,Bank transfer (automatic),50.98,750.8,Yes
7724-WWPBT,Female,0,Yes,No,47,Yes,Yes,DSL,Yes,No,No,Yes,No,No,Two year,Yes,Credit card (automatic),71.8,3531.76,No
3281-FCEMH,Male,0,No,No,24,Yes,No,DSL,No,No,Yes,No,No,No,Month-to-month,Yes,Bank transfer (automatic),57.46,1352.56,No
4435-NNKLX,Female,1,Yes,No,8,Yes,Yes,DSL,Yes,Yes,Yes,No,No,Yes,Month-to-month,Yes,Electronic check,60.68,474.92,Yes
3547-AUCUI,Male,0,No,No,15,No,No phone service,DSL,No,No,No,No,Yes,Yes,Month-to-month,No,Credit card (automatic),65.46,969.84,Yes
8571-EEKKS,Male,0,Yes,No,27,Yes,No,Fiber optic,Yes,No,No,No,Yes,No,Two year,Yes,Mailed check,86.04,2216.42,No
6826-ZRFCG,Female,0,No,Yes,45,Yes,No,DSL,Yes,No,Yes,No,No,Yes,Month-to-month,Yes,Mailed check,53.79,2402.2,No
9850-TTHMS,Male,0,Yes,No,59,Yes,Yes,DSL,No,Yes,No,Yes,No,No,Two year,Yes,Mailed check,60.35,3415.89,No
9521-PAWYA,Female,0,No,No,38,No,No phone service,Fiber optic,Yes,Yes,Yes,No,Yes,No,Month-to-month,Yes,Mailed check,86.85,3214.68,Yes
4529-ZYZZA,Male,1,No,Yes,40,Yes,No,DSL,Yes,Yes,No,No,Yes,No,Month-to-month,Yes,Credit card (automatic),62.11,2427.98,No
2359-MPKGG,Male,0,Yes,No,16,Yes,No,Fiber optic,Yes,Yes,No,No,No,No,Month-to-month,Yes,Mailed check,103.22,1599.5,Yes
6429-ZVEDG,Female,1,No,No,8,Yes,No,Fiber optic,Yes,Yes,No,No,Yes,No,Month-to-month,Yes,Credit card (automatic),70.88,576.46,No
7597-ASPRW,Female,0,Yes,No,43,Yes,No,DSL,No,Yes,Yes,Yes,Yes,Yes,Two year,Yes,Credit card (automatic),57.67,2525.86,No
6318-QMQJB,Male,0,No,No,59,Yes,Yes,DSL,No,Yes,Yes,No,Yes,Yes,One year,Yes,Bank transfer (automatic),51.84,3026.08,No
1227-SQKTM,Female,0,No,No,12,Yes,No,DSL,Yes,Yes,No,Yes,No,No,Month-to-month,Yes,Mailed check,64.33,742.24,No
3293-PJZST,Female,0,Yes,Yes,8,Yes,No,Fiber optic,Yes,Yes,Yes,No,No,Yes,Month-to-month,Yes,Mailed check,75.28,621.01,No
7190-RULVA,Male,0,No,Yes,41,Yes,No,Fiber optic,Yes,No,Yes,Yes,No,Yes,Month-to-month,Yes,Electronic check,78.29,3320.4,No
6996-OARAS,Male,0,No,No,55,Yes,No,Fiber optic,Yes,No,No,No,Yes,Yes,One year,Yes,Mailed check,79.35,4576.36,No
5717-PPHQF,Male,0,No,No,41,Yes,No,No,No internet service,No internet service,No internet service,No internet service,No internet service,No internet service,One year,Yes,Credit card (automatic),26.07,1111.3,No
7827-CDSBZ,Female,0,Yes,No,39,Yes,No,No,No internet service,No internet service,No internet service,No internet service,No internet service,No internet service,One year,Yes,Credit card (automatic),23.87,937.88,No
1278-NZRQS,Male,0,Yes,No,49,Yes,Yes,No,No internet service,No internet service,No internet service,No internet service,No internet service,No internet service,Two year,No,Mailed check,30.85,1489.78,No
7355-EIEFF,Male,0,No,Yes,31,Yes,No,DSL,Yes,No,Yes,Yes,Yes,Yes,One year,Yes,Credit card (automatic),53.59,1713.59,No
6740-YOARO,Female,1,Yes,No,23,Yes,Yes,Fiber optic,Yes,No,No,No,No,Yes,Month-to-month,Yes,Bank transfer (automatic),85.4,1978.03,Yes
7994-JLRSF,Male,0,No,No,0,Yes,No,DSL,Yes,No,No,Yes,Yes,No,Month-to-month,Yes,Credit card (automatic),58.71, ,Yes
6278-YBINY,Female,1,Yes,No,56,Yes,No,Fiber optic,No,No,Yes,No,Yes,No,Two year,No,Credit card (automatic),71.4,4084.13,No
9712-POKLT,Male,0,No,No,11,Yes,Yes,Fiber optic,Yes,Yes,No,Yes,No,No,Month-to-month,No,Bank transfer (automatic),89.66,962.35,No
5898-OVDYS,Female,0,Yes,Yes,25,Yes,Yes,No,No internet service,No internet service,No internet service,No internet service,No internet service,No internet service,Month-to-month,Yes,Credit card (automatic),20.58,506.75,Yes
6279-POOJT,Female,0,Yes,Yes,31,Yes,Yes,Fiber optic,No,No,Yes,Yes,Yes,No,One year,Yes,Bank transfer (automatic),83.89,2682.7,No
3273-QNJUI,Female,0,No,Yes,35,Yes,No,No,No internet service,No internet service,No internet service,No internet service,No internet service,No internet service,Month-to-month,No,Electronic check,19.48,714.31,No
6935-GFOZH,Female,0,No,No,44,Yes,Yes,DSL,No,No,Yes,Yes,No,Yes,Month-to-month,No,Credit card (automatic),76.89,3376.09,No
2030-DMUSF,Male,0,No,Yes,72,Yes,Yes,DSL,Yes,Yes,No,No,Yes,No,Two year,No,Electronic check,69.71,4986.38,No
8513-EOWVS,Male,1,No,No,6,Yes,No,Fiber optic,No,Yes,No,No,No,Yes,Month-to-month,Yes,Electronic check,80.08,465.0,No
3978-TKJNQ,Female,0,No,No,54,No,No phone service,Fiber optic,Yes,Yes,Yes,No,Yes,No,One year,No,Credit card (automatic),79.64,4360.82,No
2882-YWHGB,Female,0,No,No,34,Yes,No,DSL,No,Yes,No,No,No,Yes,Month-to-month,No,Bank transfer (automatic),61.73,2005.96,No
4654-EYXVH,Female,0,Yes,Yes,10,Yes,No,DSL,Yes,No,No,Yes,No,Yes,One year,No,Mailed check,51.56,514.27,No
7209-MHNEY,Female,0,No,No,25,No,No phone service,No,No internet service,No internet service,No internet service,No internet service,No internet service,No internet service,Two year,Yes,Credit card (automatic),23.82,600.22,No
2474-HFNRY,Female,0,No,No,14,Yes,No,Fiber optic,No,Yes,Yes,No,Yes,No,Month-to-month,Yes,Bank transfer (automatic),83.25,1132.6,Yes
4497-FAPZB,Female,1,Yes,Yes,72,Yes,No,Fiber optic,Yes,Yes,Yes,Yes,Yes,Yes,Two year,No,Electronic check,89.46,6422.83,No
9964-GXBXI,Female,0,Yes,No,42,Yes,Yes,DSL,No,Yes,Yes,No,Yes,Yes,One year,Yes,Mailed check,59.06,2535.23,No
3473-FDUBM,Female,0,Yes,No,63,No,No phone service,DSL,No,No,Yes,No,Yes,Yes,Two year,No,Electronic check,48.11,3067.32,No
9536-KVSUY,Male,0,No,No,14,Yes,Yes,Fiber optic,Yes,No,Yes,No,No,No,Month-to-month,No,Electronic check,78.41,1067.4,No
1880-HIBCC,Male,0,Yes,No,60,Yes,Yes,DSL,No,No,Yes,No,Yes,No,One year,Yes,Bank transfer (automatic),52.7,3048.9,No
9546-WPVIM,Male,1,Yes,No,56,Yes,No,Fiber optic,Yes,No,Yes,No,No,No,Two year,Yes,Electronic check,83.88,4799.17,No
8950-DDNGR,Male,0,Yes,No,46,Yes,No,DSL,No,Yes,Yes,No,No,Yes,One year,Yes,Bank transfer (automatic),64.32,2972.46,No
6722-IDCLI,Male,0,No,No,46,Yes,Yes,DSL,No,No,No,No,Yes,No,Two year,Yes,Mailed check,51.47,2301.98,No
1305-RYZDE,Female,1,Yes,No,66,Yes,No,Fiber optic,Yes,No,Yes,Yes,No,No,Month-to-month,No,Credit card (automatic),85.3,5530.38,No
4887-XOLYR,Female,0,Yes,No,58,Yes,No,Fiber optic,Yes,No,Yes,No,No,No,One year,No,Bank transfer (automatic),87.35,5188.04,No
9862-WZOJB,Female,1,Yes,No,41,Yes,Yes,No,No internet service,No internet service,No internet service,No internet service,No internet service,No internet service,One year,No,Credit card (automatic),27.7,1104.58,No
7568-GAULO,Male,0,No,No,15,Yes,No,DSL,Yes,No,No,No,No,No,Month-to-month,No,Credit card (automatic),51.85,786.18,No
8055-IVPOG,Male,1,Yes,No,46,Yes,No,Fiber optic,Yes,No,No,No,Yes,Yes,One year,No,Bank transfer (automatic),93.19,4229.27,No
8098-GQVDK,Female,1,Yes,No,13,Yes,Yes,No,No internet service,No internet service,No internet service,No internet service,No internet service,No internet service,Month-to-month,No,Credit card (automatic),27.1,340.66,No
7097-HAKMX,Male,0,Yes,Yes,36,Yes,No,Fiber optic,No,No,No,No,No,Yes,Two year,Yes,Electronic check,73.39,2518.22,No
8264-EHEXJ,Male,0,No,Yes,53,Yes,No,Fiber optic,No,Yes,Yes,Yes,No,Yes,Two year,Yes,Mailed check,79.55,4258.76,No
9019-BOBOA,Male,0,Yes,Yes,55,Yes,No,No,No internet service,No internet service,No internet service,No internet service,No internet service,No internet service,Two year,No,Electronic check,21.37,1177.72,No
2406-DSQOF,Male,0,No,No,21,Yes,No,DSL,No,Yes,Yes,No,No,No,One year,Yes,Mailed check,58.56,1255.03,No
3391-JZSAA,Female,0,No,No,30,Yes,Yes,No,No internet service,No internet service,No internet service,No internet service,No internet service,No internet service,Two year,Yes,Electronic check,33.78,989.87,No
4128-FKZFP,Male,0,Yes,No,5,Yes,Yes,No,No internet service,No internet service,No internet service,No internet service,No internet service,No internet service,Month-to-month,Yes,Credit card (automatic),26.48,133.62,No
5343-RONHZ,Female,0,Yes,No,34,Yes,No,DSL,Yes,Yes,No,Yes,Yes,No,One year,Yes,Mailed check,59.13,1915.11,No
3406-DCBJV,Female,0,Yes,No,9,Yes,Yes,DSL,Yes,No,No,No,Yes,No,Month-to-month,Yes,Credit card (automatic),69.44,647.99,Yes
2391-ANOOA,Female,1,No,No,35,Yes,No,No,No internet service,No internet service,No internet service,No internet service,No internet service,No internet service,One year,Yes,Electronic check,27.93,991.89,No
2827-JTQVO,Male,0,No,No,14,Yes,Yes,DSL,Yes,Yes,No,No,Yes,No,Month-to-month,Yes,Bank transfer (automatic),72.68,1034.26,No
4631-OKEOH,Male,0,Yes,No,61,Yes,Yes,DSL,No,Yes,No,Yes,Yes,No,Two year,Yes,Mailed check,60.66,3660.86,No
3379-SBAJP,Male,0,Yes,No,9,Yes,No,Fiber optic,No,No,Yes,No,No,Yes,Month-to-month,No,Mailed check,92.69,853.53,Yes
8557-NGIJI,Male,1,Yes,Yes,47,Yes,Yes,Fiber optic,Yes,Yes,Yes,No,Yes,Yes,Two year,No,Credit card (automatic),70.54,3212.37,No
7017-USJHC,Male,0,No,No,71,Yes,No,No,No internet service,No internet service,No internet service,No internet service,No internet service,No internet service,Two year,Yes,Mailed check,29.49,2050.87,No
8180-ZBDFU,Male,0,Yes,Yes,14,Yes,Yes,Fiber optic,No,Yes,Yes,Yes,No,Yes,One year,No,Electronic check,81.95,1104.22,No
2946-AIJKN,Female,0,Yes,No,12,Yes,Yes,No,No internet service,No internet service,No internet service,No internet service,No internet service,No internet service,Month-to-month,No,Bank transfer (automatic),26.69,324.95,No
3176-ACTRG,Female,0,Yes,No,27,Yes,Yes,DSL,Yes,No,Yes,No,Yes,No,One year,Yes,Credit card (automatic),62.6,1656.24,No
9466-OUUHP,Female,1,Yes,Yes,59,Yes,Yes,Fiber optic,Yes,Yes,Yes,Yes,No,No,One year,Yes,Electronic check,86.98,5041.37,No
6337-LQICB,Male,0,No,Yes,4,Yes,No,DSL,Yes,No,Yes,No,No,No,Month-to-month,Yes,Credit card (automatic),69.86,280.6,Yes
5021-XFPEQ,Female,0,Yes,No,15,Yes,Yes,No,No internet service,No internet service,No internet service,No internet service,No internet service,No internet service,One year,Yes,Bank transfer (automatic),28.42,439.72,No
2656-LVJYB,Female,0,Yes,No,34,Yes,Yes,Fiber optic,Yes,Yes,Yes,No,No,Yes,Two year,No,Electronic check,83.08,2945.68,No
1755-EGLXG,Female,0,Yes,No,35,Yes,Yes,Fiber optic,Yes,Yes,Yes,No,No,No,Month-to-month,Yes,Mailed check,86.07,3109.56,No
4212-BSOBM,Female,0,Yes,No,9,Yes,No,Fiber optic,No,No,No,Yes,Yes,No,Month-to-month,Yes,Mailed check,77.69,702.21,No
2966-KHUBP,Female,0,Yes,Yes,42,Yes,No,Fiber optic,No,Yes,No,No,Yes,No,Two year,Yes,Mailed check,94.56,4145.76,No
8137-AXTHM,Female,0,No,Yes,34,Yes,No,Fiber optic,Yes,Yes,Yes,No,Yes,Yes,Month-to-month,No,Credit card (automatic),79.13,2677.45,No
7127-NTXJC,Female,0,No,No,43,No,No phone service,DSL,Yes,Yes,Yes,No,Yes,Yes,Two year,Yes,Mailed check,59.84,2527.45,No
4882-PUHYA,Female,0,No,No,35,Yes,No,DSL,No,No,Yes,No,Yes,No,One year,Yes,Bank transfer (automatic),67.59,2313.46,No
6224-LSHYA,Female,0,No,No,8,Yes,No,DSL,Yes,No,No,No,Yes,Yes,Month-to-month,No,Electronic check,63.63,497.53,Yes
8340-MNIKL,Female,0,No,No,55,Yes,Yes,Fiber optic,No,No,No,No,No,No,Two year,No,Credit card (automatic),79.34,4573.2,No
3799-AKKSM,Male,0,No,Yes,8,Yes,No,DSL,Yes,Yes,No,Yes,No,Yes,Month-to-month,No,Electronic check,55.82,460.94,Yes
5945-MLSRZ,Male,0,Yes,No,45,No,No phone service,No,No internet service,No internet service,No internet service,No internet service,No internet service,No internet service,Month-to-month,Yes,Mailed check,26.96,1171.28,No
5470-APKCW,Male,1,No,No,22,Yes,No,DSL,No,No,No,Yes,No,Yes,Month-to-month,No,Mailed check,62.46,1399.82,Yes
6695-QQZRS,Female,1,No,No,24,Yes,No,Fiber optic,Yes,Yes,No,Yes,Yes,No,Two year,Yes,Credit card (automatic),80.4,1881.47,No
7758-SSBKH,Female,0,Yes,No,49,Yes,Yes,DSL,Yes,Yes,Yes,No,No,Yes,Month-to-month,No,Electronic check,55.22,2618.92,No
9015-PNNRT,Male,1,Yes,No,9,Yes,No,Fiber optic,No,No,No,No,Yes,Yes,Month-to-month,No,Mailed check,79.14,718.59,Yes
2814-ZTFPL,Male,0,No,Yes,65,Yes,No,No,No internet service,No internet service,No internet service,No internet service,No internet service,No internet service,Month-to-month,Yes,Credit card (automatic),26.18,1665.03,No
4389-WHVQV,Male,0,Yes,No,37,Yes,No,Fiber optic,No,No,Yes,No,No,No,One year,No,Bank transfer (automatic),97.52,3720.14,No
7706-QEZQJ,Male,0,No,No,4,Yes,No,Fiber optic,Yes,Yes,No,Yes,Yes,No,Month-to-month,No,Credit card (automatic),75.74,289.69,Yes
3306-DIDXL,Female,0,No,Yes,11,Yes,No,Fiber optic,No,No,Yes,No,Yes,No,Month-to-month,No,Electronic check,69.04,759.23,No
6633-UYLBP,Female,0,No,No,13,Yes,No,Fiber optic,Yes,Yes,No,No,No,Yes,Month-to-month,No,Credit card (automatic),83.22,1110.22,Yes
9521-JCSQD,Female,0,No,No,43,No,No phone service,DSL,Yes,Yes,No,No,Yes,No,One year,Yes,Credit card (automatic),51.28,2209.34,Yes
1032-NDEIM,Male,1,No,No,53,Yes,No,DSL,Yes,No,No,No,Yes,Yes,One year,Yes,Electronic check,57.85,3168.61,No
8361-LVPKN,Male,0,No,No,20,Yes,Yes,Fiber optic,Yes,Yes,No,No,Yes,Yes,One year,Yes,Bank transfer (automatic),76.21,1465.29,No
2270-ZHXQH,Female,1,No,No,32,Yes,No,Fiber optic,No,No,Yes,No,No,No,One year,Yes,Mailed check,90.7,2823.8,No
5379-DQBQF,Female,0,No,No,58,Yes,No,DSL,Yes,No,Yes,Yes,No,Yes,Two year,No,Electronic check,57.13,3152.14,No
2157-FCXYY,Female,1,Yes,No,29,Yes,No,Fiber optic,Yes,Yes,Yes,No,Yes,No,One year,No,Electronic check,85.92,2581.14,No
7463-FTTGV,Female,0,No,No,12,Yes,No,DSL,No,Yes,No,No,No,Yes,One year,Yes,Mailed check,69.41,816.96,Yes
9971-JPWGZ,Male,0,Yes,Yes,15,Yes,No,Fiber optic,No,Yes,No,Yes,Yes,Yes,Month-to-month,No,Bank transfer (automatic),81.64,1261.92,Yes
3728-ZGTNJ,Male,0,Yes,No,36,Yes,No,DSL,No,No,No,Yes,No,Yes,Two year,Yes,Mailed check,55.09,1911.37,No
4951-FRZPH,Male,1,No,No,72,Yes,Yes,Fiber optic,Yes,Yes,Yes,Yes,Yes,No,Two year,No,Credit card (automatic),82.2,5875.07,No
7028-LXGNM,Female,0,No,Yes,36,No,No phone service,Fiber optic,No,No,No,Yes,Yes,No,One year,Yes,Electronic check,77.4,2733.47,Yes
8970-CQVJN,Male,0,No,Yes,3,Yes,No,Fiber optic,No,No,Yes,Yes,Yes,Yes,Month-to-month,Yes,Mailed check,86.17,261.41,Yes
3650-KYJFP,Male,1,No,No,28,Yes,No,Fiber optic,No,Yes,No,No,No,No,Month-to-month,Yes,Electronic check,83.02,2408.1,Yes
5228-UAXSV,Female,0,No,No,23,Yes,Yes,DSL,No,No,Yes,No,No,Yes,Two year,Yes,Electronic check,60.57,1407.86,No
4666-LIVBN,Female,0,Yes,No,7,Yes,Yes,No,No internet service,No internet service,No internet service,No internet service,No internet service,No internet service,Month-to-month,No,Credit card (automatic),22.23,163.21,Yes
3338-QZRBK,Female,0,Yes,No,3,Yes,No,Fiber optic,No,No,No,Yes,No,Yes,Month-to-month,Yes,Mailed check,84.23,245.54,Yes
1281-MESNI,Male,0,Yes,Yes,7,Yes,Yes,Fiber optic,No,No,No,Yes,No,Yes,Month-to-month,No,Credit card (automatic),84.98,598.85,No
8715-TQJHP,Female,1,Yes,Yes,18,Yes,No,DSL,No,No,No,Yes,Yes,Yes,Month-to-month,No,Mailed check,63.31,1109.46,No
8109-VUAZG,Female,0,No,No,14,Yes,No,DSL,No,No,No,No,No,Yes,Month-to-month,Yes,Mailed check,50.01,673.06,Yes
1090-OLCFF,Male,0,Yes,No,44,Yes,Yes,Fiber optic,No,Yes,No,No,Yes,Yes,One year,Yes,Credit card (automatic),75.89,3315.35,Yes
4957-TRAEP,Male,0,Yes,No,15,Yes,No,Fiber optic,Yes,Yes,Yes,No,No,Yes,Month-to-month,Yes,Credit card (automatic),74.5,1081.5,Yes
8224-AIDMK,Male,0,No,No,25,No,No phone service,Fiber optic,Yes,Yes,No,Yes,No,Yes,Month-to-month,Yes,Electronic check,83.72,2087.29,No
2565-ZTOTI,Male,0,No,No,28,Yes,No,Fiber optic,Yes,No,No,Yes,No,No,One year,No,Electronic check,76.04,2069.78,No
9414-KKOPQ,Female,0,Yes,Yes,38,Yes,Yes,Fiber optic,Yes,No,No,Yes,No,No,One year,No,Electronic check,80.41,3028.0,No
8491-GSFGM,Male,0,No,Yes,19,Yes,Yes,Fiber optic,Yes,Yes,No,No,Yes,No,One year,No,Bank transfer (automatic),82.89,1560.59,No
5719-QDVOP,Female,0,No,No,72,No,No phone service,Fiber optic,No,Yes,No,No,No,Yes,Two year,No,Bank transfer (automatic),69.28,4848.84,No
7723-SLMGO,Female,0,No,No,5,Yes,Yes,No,No internet service,No internet service,No internet service,No internet service,No internet service,No internet service,Month-to-month,Yes,Credit card (automatic),21.98,109.45,Yes
2826-QKGMY,Male,0,No,No,20,Yes,Yes,Fiber optic,No,Yes,No,No,Yes,No,Month-to-month,No,Credit card (automatic),98.17,2055.39,No
6059-ILPDO,Female,1,Yes,No,30,Yes,Yes,DSL,No,No,Yes,Yes,No,Yes,Month-to-month,Yes,Credit card (automatic),60.31,1812.98,Yes
1302-WPCMW,Male,1,No,No,39,Yes,No,DSL,Yes,No,Yes,No,Yes,Yes,Month-to-month,No,Mailed check,70.74,2679.62,Yes
9682-DHDJW,Male,0,No,No,72,Yes,Yes,Fiber optic,Yes,Yes,No,Yes,Yes,No,Two year,Yes,Credit card (automatic),80.03,5558.68,No
7357-GIPPM,Male,1,No,No,13,Yes,No,DSL,No,No,Yes,Yes,No,No,Month-to-month,No,Electronic check,63.82,855.3,No
4790-YNUYI,Male,1,No,No,9,No,No phone service,DSL,Yes,No,No,Yes,Yes,Yes,Month-to-month,No,Electronic check,52.22,449.46,Yes
8008-VFFEQ,Male,0,No,No,24,No,No phone service,Fiber optic,Yes,No,Yes,Yes,No,No,Month-to-month,Yes,Electronic check,79.49,1833.06,No
7852-TKSAR,Female,0,Yes,Yes,32,Yes,No,Fiber optic,No,No,Yes,No,Yes,No,Month-to-month,Yes,Bank transfer (automatic),87.78,2689.44,No
5266-VZOQY,Female,0,No,No,46,Yes,No,No,No internet service,No internet service,No internet service,No internet service,No internet service,No internet service,Two year,Yes,Credit card (automatic),22.29,1005.3,No
4089-DNJQU,Male,0,Yes,No,22,Yes,Yes,DSL,No,No,No,Yes,No,No,One year,Yes,Credit card (automatic),63.15,1430.14,No
5535-IOLEU,Female,0,Yes,No,61,Yes,Yes,Fiber optic,No,Yes,Yes,No,Yes,No,One year,Yes,Mailed check,81.08,5045.25,No
3990-OXELE,Male,0,No,No,4,Yes,Yes,Fiber optic,Yes,Yes,No,No,Yes,No,Month-to-month,No,Bank transfer (automatic),84.54,351.6,Yes
4931-HXHPD,Male,0,Yes,Yes,5,Yes,Yes,No,No internet service,No internet service,No internet service,No internet service,No internet service,No internet service,Month-to-month,Yes,Mailed check,31.08,157.23,No
5103-VRHZU,Male,0,Yes,Yes,72,Yes,Yes,No,No internet service,No internet service,No internet service,No internet service,No internet service,No internet service,One year,Yes,Mailed check,33.39,2294.07,No
4621-ZEIYZ,Female,0,No,Yes,15,Yes,No,No,No internet service,No internet service,No internet service,No internet service,No internet service,No internet service,Month-to-month,Yes,Bank transfer (automatic),31.29,456.24,No
8407-EFQBZ,Male,1,Yes,No,22,No,No phone service,DSL,Yes,No,Yes,No,Yes,Yes,Month-to-month,No,Mailed check,54.8,1153.39,Yes
9471-VZFWG,Male,0,Yes,Yes,44,No,No phone service,DSL,Yes,Yes,Yes,No,No,Yes,Two year,Yes,Electronic check,62.73,2695.65,No
2090-GUYPG,Male,0,Yes,No,36,Yes,Yes,No,No internet service,No internet service,No internet service,No internet service,No internet service,No internet service,Month-to-month,No,Mailed check,30.5,1144.69,No
6407-NNJDJ,Male,1,No,No,18,Yes,Yes,No,No internet service,No internet service,No internet service,No internet service,No internet service,No internet service,Month-to-month,Yes,Bank transfer (automatic),22.06,395.26,Yes
9012-KAILP,Female,0,Yes,Yes,53,Yes,No,No,No internet service,No internet service,No internet service,No internet service,No internet service,No internet service,Two year,Yes,Electronic check,18.71,953.41,No
6773-LDLAN,Male,0,No,Yes,25,Yes,No,Fiber optic,Yes,Yes,No,No,No,No,Two year,Yes,Electronic check,72.79,1826.14,No
5006-JRTGN,Male,0,No,No,25,Yes,Yes,No,No internet service,No internet service,No internet service,No internet service,No internet service,No internet service,Month-to-month,Yes,Bank transfer (automatic),35.57,883.54,No
5587-NKFEA,Male,0,Yes,No,52,Yes,Yes,Fiber optic,No,Yes,No,Yes,Yes,Yes,Two year,No,Credit card (automatic),73.69,4012.91,No
1469-VBWXG,Female,0,Yes,No,18,Yes,No,Fiber optic,No,Yes,Yes,Yes,Yes,Yes,Month-to-month,Yes,Bank transfer (automatic),81.67,1514.84,No
4986-JKJIR,Male,0,Yes,No,57,Yes,No,No,No internet service,No internet service,No internet service,No internet service,No internet service,No internet service,Two year,Yes,Credit card (automatic),27.33,1580.4,No
4713-EJZZB,Male,0,No,No,6,Yes,Yes,Fiber optic,Yes,Yes,Yes,No,No,No,Month-to-month,Yes,Bank transfer (automatic),75.81,475.5,Yes
6181-ZFBFI,Female,0,No,No,53,Yes,Yes,No,No internet service,No internet service,No internet service,No internet service,No internet service,No internet service,Two year,Yes,Electronic check,35.04,1813.06,No
9411-GIGKZ,Female,0,No,No,16,Yes,Yes,Fiber optic,No,Yes,Yes,No,No,No,Two year,No,Mailed check,97.36,1540.4,No
1754-LPDBZ,Female,1,Yes,No,12,Yes,No,Fiber optic,Yes,No,Yes,Yes,No,No,Month-to-month,Yes,Mailed check,83.82,1008.17,No
3422-GJBDA,Female,0,No,No,35,No,No phone service,Fiber optic,Yes,Yes,Yes,No,No,No,Month-to-month,Yes,Bank transfer (automatic),76.79,2800.24,Yes
5813-MHXHA,Female,0,Yes,Yes,69,Yes,No,Fiber optic,No,No,Yes,Yes,No,No,Month-to-month,Yes,Credit card (automatic),78.68,5171.41,No
1896-SNGGF,Female,0,No,No,15,Yes,No,No,No internet service,No internet service,No internet service,No internet service,No internet service,No internet service,Month-to-month,Yes,Bank transfer (automatic),27.31,429.16,Yes
4796-SQTBO,Female,0,Yes,No,7,Yes,Yes,Fiber optic,Yes,No,Yes,Yes,No,Yes,Month-to-month,Yes,Credit card (automatic),70.44,501.39,Yes
7879-FPAXT,Female,0,Yes,No,20,Yes,Yes,No,No internet service,No internet service,No internet service,No internet service,No internet service,No internet service,Month-to-month,Yes,Electronic check,25.47,514.12,No
6606-PRKZF,Male,0,Yes,No,29,No,No phone service,Fiber optic,Yes,No,Yes,No,No,No,One year,Yes,Mailed check,82.38,2316.47,Yes
8294-TVBLQ,Male,1,Yes,No,62,Yes,No,DSL,Yes,Yes,No,Yes,Yes,Yes,One year,Yes,Bank transfer (automatic),56.33,3480.43,No
6569-RQFVM,Male,0,Yes,Yes,28,Yes,Yes,No,No internet service,No internet service,No internet service,No internet service,No internet service,No internet service,Month-to-month,No,Bank transfer (automatic),26.49,723.68,No
9735-NNPWX,Female,0,No,No,3,Yes,Yes,No,No internet service,No internet service,No internet service,No internet service,No internet service,No internet service,Month-to-month,No,Credit card (automatic),27.98,84.1,No
6261-OBBTI,Male,0,Yes,No,20,Yes,Yes,DSL,Yes,Yes,No,Yes,No,No,Month-to-month,No,Mailed check,62.01,1269.64,No
4930-QFIBT,Male,0,No,No,30,Yes,Yes,No,No internet service,No internet service,No internet service,No internet service,No internet service,No internet service,Month-to-month,No,Bank transfer (automatic),22.55,701.28,No
5576-EPDUG,Male,1,No,No,2,Yes,No,Fiber optic,Yes,Yes,Yes,No,No,No,Month-to-month,Yes,Bank transfer (automatic),87.05,172.49,Yes
3432-WTRPN,Male,0,No,No,30,Yes,Yes,Fiber optic,Yes,Yes,No,No,No,Yes,Month-to-month,Yes,Credit card (automatic),78.02,2235.56,No
2727-HZXSX,Male,0,Yes,No,14,No,No phone service,DSL,Yes,No,Yes,No,Yes,Yes,Month-to-month,Yes,Bank transfer (automatic),48.88,693.04,Yes
8236-KSTDX,Female,0,Yes,No,53,Yes,No,No,No internet service,No internet service,No internet service,No internet service,No internet service,No internet service,Month-to-month,Yes,Credit card (automatic),21.03,1095.01,No
5436-IMIIO,Female,1,No,No,19,Yes,Yes,No,No internet service,No internet service,No internet service,No internet service,No internet service,No internet service,Month-to-month,No,Credit card (automatic),26.57,522.99,No
9977-KFTHN,Male,0,Yes,No,41,Yes,Yes,DSL,Yes,Yes,No,Yes,Yes,Yes,Two year,Yes,Bank transfer (automatic),49.15,2031.11,No
3281-FGJYR,Female,0,Yes,No,44,Yes,Yes,DSL,Yes,Yes,No,No,No,Yes,Two year,No,Credit card (automatic),52.96,2331.54,No
7260-BAIXA,Male,0,No,No,14,Yes,Yes,DSL,Yes,Yes,Yes,Yes,Yes,No,Month-to-month,Yes,Mailed check,53.29,716.87,Yes
7894-VHDDC,Female,1,Yes,No,61,Yes,Yes,No,No internet service,No internet service,No internet service,No internet service,No internet service,No internet service,One year,Yes,Credit card (automatic),25.86,1597.99,No
8591-URCYR,Male,0,No,Yes,46,Yes,No,No,No internet service,No internet service,No internet service,No internet service,No internet service,No internet service,One year,Yes,Mailed check,20.07,884.44,No
8451-JFVBE,Female,0,No,No,17,Yes,Yes,Fiber optic,No,Yes,Yes,No,No,No,Month-to-month,Yes,Mailed check,76.36,1330.94,No
2382-COFZY,Female,0,No,No,50,Yes,No,No,No internet service,No internet service,No internet service,No internet service,No internet service,No internet service,Two year,No,Credit card (automatic),18.25,917.36,No
2515-VBHRF,Female,0,No,No,52,Yes,No,DSL,No,Yes,No,No,Yes,No,Month-to-month,No,Electronic check,54.26,2880.52,No
1701-ERFGF,Female,0,No,No,8,Yes,Yes,Fiber optic,No,No,No,Yes,Yes,No,Month-to-month,Yes,Electronic check,79.55,615.59,Yes
8935-XUAGW,Female,0,No,Yes,39,Yes,No,Fiber optic,No,No,Yes,No,Yes,No,Two year,No,Bank transfer (automatic),75.9,3066.57,No
5985-BGVWL,Female,0,Yes,No,29,No,No phone service,DSL,No,No,No,No,Yes,Yes,Month-to-month,Yes,Electronic check,56.06,1652.97,No
2364-CFUVG,Female,0,Yes,No,45,Yes,Yes,DSL,No,Yes,No,Yes,Yes,No,Month-to-month,Yes,Bank transfer (automatic),58.87,2622.39,No
9794-WZTOZ,Male,1,No,No,62,Yes,No,DSL,No,No,No,Yes,No,No,Two year,Yes,Electronic check,67.13,4008.06,No
7197-VKGOK,Male,1,Yes,No,29,Yes,Yes,No,No internet service,No internet service,No internet service,No internet service,No internet service,No internet service,Month-to-month,No,Electronic check,35.18,1019.82,Yes
4159-SPIGO,Female,0,Yes,Yes,56,No,No phone service,Fiber optic,Yes,Yes,No,Yes,Yes,Yes,Two year,Yes,Credit card (automatic),76.95,4161.78,No
3944-GFRKI,Female,0,Yes,No,2,Yes,No,DSL,No,No,Yes,Yes,Yes,Yes,Month-to-month,No,Electronic check,62.89,127.1,No
2036-BSZIV,Female,0,Yes,No,13,No,No phone service,Fiber optic,Yes,Yes,Yes,Yes,No,No,One year,No,Bank transfer (automatic),81.79,1047.26,No
6413-HODIT,Female,0,No,No,9,Yes,Yes,No,No internet service,No internet service,No internet service,No internet service,No internet service,No internet service,Month-to-month,No,Electronic check,25.55,239.61,No
8659-FXPFU,Male,1,No,No,9,Yes,Yes,DSL,No,No,Yes,No,Yes,No,Month-to-month,No,Credit card (automatic),55.4,521.49,Yes
8928-HCHTB,Male,0,Yes,No,45,Yes,Yes,No,No internet service,No internet service,No internet service,No internet service,No internet service,No internet service,Month-to-month,Yes,Bank transfer (automatic),27.13,1174.26,No
3602-IAPUE,Male,0,Yes,No,24,Yes,Yes,Fiber optic,No,No,No,No,Yes,Yes,One year,Yes,Bank transfer (automatic),75.34,1766.06,No
8978-YWSLF,Female,0,No,Yes,46,Yes,No,Fiber optic,No,No,Yes,Yes,No,No,One year,No,Electronic check,85.33,3823.01,No
9215-NLKFJ,Male,0,Yes,No,9,Yes,Yes,Fiber optic,No,Yes,Yes,Yes,No,No,Month-to-month,Yes,Credit card (automatic),82.08,766.07,Yes
8183-OKCKF,Female,0,Yes,No,54,Yes,Yes,DSL,Yes,No,No,Yes,No,No,Two year,Yes,Mailed check,61.04,3254.35,No
4579-DYEDR,Male,1,Yes,Yes,15,Yes,Yes,No,No internet service,No internet service,No internet service,No internet service,No internet service,No internet service,Two year,Yes,Bank transfer (automatic),25.61,378.11,No
4093-ZKQVZ,Female,0,Yes,No,37,Yes,No,Fiber optic,Yes,No,Yes,Yes,No,Yes,One year,Yes,Mailed check,91.25,3521.43,No
8285-PVHWW,Male,0,Yes,No,46,Yes,No,DSL,Yes,Yes,No,Yes,No,Yes,One year,Yes,Electronic check,55.45,2448.76,Yes
4454-BRCAY,Male,1,Yes,No,1,Yes,Yes,Fiber optic,No,Yes,No,Yes,No,No,Month-to-month,No,Mailed check,87.99,90.53,Yes
6108-QWYYD,Male,0,Yes,No,3,Yes,Yes,Fiber optic,Yes,Yes,No,Yes,Yes,Yes,Month-to-month,Yes,Electronic check,83.5,259.29,Yes
3914-TAGNI,Male,0,No,No,8,Yes,Yes,Fiber optic,Yes,No,No,No,No,No,Month-to-month,Yes,Credit card (automatic),91.67,726.16,No
2554-XLKRR,Female,0,No,No,14,Yes,No,DSL,Yes,No,No,No,No,Yes,Month-to-month,Yes,Electronic check,52.18,697.82,Yes
5433-XHWWA,Male,0,No,Yes,23,Yes,Yes,Fiber optic,Yes,No,Yes,Yes,No,Yes,Month-to-month,Yes,Bank transfer (automatic),82.35,1955.11,Yes
7791-EMXFO,Male,0,Yes,No,22,Yes,Yes,Fiber optic,No,Yes,Yes,Yes,No,No,Month-to-month,No,Electronic check,85.14,1811.19,No
7998-MCBNA,Male,0,Yes,No,0,Yes,No,No,No internet service,No internet service,No internet service,No internet service,No internet service,No internet service,One year,No,Credit card (automatic),24.91, ,No
1139-YNMCU,Male,1,No,No,0,Yes,Yes,DSL,Yes,No,Yes,No,Yes,Yes,Month-to-month,Yes,Bank transfer (automatic),50.72, ,No
5593-FTGNO,Male,1,No,No,0,Yes,Yes,No,No internet service,No internet service,No internet service,No internet service,No internet service,No internet service,Month-to-month,Yes,Mailed check,21.11, ,No
3510-WSHEI,Male,0,No,No,29,Yes,Yes,Fiber optic,Yes,No,Yes,Yes,No,No,One year,Yes,Mailed check,77.95,2286.15,No
5187-OKBRJ,Male,0,Yes,No,6,Yes,No,DSL,No,No,No,No,No,No,Month-to-month,No,Credit card (automatic),71.08,443.11,No
4018-OVAYQ,Male,0,Yes,Yes,31,Yes,No,Fiber optic,No,No,Yes,Yes,Yes,No,Month-to-month,Yes,Bank transfer (automatic),83.62,2622.12,Yes
5920-BSSOU,Male,0,Yes,No,33,Yes,Yes,Fiber optic,No,Yes,No,No,No,Yes,Two year,Yes,Credit card (automatic),76.88,2570.47,No
8547-VIRBO,Male,0,No,No,2,Yes,No,DSL,Yes,No,Yes,Yes,No,Yes,Month-to-month,Yes,Electronic check,64.5,128.82,No
2313-HRLWC,Male,0,Yes,No,6,Yes,Yes,DSL,Yes,Yes,Yes,Yes,No,Yes,Month-to-month,Yes,Credit card (automatic),57.48,345.61,Yes
9746-SLABK,Female,0,Yes,No,63,Yes,No,No,No internet service,No internet service,No internet service,No internet service,No internet service,No internet service,Two year,No,Bank transfer (automatic),32.76,2078.55,No
6151-NHQPI,Female,1,Yes,Yes,29,Yes,No,Fiber optic,Yes,No,No,Yes,No,No,One year,No,Credit card (automatic),78.19,2340.44,Yes
3929-LTPDY,Male,0,No,Yes,29,Yes,Yes,No,No internet service,No internet service,No internet service,No internet service,No internet service,No internet service,One year,Yes,Mailed check,18.6,556.62,No
2819-RAGOW,Female,0,Yes,No,8,Yes,Yes,Fiber optic,Yes,Yes,Yes,No,Yes,Yes,Month-to-month,No,Bank transfer (automatic),79.75,658.75,Yes
6064-BYHJC,Male,1,No,Yes,72,Yes,No,Fiber optic,Yes,Yes,Yes,No,Yes,Yes,One year,No,Electronic check,85.97,6280.52,No
7265-LFQFN,Male,1,No,Yes,2,Yes,Yes,DSL,Yes,Yes,No,No,No,Yes,Month-to-month,Yes,Electronic check,62.96,121.97,No
6971-VSOAG,Female,0,No,No,23,Yes,No,Fiber optic,Yes,Yes,No,Yes,Yes,No,Month-to-month,No,Electronic check,91.11,2193.65,Yes
6200-NNTXN,Male,0,Yes,No,24,Yes,Yes,DSL,Yes,No,No,Yes,No,No,One year,Yes,Mailed check,71.9,1693.53,No
2210-LGNPO,Female,1,No,No,7,Yes,No,DSL,Yes,No,No,No,Yes,No,Month-to-month,Yes,Bank transfer (automatic),63.73,464.18,No
6234-IEWKF,Female,0,Yes,No,44,Yes,Yes,Fiber optic,Yes,No,Yes,Yes,No,No,One year,Yes,Electronic check,78.88,3346.16,No
9957-AJTKV,Female,0,No,No,51,Yes,No,DSL,Yes,Yes,No,Yes,Yes,Yes,Two year,Yes,Bank transfer (automatic),65.47,3441.6,No
4229-QLMMZ,Male,0,Yes,No,1,Yes,No,No,No internet service,No internet service,No internet service,No internet service,No internet service,No internet service,Month-to-month,Yes,Credit card (automatic),25.39,26.63,Yes
7838-JKKTP,Male,0,Yes,No,21,Yes,Yes,DSL,No,No,No,No,Yes,No,Month-to-month,Yes,Credit card (automatic),60.19,1277.9,Yes
5809-LKOVZ,Female,1,Yes,No,62,Yes,Yes,DSL,Yes,No,No,No,Yes,Yes,One year,No,Bank transfer (automatic),59.43,3529.81,No
1548-GRDPL,Female,1,No,No,61,No,No phone service,Fiber optic,No,Yes,Yes,Yes,Yes,No,Two year,Yes,Bank transfer (automatic),71.92,4332.68,No
2716-NNSVY,Male,0,No,Yes,55,Yes,No,DSL,No,Yes,No,No,No,No,Month-to-month,No,Mailed check,55.15,3133.25,No
4951-RUZQG,Female,0,Yes,No,0,Yes,Yes,Fiber optic,No,Yes,Yes,No,No,No,One year,No,Mailed check,75.71, ,No
4077-FFHMU,Male,1,Yes,Yes,29,Yes,Yes,No,No internet service,No internet service,No internet service,No internet service,No internet service,No internet service,Month-to-month,No,Mailed check,18.25,551.45,No
3620-EDFLK,Female,0,No,No,64,Yes,No,DSL,No,No,No,No,No,Yes,Two year,Yes,Bank transfer (automatic),61.44,3927.9,No
4589-ILQBX,Female,0,No,No,22,Yes,No,DSL,Yes,No,Yes,No,No,No,Month-to-month,No,Mailed check,68.82,1536.43,Yes
3750-DEONC,Male,0,Yes,Yes,49,Yes,No,No,No internet service,No internet service,No internet service,No internet service,No internet service,No internet service,One year,No,Bank transfer (automatic),27.45,1322.2,No
5492-FXIZP,Male,0,No,Yes,32,Yes,Yes,No,No internet service,No internet service,No internet service,No internet service,No internet service,No internet service,One year,Yes,Bank transfer (automatic),29.03,887.29,No
9678-ODQMV,Female,0,No,Yes,16,Yes,No,DSL,No,Yes,Yes,No,No,No,Month-to-month,No,Bank transfer (automatic),72.18,1113.49,No
4522-ECTGR,Male,0,No,No,72,Yes,Yes,Fiber optic,No,Yes,Yes,Yes,Yes,Yes,Two year,No,Credit card (automatic),76.8,5795.81,No
2210-CSIOA,Female,1,No,No,64,Yes,Yes,DSL,No,No,No,Yes,No,Yes,Two year,Yes,Credit card (automatic),69.45,4641.18,No
2692-CHHJG,Male,1,Yes,Yes,21,Yes,No,No,No internet service,No internet service,No internet service,No internet service,No internet service,No internet service,Month-to-month,No,Mailed check,32.42,710.37,Yes
5109-XCXKP,Female,0,Yes,Yes,5,Yes,No,DSL,Yes,Yes,Yes,No,No,Yes,Month-to-month,No,Credit card (automatic),59.99,310.1,Yes
7046-TYZCK,Female,0,No,No,53,No,No phone service,No,No internet service,No internet service,No internet service,No internet service,No internet service,No internet service,One year,Yes,Bank transfer (automatic),18.25,1013.02,No
5850-NZQKX,Female,0,Yes,Yes,2,Yes,No,DSL,No,No,No,No,Yes,Yes,Month-to-month,Yes,Electronic check,62.98,123.82,Yes
7577-UQBZS,Female,0,No,No,43,No,No phone service,DSL,Yes,No,No,Yes,Yes,No,Month-to-month,No,Credit card (automatic),69.66,3141.2,Yes
2343-GIGQO,Male,0,No,No,20,No,No phone service,DSL,No,Yes,No,Yes,No,No,Month-to-month,Yes,Mailed check,60.92,1263.92,No
2910-SHEYI,Female,0,No,Yes,3,No,No phone service,Fiber optic,No,Yes,Yes,Yes,Yes,Yes,Month-to-month,Yes,Electronic check,73.16,209.4,Yes
3093-STDBW,Male,0,No,Yes,43,Yes,No,No,No internet service,No internet service,No internet service,No internet service,No internet service,No internet service,One year,Yes,Bank transfer (automatic),29.35,1277.36,No
5536-LKPRC,Female,0,No,No,4,Yes,No,DSL,No,Yes,Yes,Yes,No,Yes,Month-to-month,Yes,Electronic check,58.51,241.42,Yes
3388-YEXKE,Female,1,Yes,Yes,8,Yes,Yes,DSL,No,No,Yes,Yes,Yes,No,Month-to-month,Yes,Bank transfer (automatic),63.65,520.42,No
6352-RJUBD,Male,0,No,Yes,68,Yes,No,Fiber optic,Yes,Yes,No,Yes,No,No,Two year,Yes,Credit card (automatic),77.0,5282.99,No
6593-PSWYN,Female,0,No,Yes,30,Yes,No,DSL,No,Yes,Yes,Yes,No,No,Month-to-month,Yes,Electronic check,63.34,1902.93,No
5511-YYBNX,Male,0,No,No,3,No,No phone service,Fiber optic,Yes,Yes,Yes,No,No,Yes,Month-to-month,Yes,Bank transfer (automatic),75.14,217.11,No
1459-ZTEQL,Female,0,No,No,43,Yes,Yes,Fiber optic,No,No,No,No,No,No,Month-to-month,Yes,Credit card (automatic),71.02,3110.24,No
4009-QTXKE,Female,0,Yes,No,72,Yes,Yes,Fiber optic,No,Yes,No,Yes,No,Yes,Two year,Yes,Electronic check,83.16,6276.05,No
8773-ITUBK,Female,0,Yes,No,65,Yes,No,Fiber optic,Yes,No,No,Yes,Yes,Yes,Two year,Yes,Credit card (automatic),78.36,5228.31,No
1763-PUOIZ,Male,1,Yes,No,6,Yes,Yes,DSL,Yes,No,Yes,Yes,No,No,Month-to-month,Yes,Credit card (automatic),53.19,328.86,Yes
1770-DJYXO,Male,0,Yes,Yes,6,Yes,Yes,DSL,No,Yes,No,Yes,No,Yes,One year,No,Electronic check,51.21,308.26,Yes
9568-XPDXQ,Female,0,No,No,72,Yes,Yes,Fiber optic,Yes,No,Yes,No,Yes,No,Month-to-month,Yes,Bank transfer (automatic),79.56,5750.7,No
2270-VKUGA,Male,0,No,No,68,Yes,No,Fiber optic,Yes,Yes,No,No,No,No,One year,No,Credit card (automatic),80.66,5556.52,No
5084-LWCXD,Female,0,Yes,No,9,Yes,No,Fiber optic,No,No,No,Yes,No,Yes,Month-to-month,Yes,Electronic check,83.95,742.68,No
9409-SJYJQ,Female,0,Yes,Yes,7,Yes,No,DSL,No,No,Yes,No,Yes,Yes,Month-to-month,No,Bank transfer (automatic),55.99,404.13,No
1145-CJGFJ,Male,0,No,No,66,Yes,No,DSL,No,Yes,No,No,Yes,No,Two year,Yes,Electronic check,54.7,3688.75,No
6476-DTWVF,Male,0,No,Yes,32,Yes,No,DSL,Yes,No,Yes,No,Yes,No,Month-to-month,No,Bank transfer (automatic),56.95,1824.99,No
8923-DCSTD,Female,1,No,No,40,Yes,Yes,Fiber optic,No,No,No,No,Yes,No,Month-to-month,Yes,Mailed check,83.23,3290.58,Yes
4740-KSNPC,Female,0,Yes,No,53,Yes,No,DSL,No,No,Yes,No,Yes,Yes,One year,Yes,Mailed check,59.24,3061.65,Yes
9791-ORMGR,Male,1,Yes,No,13,No,No phone service,DSL,Yes,Yes,No,No,No,No,Month-to-month,Yes,Electronic check,55.45,703.47,Yes
3595-FOJXR,Male,0,No,No,72,Yes,No,No,No internet service,No internet service,No internet service,No internet service,No internet service,No internet service,Two year,Yes,Bank transfer (automatic),18.66,1374.59,No
4360-AIDFH,Female,0,No,No,6,Yes,No,No,No internet service,No internet service,No internet service,No internet service,No internet service,No internet service,Month-to-month,Yes,Credit card (automatic),18.25,105.12,Yes
6872-CEBXZ,Female,0,Yes,No,13,Yes,Yes,DSL,No,No,Yes,No,Yes,Yes,Month-to-month,Yes,Credit card (automatic),63.17,837.89,Yes
3683-LHNOG,Male,0,No,No,51,Yes,No,DSL,No,Yes,Yes,Yes,Yes,Yes,One year,Yes,Electronic check,61.98,3034.74,Yes
6803-AQTBS,Male,0,No,Yes,57,Yes,No,Fiber optic,No,Yes,No,Yes,Yes,Yes,Month-to-month,Yes,Electronic check,71.08,3987.02,No
7636-ZUACD,Female,0,No,No,2,Yes,No,No,No internet service,No internet service,No internet service,No internet service,No internet service,No internet service,Month-to-month,Yes,Mailed check,25.7,52.31,No
6234-SRIFB,Male,0,Yes,No,12,No,No phone service,Fiber optic,No,No,No,No,No,No,Month-to-month,No,Credit card (automatic),76.5,930.01,No
4365-HHCHV,Female,0,No,Yes,34,Yes,Yes,Fiber optic,No,No,No,No,Yes,Yes,Two year,Yes,Credit card (automatic),75.15,2461.73,No
3167-WCQCK,Female,0,Yes,No,59,Yes,Yes,No,No internet service,No internet service,No internet service,No internet service,No internet service,No internet service,Two year,Yes,Bank transfer (automatic),35.14,2097.96,No
9582-TNQRU,Male,1,No,No,60,Yes,Yes,Fiber optic,Yes,Yes,No,No,No,No,One year,Yes,Electronic check,72.72,4499.09,No
6335-NBYOH,Female,0,No,Yes,48,Yes,Yes,No,No internet service,No internet service,No internet service,No internet service,No internet service,No internet service,Two year,Yes,Bank transfer (automatic),30.16,1509.09,No
2213-PUVXX,Female,0,No,Yes,62,Yes,Yes,DSL,Yes,Yes,No,Yes,Yes,No,Two year,No,Credit card (automatic),54.01,3411.54,No
6606-YBKMS,Female,0,No,No,47,Yes,Yes,Fiber optic,No,Yes,Yes,No,Yes,No,Two year,Yes,Credit card (automatic),75.64,3718.64,No
3692-HXQQE,Male,0,Yes,No,8,Yes,No,DSL,No,No,Yes,No,No,No,Month-to-month,Yes,Electronic check,60.15,487.3,Yes
5502-KQXHV,Female,0,No,No,24,Yes,Yes,Fiber optic,Yes,Yes,No,No,No,No,Month-to-month,No,Bank transfer (automatic),76.41,1769.37,Yes
6702-MYDRK,Male,0,No,Yes,40,No,No phone service,No,No internet service,No internet service,No internet service,No internet service,No internet service,No internet service,One year,No,Credit card (automatic),27.06,1117.78,No
7137-DTBJX,Female,0,Yes,Yes,65,Yes,Yes,No,No internet service,No internet service,No internet service,No internet service,No internet service,No internet service,Two year,Yes,Bank transfer (automatic),31.43,2121.45,No
6693-MICCS,Male,1,Yes,Yes,72,Yes,No,Fiber optic,Yes,Yes,No,Yes,Yes,No,Two year,Yes,Mailed check,80.53,5847.91,No
3467-BLKYF,Female,0,Yes,Yes,20,Yes,Yes,Fiber optic,Yes,Yes,Yes,No,Yes,Yes,Month-to-month,No,Electronic check,84.23,1687.61,Yes
3407-EENFS,Female,0,Yes,No,53,Yes,Yes,DSL,No,No,No,No,Yes,No,Two year,No,Bank transfer (automatic),63.92,3444.69,No
8356-MGVZX,Male,0,Yes,No,45,Yes,Yes,No,No internet service,No internet service,No internet service,No internet service,No internet service,No internet service,Month-to-month,No,Credit card (automatic),18.25,841.64,No
9279-UTYIY,Male,0,No,No,34,Yes,Yes,No,No internet service,No internet service,No internet service,No internet service,No internet service,No internet service,Month-to-month,No,Credit card (automatic),33.18,1091.22,No
1184-VIHRE,Male,0,Yes,No,64,Yes,Yes,Fiber optic,No,Yes,Yes,No,Yes,Yes,Two year,Yes,Credit card (automatic),78.86,5256.19,No
9943-SAVCV,Female,0,Yes,Yes,33,Yes,No,DSL,No,Yes,Yes,Yes,No,Yes,Month-to-month,Yes,Credit card (automatic),59.04,1960.93,Yes
8314-QPVWS,Female,0,Yes,No,52,Yes,No,DSL,No,No,Yes,No,No,Yes,One year,No,Mailed check,58.47,2934.93,No
2537-RFBDL,Female,1,No,Yes,15,Yes,No,DSL,No,Yes,No,No,Yes,Yes,Month-to-month,Yes,Mailed check,56.01,834.4,Yes
9672-ABCEO,Female,0,Yes,Yes,72,Yes,Yes,Fiber optic,Yes,No,No,Yes,No,No,Two year,No,Bank transfer (automatic),79.25,5964.07,No
8391-BUXCL,Female,0,No,No,31,Yes,Yes,DSL,Yes,No,Yes,No,Yes,No,Month-to-month,No,Bank transfer (automatic),61.99,1968.91,No
8331-SEDLW,Male,0,No,No,70,Yes,No,DSL,No,No,Yes,Yes,Yes,Yes,One year,Yes,Mailed check,62.82,4186.9,No
9536-MNOMQ,Female,1,Yes,Yes,2,Yes,No,Fiber optic,No,Yes,No,Yes,No,Yes,Month-to-month,No,Credit card (automatic),75.83,149.58,Yes
3463-OPOZT,Male,0,Yes,Yes,18,Yes,Yes,Fiber optic,No,No,No,Yes,No,No,Month-to-month,No,Mailed check,81.98,1465.65,No
7607-UNHNX,Female,0,No,No,5,Yes,Yes,Fiber optic,Yes,No,No,Yes,Yes,No,Month-to-month,Yes,Electronic check,76.66,364.74,Yes
8912-JMHAI,Male,0,Yes,No,22,No,No phone service,Fiber optic,No,Yes,Yes,Yes,Yes,No,Month-to-month,Yes,Bank transfer (automatic),71.63,1585.16,No
1909-JBISV,Male,0,No,No,20,Yes,No,DSL,No,No,Yes,Yes,No,No,Month-to-month,No,Mailed check,69.77,1453.16,Yes
8986-OOZOC,Female,0,No,No,14,Yes,Yes,No,No internet service,No internet service,No internet service,No internet service,No internet service,No internet service,Month-to-month,No,Mailed check,23.17,338.9,No
9422-PRCML,Female,1,Yes,Yes,57,Yes,Yes,Fiber optic,Yes,Yes,No,Yes,Yes,No,Two year,Yes,Bank transfer (automatic),75.36,4226.29,No
8331-JIRAT,Male,0,No,No,22,Yes,Yes,No,No internet service,No internet service,No internet service,No internet service,No internet service,No internet service,Month-to-month,No,Electronic check,27.11,593.74,No
1066-GMFAK,Male,1,Yes,Yes,52,Yes,No,Fiber optic,Yes,No,Yes,Yes,Yes,Yes,One year,No,Mailed check,80.0,4262.22,No
7363-GHRYN,Female,0,No,No,59,No,No phone service,Fiber optic,No,Yes,Yes,Yes,No,No,One year,No,Mailed check,78.11,4383.81,Yes
6030-VBZMJ,Male,0,Yes,No,32,Yes,Yes,No,No internet service,No internet service,No internet service,No internet service,No internet service,No internet service,Two year,No,Credit card (automatic),18.58,571.55,No
6561-XYUMD,Male,0,Yes,No,12,Yes,No,DSL,Yes,Yes,Yes,Yes,No,Yes,Month-to-month,No,Mailed check,59.62,730.06,No
2712-VDMKS,Male,0,Yes,Yes,15,Yes,No,Fiber optic,Yes,No,No,No,Yes,No,Month-to-month,No,Bank transfer (automatic),87.78,1308.92,No
4088-SNXET,Male,0,No,No,69,Yes,Yes,DSL,Yes,No,No,Yes,No,Yes,Month-to-month,No,Electronic check,64.97,4318.45,No
7493-VMINZ,Male,0,Yes,Yes,12,Yes,Yes,No,No internet service,No internet service,No internet service,No internet service,No internet service,No internet service,Month-to-month,Yes,Bank transfer (automatic),32.21,382.19,No
2754-RFULW,Female,0,Yes,No,44,Yes,Yes,No,No internet service,No internet service,No internet service,No internet service,No internet service,No internet service,Month-to-month,Yes,Bank transfer (automatic),22.64,1025.53,No
2470-DYICV,Female,0,Yes,No,24,No,No phone service,No,No internet service,No internet service,No internet service,No internet service,No internet service,No internet service,One year,Yes,Credit card (automatic),18.25,436.91,No
4725-XLTPM,Female,0,No,Yes,66,Yes,Yes,No,No internet service,No internet service,No internet service,No internet service,No internet service,No internet service,Two year,Yes,Mailed check,24.7,1555.05,No
5373-GTNAK,Male,0,Yes,Yes,55,Yes,No,Fiber optic,No,No,No,Yes,No,Yes,Two year,Yes,Bank transfer (automatic),82.12,4634.51,No
4653-XLOCK,Male,0,No,No,49,Yes,Yes,Fiber optic,Yes,Yes,No,Yes,No,No,Two year,Yes,Mailed check,80.95,3847.77,No
3556-MXYHP,Female,0,Yes,Yes,34,Yes,Yes,Fiber optic,No,Yes,Yes,No,Yes,Yes,Month-to-month,Yes,Mailed check,76.56,2654.42,Yes
9588-FLNAM,Male,0,No,No,48,No,No phone service,Fiber optic,Yes,No,Yes,No,No,Yes,One year,Yes,Credit card (automatic),89.52,4128.1,No
2091-IDTVG,Female,0,No,No,18,Yes,No,DSL,No,No,Yes,No,No,Yes,Month-to-month,Yes,Electronic check,61.29,1127.34,Yes
1363-MCLOM,Female,0,No,No,42,Yes,No,Fiber optic,Yes,No,No,Yes,No,Yes,Two year,No,Credit card (automatic),72.49,3000.72,No
5697-OERRD,Male,0,Yes,No,53,Yes,No,No,No internet service,No internet service,No internet service,No internet service,No internet service,No internet service,Month-to-month,Yes,Credit card (automatic),24.77,1268.73,No
4903-HKUPX,Male,0,Yes,Yes,62,Yes,No,Fiber optic,Yes,Yes,Yes,Yes,No,Yes,One year,Yes,Electronic check,88.21,5567.62,No
6121-BSBIY,Male,0,Yes,No,21,Yes,Yes,No,No internet service,No internet service,No internet service,No internet service,No internet service,No internet service,One year,Yes,Electronic check,40.0,863.96,Yes
9906-DZZWV,Male,1,Yes,No,18,Yes,Yes,Fiber optic,Yes,Yes,No,Yes,Yes,Yes,One year,Yes,Bank transfer (automatic),83.82,1452.31,No
1675-DPCGZ,Male,0,Yes,No,14,Yes,No,Fiber optic,Yes,No,No,No,No,No,Month-to-month,Yes,Electronic check,87.72,1281.77,No
9193-GOOGG,Female,0,Yes,Yes,64,Yes,Yes,DSL,No,No,No,Yes,Yes,No,Two year,Yes,Electronic check,62.4,4070.96,No
4933-PUVAR,Male,0,Yes,Yes,72,Yes,Yes,Fiber optic,No,No,Yes,Yes,Yes,Yes,Month-to-month,Yes,Bank transfer (automatic),79.36,5615.21,No
6543-BVPSR,Male,0,Yes,No,43,Yes,Yes,DSL,Yes,No,Yes,Yes,No,No,Two year,Yes,Credit card (automatic),62.1,2600.39,No
4008-FJTQQ,Female,0,No,No,16,Yes,No,No,No internet service,No internet service,No internet service,No internet service,No internet service,No internet service,Month-to-month,No,Mailed check,23.66,366.72,Yes
2173-ARYJL,Male,0,Yes,Yes,11,Yes,Yes,DSL,No,No,Yes,Yes,No,Yes,Month-to-month,Yes,Bank transfer (automatic),55.32,587.8,No
9619-GNCGJ,Male,0,No,No,10,Yes,No,DSL,Yes,No,Yes,No,No,No,Month-to-month,No,Bank transfer (automatic),61.1,625.99,No
7168-ILHDU,Male,0,No,No,31,Yes,Yes,No,No internet service,No internet service,No internet service,No internet service,No internet service,No internet service,Month-to-month,Yes,Bank transfer (automatic),26.3,788.95,No
7055-QPDNS,Male,0,No,No,29,Yes,No,Fiber optic,No,Yes,No,Yes,Yes,No,Month-to-month,No,Mailed check,87.36,2408.04,No
5449-SINJZ,Female,0,Yes,No,12,Yes,No,DSL,Yes,Yes,No,Yes,No,Yes,Month-to-month,Yes,Bank transfer (automatic),65.42,763.56,Yes
2611-HRBNA,Male,0,No,No,62,Yes,Yes,DSL,No,No,No,No,Yes,No,Two year,No,Credit card (automatic),49.13,3077.45,No
5750-IEMIC,Male,0,No,No,35,Yes,Yes,Fiber optic,No,Yes,No,No,Yes,Yes,One year,Yes,Bank transfer (automatic),77.45,2763.31,No
5793-ORXSU,Male,0,No,No,18,Yes,Yes,No,No internet service,No internet service,No internet service,No internet service,No internet service,No internet service,Month-to-month,Yes,Mailed check,33.44,604.47,Yes
6831-RURNS,Male,0,No,No,32,Yes,Yes,Fiber optic,No,No,Yes,No,No,Yes,One year,No,Mailed check,79.12,2544.2,Yes
9687-MFKAH,Female,0,Yes,No,72,Yes,Yes,DSL,No,Yes,Yes,Yes,Yes,No,Two year,No,Mailed check,53.45,3696.69,No
8982-CXOIM,Male,1,No,No,12,Yes,Yes,Fiber optic,No,Yes,Yes,No,No,Yes,Month-to-month,Yes,Electronic check,72.03,891.54,Yes
8906-DOGOU,Female,0,Yes,Yes,40,Yes,Yes,Fiber optic,Yes,Yes,Yes,Yes,No,No,Month-to-month,No,Credit card (automatic),90.05,3594.27,No
9291-GRLNE,Male,0,No,No,30,Yes,Yes,DSL,No,Yes,Yes,No,Yes,Yes,Two year,Yes,Mailed check,58.47,1758.82,No
8708-EBTKB,Female,0,Yes,No,11,Yes,No,Fiber optic,Yes,No,No,Yes,Yes,No,Month-to-month,No,Electronic check,75.78,797.53,Yes
7127-HZZOM,Female,0,Yes,Yes,63,Yes,No,DSL,No,No,Yes,No,Yes,No,Two year,Yes,Bank transfer (automatic),54.94,3454.33,No
5003-PXQCF,Male,0,Yes,No,58,Yes,No,Fiber optic,Yes,Yes,Yes,No,No,No,Two year,No,Mailed check,77.38,4651.78,No
6664-JMKPF,Male,0,No,No,20,No,No phone service,DSL,Yes,No,No,Yes,No,No,Month-to-month,No,Bank transfer (automatic),66.53,1359.63,No
1663-GRPVC,Female,0,Yes,No,3,Yes,Yes,DSL,Yes,Yes,Yes,No,Yes,Yes,Month-to-month,Yes,Electronic check,63.98,187.76,No
2274-DOOEL,Female,0,No,No,71,Yes,No,DSL,No,No,No,Yes,No,No,Two year,No,Electronic check,62.7,4316.73,No
1463-POACS,Female,0,Yes,Yes,12,Yes,No,No,No internet service,No internet service,No internet service,No internet service,No internet service,No internet service,Month-to-month,Yes,Mailed check,27.94,351.05,Yes
9091-WONVV,Female,0,No,No,11,Yes,No,No,No internet service,No internet service,No internet service,No internet service,No internet service,No internet service,Month-to-month,No,Mailed check,33.1,378.5,Yes
9157-KMCEJ,Male,1,No,Yes,15,Yes,Yes,DSL,Yes,Yes,Yes,No,No,Yes,Month-to-month,Yes,Bank transfer (automatic),73.34,1074.38,No
8285-LPWMI,Male,0,No,Yes,48,Yes,No,Fiber optic,No,No,No,No,Yes,No,One year,Yes,Bank transfer (automatic),83.98,4186.23,No
7572-IKXLG,Female,0,Yes,No,39,Yes,No,No,No internet service,No internet service,No internet service,No internet service,No internet service,No internet service,One year,No,Mailed check,23.06,944.09,No
8511-QTIUY,Female,1,No,No,66,Yes,No,No,No internet service,No internet service,No internet service,No internet service,No internet service,No internet service,Two year,Yes,Mailed check,36.13,2473.11,No
2471-EOSAO,Female,0,No,No,13,Yes,No,DSL,No,No,Yes,No,No,Yes,Month-to-month,No,Mailed check,56.37,749.91,Yes
2146-ZSZFU,Male,0,No,No,3,Yes,No,Fiber optic,No,Yes,No,No,Yes,No,Month-to-month,No,Mailed check,89.33,260.24,Yes
4438-CMMNW,Female,0,Yes,No,45,Yes,No,Fiber optic,No,Yes,No,Yes,No,No,One year,Yes,Electronic check,76.43,3356.55,No
3514-QFWLU,Female,1,Yes,No,64,Yes,No,Fiber optic,No,Yes,No,No,Yes,Yes,Month-to-month,No,Bank transfer (automatic),84.8,5440.2,No
3420-IZFOI,Male,0,No,No,58,No,No phone service,No,No internet service,No internet service,No internet service,No internet service,No internet service,No internet service,Two year,Yes,Bank transfer (automatic),19.8,1152.96,No
4510-SUMQB,Female,0,Yes,Yes,11,Yes,Yes,DSL,No,Yes,Yes,No,Yes,No,Month-to-month,Yes,Electronic check,58.47,635.54,Yes
3105-TRBXK,Female,0,No,No,5,Yes,Yes,No,No internet service,No internet service,No internet service,No internet service,No internet service,No internet service,Month-to-month,No,Mailed check,26.36,128.75,No
3733-MKNED,Female,0,Yes,No,16,Yes,No,DSL,Yes,No,Yes,Yes,No,No,Month-to-month,Yes,Electronic check,57.29,879.91,No
9906-TJWUS,Female,0,Yes,No,67,Yes,Yes,DSL,No,Yes,No,No,No,No,Two year,Yes,Electronic check,48.68,3126.63,No
7491-YVGSE,Male,0,No,No,39,Yes,Yes,Fiber optic,No,Yes,No,No,Yes,Yes,One year,No,Electronic check,88.0,3486.95,Yes
5523-BESJE,Female,0,No,No,40,Yes,Yes,No,No internet service,No internet service,No internet service,No internet service,No internet service,No internet service,Two year,No,Electronic check,23.04,928.64,No
9813-YFPHU,Female,0,Yes,Yes,45,Yes,No,Fiber optic,No,Yes,No,Yes,No,Yes,One year,Yes,Credit card (automatic),82.3,3872.53,No
7190-LYTDL,Male,0,No,Yes,65,Yes,Yes,No,No internet service,No internet service,No internet service,No internet service,No internet service,No internet service,Two year,Yes,Bank transfer (automatic),34.72,2219.03,No
8466-OCUMG,Female,0,No,No,2,Yes,No,Fiber optic,No,Yes,Yes,Yes,No,No,Month-to-month,Yes,Credit card (automatic),81.57,166.36,No
8339-WPSGT,Male,0,Yes,No,63,No,No phone service,Fiber optic,No,No,Yes,No,Yes,No,Two year,No,Mailed check,80.18,4800.38,No
9137-GYCLB,Female,0,Yes,No,67,Yes,No,DSL,No,Yes,No,No,No,No,Two year,No,Mailed check,55.0,3796.74,No
5026-QWDXZ,Female,0,Yes,No,35,Yes,Yes,DSL,Yes,Yes,No,Yes,No,Yes,Month-to-month,No,Electronic check,73.4,2505.7,No
1599-YXABS,Female,0,No,No,14,Yes,Yes,Fiber optic,No,No,Yes,No,No,No,Month-to-month,Yes,Mailed check,79.07,1156.58,No
4778-GKIZG,Female,0,No,No,72,Yes,Yes,DSL,Yes,Yes,Yes,Yes,Yes,Yes,Two year,Yes,Mailed check,53.38,3652.21,No
1797-VVXZB,Male,0,No,Yes,25,Yes,Yes,No,No internet service,No internet service,No internet service,No internet service,No internet service,No internet service,Month-to-month,Yes,Electronic check,18.25,435.3,No
7920-HKLZN,Female,0,Yes,No,63,Yes,No,DSL,Yes,Yes,No,Yes,Yes,Yes,One year,No,Credit card (automatic),63.77,4186.83,No
3003-CPVSY,Male,0,No,Yes,12,No,No phone service,Fiber optic,No,No,Yes,Yes,Yes,Yes,Month-to-month,Yes,Electronic check,80.79,1012.79,No
1376-KPWIR,Male,1,Yes,No,8,Yes,No,DSL,No,Yes,Yes,No,Yes,Yes,Month-to-month,No,Mailed check,58.54,451.58,No
2871-PUVLM,Female,1,Yes,Yes,5,Yes,Yes,Fiber optic,Yes,No,No,Yes,Yes,No,Month-to-month,Yes,Mailed check,81.52,388.22,Yes
8936-OJHSS,Male,1,No,Yes,13,Yes,No,DSL,No,Yes,Yes,Yes,Yes,Yes,Month-to-month,Yes,Mailed check,57.46,781.17,No
5839-EEGAM,Female,0,No,No,57,Yes,No,No,No internet service,No internet service,No internet service,No internet service,No internet service,No internet service,One year,No,Mailed check,35.03,2001.33,No
4732-KYGVE,Female,0,Yes,No,45,Yes,No,DSL,No,Yes,No,No,No,Yes,Two year,No,Mailed check,55.73,2550.16,Yes
6504-WVPFJ,Female,0,Yes,No,17,Yes,No,Fiber optic,No,Yes,Yes,Yes,Yes,No,One year,Yes,Electronic check,81.56,1405.57,Yes
4821-VJVYC,Female,0,No,No,32,Yes,No,Fiber optic,No,Yes,No,No,No,No,Month-to-month,Yes,Credit card (automatic),71.18,2192.75,Yes
9420-OPHIO,Female,0,No,Yes,17,Yes,Yes,No,No internet service,No internet service,No internet service,No internet service,No internet service,No internet service,Month-to-month,No,Mailed check,28.12,471.62,No
2790-SRAFN,Female,0,No,No,1,Yes,Yes,No,No internet service,No internet service,No internet service,No internet service,No internet service,No internet service,Month-to-month,Yes,Credit card (automatic),24.68,23.83,Yes
7678-HXNOC,Male,0,No,Yes,23,Yes,No,DSL,No,No,Yes,Yes,No,Yes,Month-to-month,No,Mailed check,63.29,1494.65,No
6653-VFOAF,Female,0,Yes,No,41,Yes,Yes,DSL,Yes,Yes,No,Yes,No,Yes,One year,No,Bank transfer (automatic),62.6,2497.37,No
1638-UZASP,Female,1,No,No,60,Yes,Yes,DSL,No,No,Yes,Yes,No,No,Two year,Yes,Credit card (automatic),61.59,3786.92,No
7317-NZBDG,Male,0,Yes,No,3,Yes,No,No,No internet service,No internet service,No internet service,No internet service,No internet service,No internet service,Month-to-month,No,Bank transfer (automatic),20.68,63.04,No
8041-CDTKS,Female,0,No,No,42,Yes,No,No,No internet service,No internet service,No internet service,No internet service,No internet service,No internet service,One year,No,Mailed check,20.95,856.15,No
4299-CPCMW,Male,0,Yes,No,10,Yes,Yes,Fiber optic,Yes,No,Yes,No,No,No,Month-to-month,No,Electronic check,86.37,900.93,No
2646-FYHJR,Male,0,Yes,Yes,39,No,No phone service,Fiber optic,No,No,No,No,No,Yes,Two year,Yes,Credit card (automatic),74.67,2838.47,No
2152-BVYZA,Male,1,Yes,No,4,Yes,No,Fiber optic,No,Yes,No,Yes,Yes,Yes,Month-to-month,Yes,Electronic check,86.5,347.41,Yes
5767-WVJMD,Female,0,No,No,72,Yes,Yes,No,No internet service,No internet service,No internet service,No internet service,No internet service,No internet service,Two year,No,Credit card (automatic),25.86,1824.87,No
2252-JFZCN,Male,0,No,Yes,18,Yes,No,DSL,Yes,Yes,No,Yes,No,Yes,One year,No,Credit card (automatic),64.19,1200.95,No
6008-BLYCD,Female,0,No,No,56,Yes,No,No,No internet service,No internet service,No internet service,No internet service,No internet service,No internet service,Two year,No,Credit card (automatic),18.25,981.75,No
2487-BXBHV,Female,0,Yes,No,68,Yes,Yes,Fiber optic,Yes,No,No,No,No,Yes,One year,No,Credit card (automatic),80.21,5282.96,No
9956-DJEFY,Male,0,No,No,44,Yes,Yes,Fiber optic,No,No,No,Yes,No,Yes,One year,No,Credit card (automatic),83.0,3798.89,No
4037-PEHJP,Male,1,No,Yes,72,Yes,Yes,Fiber optic,No,Yes,Yes,No,No,Yes,Month-to-month,Yes,Electronic check,78.26,5831.04,No
9099-GQMUI,Female,0,No,No,19,Yes,No,Fiber optic,No,No,No,Yes,Yes,No,Month-to-month,Yes,Electronic check,80.5,1567.68,No
4812-QLTAJ,Female,1,No,No,39,No,No phone service,No,No internet service,No internet service,No internet service,No internet service,No internet service,No internet service,Month-to-month,No,Mailed check,18.25,746.29,Yes
2569-DBJFT,Male,0,No,No,18,Yes,No,DSL,Yes,No,Yes,Yes,Yes,Yes,Two year,Yes,Credit card (automatic),61.81,1069.04,No
5518-UXUKZ,Male,0,Yes,No,72,No,No phone service,DSL,No,Yes,Yes,Yes,No,Yes,One year,Yes,Credit card (automatic),56.47,3920.2,No
4466-VEZHQ,Female,0,Yes,No,41,Yes,No,Fiber optic,No,No,Yes,Yes,Yes,No,One year,No,Mailed check,83.29,3261.47,No
4184-FIPCF,Female,0,No,No,7,Yes,No,Fiber optic,Yes,Yes,No,No,Yes,Yes,Month-to-month,Yes,Credit card (automatic),76.5,533.43,Yes
9278-CSHIJ,Male,0,Yes,No,8,Yes,No,Fiber optic,No,Yes,No,No,No,No,Month-to-month,Yes,Electronic check,78.98,640.97,Yes
4443-SUJEA,Female,0,No,Yes,29,Yes,Yes,Fiber optic,No,No,No,No,No,No,Month-to-month,No,Bank transfer (automatic),78.38,2282.07,Yes
7520-XAPFF,Female,0,No,No,72,No,No phone service,Fiber optic,Yes,No,No,Yes,No,Yes,Month-to-month,No,Electronic check,86.84,5946.95,No
8454-GHDXX,Male,0,No,Yes,12,Yes,Yes,No,No internet service,No internet service,No internet service,No internet service,No internet service,No internet service,Month-to-month,No,Electronic check,18.25,227.03,Yes
9217-FEYPG,Female,0,No,No,17,Yes,No,Fiber optic,Yes,No,Yes,Yes,No,Yes,Month-to-month,No,Electronic check,76.27,1302.42,Yes
1420-UUAMM,Female,0,Yes,Yes,62,Yes,Yes,No,No internet service,No internet service,No internet service,No internet service,No internet service,No internet service,One year,No,Bank transfer (automatic),24.7,1475.83,No
5176-JIIXZ,Male,0,No,No,2,Yes,Yes,Fiber optic,Yes,Yes,No,Yes,No,No,Month-to-month,No,Bank transfer (automatic),76.71,149.07,Yes
2006-SOGET,Female,0,No,Yes,47,Yes,Yes,Fiber optic,No,No,No,Yes,Yes,No,Month-to-month,Yes,Credit card (automatic),79.0,3693.86,No
4281-DZYKL,Female,0,Yes,No,34,Yes,No,Fiber optic,No,No,Yes,Yes,No,No,One year,Yes,Credit card (automatic),78.43,2663.17,No
4783-ECHKE,Female,1,Yes,No,34,Yes,Yes,Fiber optic,No,No,No,No,Yes,Yes,One year,No,Bank transfer (automatic),71.47,2469.22,No
1319-YWHPD,Female,0,No,No,72,Yes,No,DSL,No,Yes,No,Yes,Yes,No,Month-to-month,No,Credit card (automatic),59.99,4281.64,No
9339-VEFIC,Male,0,No,Yes,56,Yes,No,Fiber optic,Yes,Yes,No,No,Yes,No,Two year,No,Electronic check,73.54,4267.76,No
4121-RSAJV,Female,0,No,No,31,Yes,Yes,DSL,Yes,Yes,No,No,No,No,Month-to-month,Yes,Mailed check,72.38,2297.62,Yes
8834-OTGWM,Female,0,Yes,No,34,Yes,No,No,No internet service,No internet service,No internet service,No internet service,No internet service,No internet service,One year,No,Bank transfer (automatic),21.71,750.53,No
7224-GENNO,Female,0,Yes,No,36,Yes,Yes,No,No internet service,No internet service,No internet service,No internet service,No internet service,No internet service,Two year,No,Mailed check,22.63,846.08,No
8271-UHMCU,Male,0,Yes,No,9,Yes,Yes,Fiber optic,Yes,Yes,Yes,Yes,No,Yes,Month-to-month,Yes,Mailed check,77.5,725.65,Yes
2218-BNXJE,Male,0,No,No,13,Yes,No,DSL,Yes,Yes,No,Yes,No,Yes,Month-to-month,Yes,Electronic check,60.1,803.3,Yes
2658-VRMYC,Male,0,No,Yes,11,Yes,Yes,Fiber optic,No,No,No,Yes,No,Yes,Month-to-month,No,Electronic check,84.65,907.68,Yes
6546-JGXYV,Female,0,No,Yes,23,No,No phone service,No,No internet service,No internet service,No internet service,No internet service,No internet service,No internet service,Month-to-month,Yes,Electronic check,18.25,407.38,No
2335-SJJFP,Male,0,No,No,19,Yes,Yes,DSL,Yes,Yes,No,Yes,Yes,No,Month-to-month,Yes,Mailed check,61.71,1131.67,No
8714-GNQQG,Female,0,No,No,72,Yes,Yes,No,No internet service,No internet service,No internet service,No internet service,No internet service,No internet service,Two year,Yes,Bank transfer (automatic),26.7,1873.63,No
1259-VPSNK,Female,0,Yes,No,11,Yes,Yes,DSL,Yes,Yes,Yes,No,No,Yes,Month-to-month,Yes,Mailed check,50.77,584.53,Yes
3265-RVIAE,Male,0,Yes,No,57,Yes,Yes,Fiber optic,No,No,No,Yes,Yes,Yes,Month-to-month,Yes,Credit card (automatic),85.3,4945.01,No
6212-GVHMF,Female,0,Yes,No,53,Yes,Yes,No,No internet service,No internet service,No internet service,No internet service,No internet service,No internet service,Month-to-month,Yes,Bank transfer (automatic),18.25,948.5,No
5090-RUTNL,Male,0,No,No,52,Yes,No,Fiber optic,Yes,Yes,Yes,Yes,No,Yes,Two year,Yes,Electronic check,79.78,4175.36,Yes
3929-ZTXTC,Male,0,Yes,No,6,Yes,Yes,DSL,Yes,Yes,No,No,No,Yes,Month-to-month,Yes,Bank transfer (automatic),56.5,337.26,Yes
3386-LIXMF,Male,0,Yes,No,39,Yes,No,No,No internet service,No internet service,No internet service,No internet service,No internet service,No internet service,One year,Yes,Credit card (automatic),18.25,716.52,No
6380-JDYYU,Female,0,Yes,Yes,22,Yes,No,No,No internet service,No internet service,No internet service,No internet service,No internet service,No internet service,Month-to-month,Yes,Electronic check,18.25,398.19,No
3827-VHWWE,Male,0,No,Yes,8,Yes,No,DSL,Yes,Yes,No,No,Yes,Yes,Month-to-month,Yes,Credit card (automatic),72.98,593.68,No
3833-SGURF,Female,0,Yes,Yes,72,Yes,Yes,Fiber optic,Yes,Yes,No,Yes,Yes,No,Two year,No,Bank transfer (automatic),72.15,5392.09,No
7981-BJEAT,Female,0,No,No,4,Yes,Yes,Fiber optic,Yes,Yes,No,No,Yes,No,One year,No,Bank transfer (automatic),88.14,366.36,No
2374-SBXZI,Male,0,Yes,No,51,Yes,No,Fiber optic,No,Yes,No,Yes,No,Yes,One year,Yes,Electronic check,81.89,4321.79,No
5375-QPAZY,Male,1,No,No,69,Yes,No,Fiber optic,Yes,Yes,Yes,No,Yes,No,Two year,No,Credit card (automatic),92.36,6247.96,No
5380-OETNH,Female,0,No,No,72,Yes,Yes,No,No internet service,No internet service,No internet service,No internet service,No internet service,No internet service,Two year,Yes,Electronic check,31.82,2404.54,No
3763-CUBOV,Female,0,No,No,72,Yes,Yes,DSL,Yes,No,Yes,No,No,No,Two year,Yes,Credit card (automatic),52.26,3867.69,No
1471-DTVCG,Female,0,Yes,Yes,62,Yes,No,DSL,Yes,No,Yes,Yes,Yes,Yes,Month-to-month,Yes,Electronic check,55.67,3561.32,No
6456-ONGOB,Male,0,No,Yes,12,Yes,No,Fiber optic,No,No,No,Yes,No,Yes,Month-to-month,Yes,Credit card (automatic),88.24,1060.36,Yes
8853-OJJJL,Male,0,No,Yes,51,Yes,Yes,DSL,No,No,Yes,No,Yes,Yes,Two year,Yes,Bank transfer (automatic),59.77,3077.67,No
2734-PEIWO,Female,0,Yes,No,70,Yes,No,DSL,No,No,No,Yes,No,No,One year,Yes,Electronic check,53.93,3901.74,No
9126-RUCNJ,Male,0,No,No,13,Yes,Yes,No,No internet service,No internet service,No internet service,No internet service,No internet service,No internet service,Month-to-month,Yes,Credit card (automatic),20.11,252.18,No
1153-CEALB,Male,0,No,No,12,Yes,Yes,Fiber optic,No,No,No,No,Yes,Yes,Month-to-month,Yes,Credit card (automatic),95.96,1145.25,Yes
8419-PZCCW,Male,0,No,No,59,Yes,No,Fiber optic,Yes,Yes,No,No,Yes,No,One year,No,Credit card (automatic),82.58,4959.94,No
4527-TEAMO,Male,1,No,No,43,Yes,Yes,No,No internet service,No internet service,No internet service,No internet service,No internet service,No internet service,One year,No,Mailed check,24.8,1055.1,No
2002-AFCZZ,Male,0,Yes,Yes,51,Yes,Yes,No,No internet service,No internet service,No internet service,No internet service,No internet service,No internet service,Month-to-month,Yes,Credit card (automatic),28.98,1531.36,No
1142-LJARW,Male,0,Yes,No,18,Yes,Yes,Fiber optic,No,Yes,Yes,Yes,Yes,Yes,Month-to-month,No,Bank transfer (automatic),75.16,1375.36,Yes
6500-XQOYS,Female,0,No,No,53,Yes,Yes,Fiber optic,Yes,No,Yes,No,Yes,No,Month-to-month,No,Bank transfer (automatic),92.17,5045.77,No
7880-UATTM,Female,0,Yes,No,70,Yes,No,DSL,No,No,No,No,Yes,Yes,Two year,Yes,Credit card (automatic),46.87,3386.39,No
6078-VDNUG,Male,0,Yes,No,29,Yes,No,DSL,Yes,Yes,No,Yes,No,Yes,Month-to-month,No,Electronic check,68.1,1992.91,No
3373-AIJYC,Male,0,No,No,72,Yes,No,DSL,No,Yes,Yes,Yes,No,Yes,Two year,No,Mailed check,63.06,4669.38,No
6816-BUMLY,Male,0,Yes,No,58,Yes,Yes,Fiber optic,No,Yes,Yes,No,No,Yes,One year,No,Electronic check,87.79,5281.45,No
7740-CGHPV,Male,1,Yes,No,55,Yes,Yes,DSL,No,Yes,No,No,No,Yes,Two year,No,Mailed check,56.52,3261.58,No
6738-KTTCO,Female,1,No,No,66,Yes,Yes,No,No internet service,No internet service,No internet service,No internet service,No internet service,No internet service,Two year,Yes,Mailed check,20.8,1408.43,No
7395-PGEHJ,Female,1,Yes,No,28,Yes,Yes,No,No internet service,No internet service,No internet service,No internet service,No internet service,No internet service,Month-to-month,Yes,Electronic check,34.67,978.58,No
9292-QVAUE,Female,0,Yes,No,35,Yes,Yes,Fiber optic,Yes,Yes,No,No,No,No,One year,Yes,Credit card (automatic),99.6,3551.61,No
6091-KWRLN,Male,0,Yes,No,52,Yes,Yes,Fiber optic,No,Yes,No,No,No,No,One year,Yes,Credit card (automatic),84.13,4405.77,No
7361-SOSUA,Female,1,No,No,55,Yes,No,Fiber optic,No,Yes,No,No,No,Yes,Month-to-month,No,Credit card (automatic),90.76,4852.2,No
4302-XIVOH,Female,0,No,Yes,22,No,No phone service,DSL,Yes,No,Yes,No,Yes,Yes,Month-to-month,No,Electronic check,56.65,1196.02,No
4151-MDIRX,Female,0,Yes,No,54,Yes,No,No,No internet service,No internet service,No internet service,No internet service,No internet service,No internet service,One year,Yes,Mailed check,21.2,1201.35,No
9552-JUKUX,Male,0,Yes,No,71,Yes,Yes,DSL,No,No,No,No,Yes,No,Two year,Yes,Credit card (automatic),71.02,5279.32,No
5010-PWDGQ,Female,0,No,No,53,Yes,Yes,Fiber optic,Yes,Yes,Yes,Yes,No,No,Month-to-month,Yes,Bank transfer (automatic),81.48,4234.37,No
2611-UGIVN,Female,0,No,Yes,22,Yes,No,DSL,Yes,Yes,Yes,Yes,Yes,No,Month-to-month,No,Bank transfer (automatic),64.07,1435.69,No
8116-QNNUZ,Female,0,Yes,No,69,Yes,No,No,No internet service,No internet service,No internet service,No internet service,No internet service,No internet service,Two year,Yes,Electronic check,25.98,1781.73,No
1218-NUQMU,Female,0,Yes,No,25,Yes,Yes,Fiber optic,Yes,No,Yes,No,Yes,No,Month-to-month,Yes,Credit card (automatic),86.02,2068.75,No
5213-DHBSZ,Male,0,Yes,No,72,Yes,Yes,DSL,Yes,Yes,Yes,No,No,Yes,Two year,Yes,Mailed check,57.44,4290.33,No
4413-TZKWA,Male,1,Yes,No,20,Yes,Yes,Fiber optic,Yes,No,No,No,Yes,Yes,Month-to-month,Yes,Mailed check,84.5,1663.49,Yes
7098-EUAVK,Male,1,No,No,9,Yes,Yes,No,No internet service,No internet service,No internet service,No internet service,No internet service,No internet service,Month-to-month,No,Electronic check,19.36,179.07,No
3132-OZEIQ,Female,0,Yes,No,9,Yes,Yes,Fiber optic,Yes,Yes,No,No,No,Yes,Month-to-month,Yes,Credit card (automatic),93.66,881.72,Yes
1843-YNZKV,Male,0,No,Yes,4,Yes,No,Fiber optic,Yes,No,Yes,No,Yes,Yes,Month-to-month,Yes,Credit card (automatic),84.97,347.82,Yes
3977-LJOFN,Male,0,Yes,Yes,14,No,No phone service,DSL,Yes,No,No,No,Yes,No,Month-to-month,Yes,Electronic check,54.68,748.13,Yes
8559-EUWAR,Male,0,No,No,35,Yes,Yes,Fiber optic,No,Yes,No,No,Yes,Yes,One year,No,Credit card (automatic),86.63,2952.92,No
5365-QHFHD,Female,0,Yes,No,1,Yes,No,Fiber optic,No,No,No,Yes,No,No,Month-to-month,Yes,Credit card (automatic),87.16,89.06,Yes
4648-WUEOB,Male,0,No,No,16,Yes,Yes,DSL,No,Yes,No,Yes,Yes,Yes,Two year,No,Mailed check,56.22,886.08,No
1535-QHSED,Male,0,Yes,No,9,Yes,No,Fiber optic,Yes,No,No,No,Yes,No,Month-to-month,Yes,Mailed check,75.83,703.38,No
7434-FBUSY,Male,0,Yes,Yes,41,Yes,Yes,Fiber optic,Yes,Yes,Yes,Yes,Yes,No,Month-to-month,No,Electronic check,80.14,3427.08,No
6390-MRUQI,Male,0,No,No,37,Yes,Yes,Fiber optic,Yes,No,No,No,No,Yes,One year,No,Credit card (automatic),88.17,3336.89,No
9007-SWOLV,Male,0,Yes,Yes,13,Yes,No,Fiber optic,Yes,Yes,Yes,Yes,Yes,Yes,Month-to-month,Yes,Electronic check,81.43,1095.79,Yes
6503-UXHFD,Male,0,Yes,Yes,61,Yes,No,No,No internet service,No internet service,No internet service,No internet service,No internet service,No internet service,One year,Yes,Credit card (automatic),18.25,1167.68,No
6398-UZAAR,Female,0,Yes,No,27,Yes,Yes,No,No internet service,No internet service,No internet service,No internet service,No internet service,No internet service,Month-to-month,No,Electronic check,25.96,726.36,Yes
3425-MCBNR,Male,1,Yes,No,55,Yes,No,Fiber optic,Yes,Yes,Yes,Yes,Yes,No,Two year,No,Mailed check,93.07,5167.22,No
8975-MQWLF,Male,0,Yes,No,4,Yes,No,Fiber optic,Yes,No,Yes,Yes,Yes,Yes,Month-to-month,Yes,Bank transfer (automatic),82.58,318.58,Yes
8427-AHDQH,Female,0,Yes,No,17,Yes,Yes,DSL,Yes,No,No,Yes,No,No,Month-to-month,Yes,Mailed check,49.99,835.23,No
4098-QHJMD,Male,0,Yes,No,44,Yes,Yes,Fiber optic,Yes,Yes,Yes,Yes,Yes,No,One year,No,Bank transfer (automatic),77.78,3354.13,No
9415-ZSCMJ,Female,0,No,No,23,No,No phone service,Fiber optic,Yes,No,Yes,Yes,No,No,Month-to-month,No,Electronic check,74.75,1686.48,Yes
2497-WKQRI,Female,0,Yes,No,66,Yes,Yes,DSL,Yes,Yes,No,Yes,Yes,Yes,Two year,No,Mailed check,59.97,4046.3,No
4137-ZVNNA,Female,0,Yes,No,61,Yes,No,No,No internet service,No internet service,No internet service,No internet service,No internet service,No internet service,Month-to-month,Yes,Credit card (automatic),28.1,1662.01,No
2838-AUYEH,Male,0,No,Yes,18,Yes,No,Fiber optic,Yes,Yes,Yes,Yes,Yes,No,Month-to-month,No,Mailed check,87.62,1654.22,No
4170-VKBPD,Female,0,No,Yes,9,No,No phone service,Fiber optic,Yes,No,Yes,Yes,No,No,Month-to-month,No,Electronic check,77.24,709.01,Yes
6805-WBZRB,Male,0,Yes,Yes,7,Yes,No,DSL,Yes,Yes,Yes,Yes,No,No,Month-to-month,Yes,Mailed check,54.41,368.31,Yes
2979-EWSJN,Female,0,No,Yes,60,No,No phone service,No,No internet service,No internet service,No internet service,No internet service,No internet service,No internet service,Two year,Yes,Electronic check,18.25,1087.93,No
4135-KQFTY,Male,0,No,Yes,42,Yes,No,DSL,Yes,No,No,No,No,No,Month-to-month,Yes,Electronic check,61.26,2520.72,No
9765-EKGQI,Male,0,Yes,No,25,Yes,Yes,DSL,Yes,Yes,No,No,Yes,Yes,One year,Yes,Credit card (automatic),49.67,1194.58,No
4551-DONOI,Female,0,No,No,13,No,No phone service,DSL,Yes,No,No,No,Yes,Yes,Month-to-month,Yes,Credit card (automatic),65.23,845.68,No
7801-PEJRD,Female,0,Yes,Yes,32,Yes,Yes,No,No internet service,No internet service,No internet service,No internet service,No internet service,No internet service,Two year,No,Electronic check,31.6,1010.64,No
4169-WLNRI,Female,0,No,Yes,3,No,No phone service,DSL,No,No,No,Yes,Yes,No,Month-to-month,No,Electronic check,63.56,196.09,No
8437-AMPGU,Male,0,No,No,22,Yes,Yes,Fiber optic,Yes,Yes,Yes,No,No,No,Month-to-month,Yes,Bank transfer (automatic),81.52,1748.99,Yes
1714-QQUFE,Male,0,Yes,No,14,Yes,Yes,No,No internet service,No internet service,No internet service,No internet service,No internet service,No internet service,Month-to-month,No,Mailed check,25.29,359.99,No
6223-ZUFKG,Female,1,No,No,12,Yes,Yes,DSL,Yes,No,No,Yes,No,No,Month-to-month,No,Bank transfer (automatic),52.59,637.3,Yes
8018-NLAQL,Female,0,No,Yes,53,Yes,Yes,Fiber optic,Yes,No,Yes,No,No,Yes,Month-to-month,Yes,Electronic check,87.94,4637.06,No
1356-FSTMT,Male,0,No,No,44,Yes,No,Fiber optic,No,No,No,Yes,Yes,Yes,Two year,No,Bank transfer (automatic),73.34,3372.17,No
7644-QFKVI,Female,0,Yes,No,15,Yes,No,DSL,No,No,Yes,No,No,No,Month-to-month,Yes,Credit card (automatic),58.47,915.67,No
6940-VNNEM,Female,0,Yes,Yes,8,Yes,No,Fiber optic,Yes,No,No,Yes,No,No,Month-to-month,No,Mailed check,77.17,622.63,Yes
1376-COFJJ,Female,0,Yes,No,52,Yes,No,DSL,Yes,Yes,No,No,No,No,One year,Yes,Mailed check,68.71,3426.85,No
5258-SLVMZ,Male,0,Yes,No,5,Yes,No,DSL,No,Yes,No,Yes,No,No,Month-to-month,Yes,Bank transfer (automatic),62.28,324.54,Yes
9994-LTLWT,Female,0,No,No,15,Yes,Yes,No,No internet service,No internet service,No internet service,No internet service,No internet service,No internet service,Month-to-month,No,Bank transfer (automatic),26.51,393.42,No
4045-IWOSR,Male,0,Yes,Yes,51,Yes,No,DSL,Yes,Yes,No,No,Yes,Yes,One year,Yes,Mailed check,57.97,3055.93,No
2492-GXHWJ,Female,0,No,Yes,39,Yes,Yes,DSL,No,Yes,Yes,Yes,Yes,Yes,Month-to-month,Yes,Mailed check,64.21,2558.55,Yes
8618-PCHYF,Male,1,Yes,No,55,Yes,No,No,No internet service,No internet service,No internet service,No internet service,No internet service,No internet service,One year,Yes,Bank transfer (automatic),34.04,1799.2,No
3047-DPVYX,Male,0,Yes,No,17,Yes,No,No,No internet service,No internet service,No internet service,No internet service,No internet service,No internet service,One year,No,Mailed check,34.26,601.13,No
8954-XOVQD,Female,0,No,No,21,Yes,Yes,Fiber optic,Yes,No,Yes,Yes,Yes,No,Month-to-month,No,Mailed check,98.44,2030.41,Yes
1219-CIMQN,Male,0,No,Yes,51,Yes,No,Fiber optic,Yes,No,Yes,Yes,Yes,Yes,One year,Yes,Credit card (automatic),76.82,4058.63,No
4296-TWFGY,Male,0,Yes,Yes,11,Yes,Yes,No,No internet service,No internet service,No internet service,No internet service,No internet service,No internet service,Month-to-month,Yes,Electronic check,21.29,240.43,No
9733-INPQW,Male,0,No,No,61,Yes,No,DSL,Yes,Yes,Yes,No,Yes,No,Two year,No,Electronic check,64.56,3940.74,No
1951-NFTPT,Female,0,Yes,No,9,Yes,No,Fiber optic,Yes,Yes,No,No,No,Yes,Month-to-month,No,Credit card (automatic),83.05,713.58,No
9147-UWVQK,Male,0,No,No,23,Yes,Yes,DSL,No,Yes,Yes,Yes,Yes,No,Month-to-month,Yes,Bank transfer (automatic),61.82,1480.79,Yes
4025-JPUJP,Male,0,Yes,Yes,6,Yes,No,No,No internet service,No internet service,No internet service,No internet service,No internet service,No internet service,Month-to-month,Yes,Credit card (automatic),18.25,114.04,No
4724-PVKKF,Female,0,Yes,No,72,Yes,Yes,Fiber optic,No,Yes,Yes,Yes,No,Yes,Month-to-month,Yes,Bank transfer (automatic),87.84,6626.15,No
5487-LEZWH,Female,0,No,No,16,Yes,No,No,No internet service,No internet service,No internet service,No internet service,No internet service,No internet service,Month-to-month,Yes,Electronic check,22.04,367.49,No
9498-HKDPM,Male,0,Yes,No,10,Yes,No,No,No internet service,No internet service,No internet service,No internet service,No internet service,No internet service,Month-to-month,No,Credit card (automatic),27.49,274.2,No
3405-HYRDD,Male,0,Yes,No,42,Yes,Yes,No,No internet service,No internet service,No internet service,No internet service,No internet service,No internet service,Two year,Yes,Bank transfer (automatic),23.84,1036.42,No
1630-GTBGB,Female,0,Yes,No,14,Yes,No,DSL,No,Yes,No,No,No,No,Month-to-month,Yes,Bank transfer (automatic),53.39,752.99,No
6844-VNXRT,Female,0,Yes,No,14,Yes,Yes,Fiber optic,No,No,No,No,No,No,Month-to-month,Yes,Electronic check,93.17,1334.42,No
3822-WQCCX,Female,1,Yes,No,3,Yes,No,No,No internet service,No internet service,No internet service,No internet service,No internet service,No internet service,Month-to-month,Yes,Credit card (automatic),28.62,82.44,Yes
3476-MTTAQ,Female,0,Yes,Yes,30,Yes,Yes,DSL,No,No,Yes,No,Yes,Yes,One year,No,Mailed check,59.88,1833.5,No
9217-JOGSD,Male,0,Yes,No,16,Yes,No,DSL,Yes,No,No,Yes,Yes,Yes,One year,Yes,Bank transfer (automatic),53.99,832.84,Yes
5674-KQMZZ,Male,1,Yes,Yes,56,Yes,Yes,Fiber optic,Yes,Yes,No,Yes,No,No,Two year,No,Credit card (automatic),87.46,4779.45,No
3557-AMPTN,Male,1,No,Yes,63,Yes,No,Fiber optic,Yes,Yes,Yes,Yes,Yes,Yes,One year,Yes,Electronic check,85.8,5286.28,No
6277-ATIJK,Male,0,Yes,Yes,35,No,No phone service,Fiber optic,Yes,Yes,Yes,Yes,No,Yes,One year,Yes,Mailed check,72.51,2476.94,No
1644-MJGGA,Male,0,Yes,No,28,No,No phone service,DSL,No,No,No,Yes,No,Yes,Month-to-month,Yes,Bank transfer (automatic),57.74,1551.11,No
8988-HWVLV,Male,0,No,No,70,Yes,No,Fiber optic,Yes,Yes,No,No,Yes,Yes,Two year,Yes,Mailed check,82.32,5740.21,No
2901-EXQRY,Male,1,Yes,No,69,Yes,Yes,DSL,Yes,Yes,No,Yes,No,Yes,Month-to-month,No,Electronic check,62.51,4434.12,No
1125-EZDLA,Male,0,No,Yes,30,Yes,No,No,No internet service,No internet service,No internet service,No internet service,No internet service,No internet service,One year,Yes,Bank transfer (automatic),28.15,865.14,No
3931-EGVHV,Male,0,Yes,Yes,69,Yes,Yes,Fiber optic,Yes,Yes,Yes,Yes,Yes,No,Two year,Yes,Credit card (automatic),79.0,5306.76,No
9052-OOIRU,Female,0,No,Yes,28,Yes,No,Fiber optic,Yes,Yes,No,Yes,No,No,Month-to-month,Yes,Electronic check,85.72,2369.29,No
8767-FRDMC,Male,0,No,Yes,6,Yes,No,DSL,Yes,No,No,Yes,Yes,No,Month-to-month,Yes,Electronic check,68.72,417.45,Yes
5949-WVSPQ,Male,0,Yes,Yes,66,Yes,No,Fiber optic,Yes,Yes,Yes,No,No,Yes,Month-to-month,Yes,Mailed check,87.12,5802.17,No
1898-SRDQK,Female,1,No,Yes,72,Yes,Yes,No,No internet service,No internet service,No internet service,No internet service,No internet service,No internet service,Two year,No,Bank transfer (automatic),25.06,1727.75,No
5582-VIXKN,Male,0,Yes,No,15,No,No phone service,DSL,No,Yes,Yes,No,No,Yes,Month-to-month,No,Bank transfer (automatic),55.35,800.96,No
1259-DHZGK,Male,0,Yes,No,23,Yes,No,Fiber optic,No,Yes,No,Yes,No,No,Month-to-month,No,Bank transfer (automatic),92.24,2134.45,Yes
8685-IVDDA,Female,0,No,No,1,Yes,No,Fiber optic,Yes,No,Yes,No,No,No,Month-to-month,No,Credit card (automatic),91.93,87.64,Yes
2123-PCPPG,Female,0,Yes,No,4,Yes,No,DSL,No,No,No,No,Yes,Yes,One year,No,Credit card (automatic),53.6,223.82,No
1334-EDNYL,Male,0,Yes,No,31,Yes,No,No,No internet service,No internet service,No internet service,No internet service,No internet service,No internet service,One year,No,Bank transfer (automatic),28.03,845.04,No
6703-HCFMW,Male,0,Yes,No,26,Yes,Yes,Fiber optic,No,No,No,No,No,Yes,One year,Yes,Bank transfer (automatic),81.44,2092.76,No
3236-ZQJQS,Male,0,No,No,61,Yes,Yes,Fiber optic,No,No,Yes,No,No,Yes,Two year,No,Electronic check,75.52,4725.65,No
7172-WRAJX,Male,0,No,No,43,Yes,No,No,No internet service,No internet service,No internet service,No internet service,No internet service,No internet service,Month-to-month,Yes,Credit card (automatic),29.98,1272.97,No
2863-MNOWO,Female,0,No,Yes,10,Yes,Yes,DSL,No,No,No,Yes,Yes,Yes,Month-to-month,Yes,Credit card (automatic),63.34,621.99,Yes
1004-GQUQT,Male,1,Yes,Yes,58,Yes,No,Fiber optic,No,No,No,No,Yes,No,One year,Yes,Credit card (automatic),79.45,4384.11,Yes
3166-CYOTY,Male,0,Yes,Yes,2,Yes,No,DSL,Yes,Yes,Yes,Yes,Yes,Yes,Month-to-month,Yes,Credit card (automatic),58.46,111.45,No
2642-WJQKF,Female,1,Yes,No,34,Yes,No,No,No internet service,No internet service,No internet service,No internet service,No internet service,No internet service,One year,Yes,Credit card (automatic),32.03,1053.1,No
8914-JADYV,Female,0,Yes,No,62,Yes,Yes,No,No internet service,No internet service,No internet service,No internet service,No internet service,No internet service,Two year,Yes,Bank transfer (automatic),22.57,1333.03,No
6980-UQXCB,Female,0,No,No,8,Yes,Yes,Fiber optic,Yes,Yes,No,Yes,Yes,No,Month-to-month,Yes,Bank transfer (automatic),79.41,662.95,No
7253-ZPZKR,Male,0,No,No,72,Yes,No,Fiber optic,No,Yes,No,No,No,Yes,Month-to-month,No,Mailed check,76.21,5697.79,No
5581-WQLGI,Male,1,Yes,No,44,No,No phone service,Fiber optic,Yes,Yes,Yes,No,No,Yes,Two year,No,Bank transfer (automatic),81.41,3745.17,No
1672-ENAMB,Female,0,No,No,13,Yes,No,Fiber optic,Yes,Yes,Yes,No,Yes,No,Month-to-month,No,Mailed check,74.3,1006.92,No
2457-RAIEB,Female,0,No,No,72,Yes,Yes,Fiber optic,Yes,Yes,Yes,No,Yes,Yes,Month-to-month,No,Bank transfer (automatic),74.29,5560.24,No
2873-CCRDY,Male,0,Yes,No,69,Yes,Yes,DSL,Yes,No,No,Yes,Yes,Yes,Month-to-month,Yes,Bank transfer (automatic),58.58,4089.28,Yes
5379-KWUKZ,Male,0,Yes,No,40,Yes,No,No,No internet service,No internet service,No internet service,No internet service,No internet service,No internet service,Month-to-month,Yes,Credit card (automatic),21.24,868.46,No
5775-SZSPQ,Male,0,Yes,No,12,Yes,Yes,Fiber optic,Yes,No,Yes,Yes,No,Yes,Month-to-month,Yes,Bank transfer (automatic),74.82,882.96,Yes
6886-ZSHAU,Female,0,No,No,72,Yes,No,DSL,No,No,No,No,Yes,No,Month-to-month,No,Mailed check,53.37,3671.92,No
5392-KYEAT,Male,0,No,Yes,45,No,No phone service,Fiber optic,Yes,No,Yes,No,No,Yes,Month-to-month,Yes,Bank transfer (automatic),67.99,3016.41,Yes
9316-VWWRX,Female,1,Yes,No,16,Yes,Yes,Fiber optic,No,No,No,Yes,No,Yes,Month-to-month,Yes,Mailed check,83.92,1370.81,Yes
4071-TCNHY,Male,1,No,No,47,Yes,No,Fiber optic,Yes,Yes,No,Yes,Yes,Yes,One year,Yes,Electronic check,75.12,3559.04,Yes
4924-FOCDL,Male,1,Yes,No,11,Yes,No,No,No internet service,No internet service,No internet service,No internet service,No internet service,No internet service,Month-to-month,Yes,Mailed check,18.25,201.93,No
6677-PBRBV,Male,0,Yes,Yes,42,Yes,Yes,DSL,Yes,Yes,Yes,No,Yes,No,Two year,Yes,Credit card (automatic),59.06,2560.97,No
1352-ANUTP,Male,0,Yes,Yes,72,No,No phone service,Fiber optic,Yes,Yes,Yes,No,No,Yes,Two year,Yes,Electronic check,76.6,5390.05,No
2606-YAJTQ,Male,0,No,No,3,Yes,No,Fiber optic,Yes,No,No,No,No,Yes,Month-to-month,No,Credit card (automatic),83.58,242.51,No
8112-TYNVE,Male,1,Yes,No,17,Yes,No,DSL,Yes,No,No,Yes,Yes,Yes,Month-to-month,No,Mailed check,71.6,1241.54,No
2566-BFCVM,Female,0,No,No,62,No,No phone service,No,No internet service,No internet service,No internet service,No internet service,No internet service,No internet service,One year,Yes,Mailed check,18.25,1124.82,No
4997-QJOAS,Female,0,No,No,9,Yes,Yes,Fiber optic,Yes,Yes,Yes,No,Yes,No,Month-to-month,No,Mailed check,65.12,611.2,Yes
8842-BCDPT,Male,0,Yes,No,44,Yes,Yes,Fiber optic,No,No,Yes,Yes,No,Yes,Month-to-month,Yes,Bank transfer (automatic),88.19,3856.03,No
8405-UPSHT,Male,0,Yes,No,22,Yes,Yes,DSL,Yes,No,No,No,Yes,No,Month-to-month,No,Credit card (automatic),52.23,1127.82,No
2646-ZBYLQ,Male,0,Yes,No,10,Yes,Yes,Fiber optic,Yes,No,No,No,No,Yes,Month-to-month,No,Credit card (automatic),87.24,896.74,Yes
2438-IWAEQ,Female,0,No,No,13,Yes,Yes,Fiber optic,Yes,Yes,No,Yes,Yes,No,Month-to-month,Yes,Credit card (automatic),77.38,983.02,No
8236-LCDXF,Male,0,Yes,No,72,Yes,Yes,Fiber optic,No,Yes,Yes,No,Yes,No,Two year,No,Mailed check,83.13,6090.85,No
6207-YJBVU,Female,0,No,Yes,24,Yes,No,Fiber optic,No,No,No,Yes,No,Yes,One year,No,Bank transfer (automatic),80.75,1944.6,No
6858-XURIB,Male,0,No,Yes,20,No,No phone service,Fiber optic,No,Yes,Yes,No,No,No,Month-to-month,Yes,Electronic check,75.06,1536.24,Yes
7532-VSQSH,Male,0,Yes,No,7,Yes,No,No,No internet service,No internet service,No internet service,No internet service,No internet service,No internet service,Month-to-month,Yes,Mailed check,18.25,132.72,Yes
2052-QYDBS,Female,1,No,Yes,14,Yes,Yes,DSL,Yes,Yes,No,No,Yes,Yes,Month-to-month,Yes,Electronic check,56.52,772.45,No
4803-XMNBY,Female,1,Yes,No,30,No,No phone service,No,No internet service,No internet service,No internet service,No internet service,No internet service,No internet service,Month-to-month,Yes,Bank transfer (automatic),18.25,560.8,Yes
3977-LQWUU,Female,0,No,No,41,Yes,No,Fiber optic,Yes,No,No,Yes,Yes,No,Two year,Yes,Bank transfer (automatic),84.9,3583.78,No
1949-CVXQX,Male,0,No,No,12,Yes,No,DSL,No,Yes,Yes,No,No,Yes,Month-to-month,No,Credit card (automatic),72.19,890.13,Yes
3857-JEURF,Male,0,No,No,46,Yes,Yes,Fiber optic,No,No,No,No,Yes,Yes,One year,Yes,Mailed check,82.46,3767.11,No
9992-AUFUM,Female,0,Yes,No,35,Yes,No,Fiber optic,Yes,Yes,Yes,Yes,Yes,Yes,Month-to-month,Yes,Credit card (automatic),93.13,3158.4,Yes
3105-BQELY,Female,0,No,Yes,50,Yes,No,No,No internet service,No internet service,No internet service,No internet service,No internet service,No internet service,Month-to-month,Yes,Electronic check,18.25,949.35,Yes
8987-MTVPF,Female,0,No,Yes,50,Yes,Yes,Fiber optic,Yes,Yes,Yes,No,No,Yes,One year,Yes,Credit card (automatic),84.05,4244.07,No
8302-CNUOJ,Male,0,Yes,No,31,No,No phone service,DSL,Yes,Yes,Yes,Yes,No,No,One year,Yes,Credit card (automatic),52.51,1574.03,No
4746-LTZUI,Male,0,No,Yes,12,Yes,No,Fiber optic,Yes,No,No,Yes,Yes,Yes,Month-to-month,No,Electronic check,78.5,959.29,Yes
2000-MWQIC,Female,1,Yes,No,35,Yes,No,Fiber optic,No,Yes,No,Yes,No,No,Two year,No,Bank transfer (automatic),70.61,2489.03,No
3269-SRLIE,Male,0,No,Yes,45,Yes,No,Fiber optic,No,Yes,Yes,Yes,No,No,Two year,Yes,Credit card (automatic),85.55,3952.14,No
9751-LTLOQ,Female,0,No,No,4,Yes,No,DSL,Yes,No,Yes,Yes,No,No,Month-to-month,Yes,Bank transfer (automatic),64.95,268.85,No
4202-YLTXJ,Female,0,No,No,29,Yes,Yes,DSL,Yes,Yes,No,No,Yes,No,One year,Yes,Mailed check,60.43,1755.8,No
3105-ZUUYA,Female,0,Yes,No,72,Yes,No,Fiber optic,Yes,No,No,Yes,Yes,Yes,One year,No,Electronic check,73.41,5088.48,No
9501-DDFCC,Female,0,No,No,12,Yes,No,Fiber optic,No,Yes,No,No,No,No,Month-to-month,Yes,Bank transfer (automatic),77.13,943.87,Yes
2126-MJIEZ,Male,0,No,Yes,1,Yes,Yes,No,No internet service,No internet service,No internet service,No internet service,No internet service,No internet service,Month-to-month,Yes,Mailed check,22.09,21.83,No
3991-MDFGZ,Male,0,Yes,Yes,51,Yes,No,Fiber optic,No,No,No,No,Yes,Yes,Two year,Yes,Credit card (automatic),89.74,4512.95,No
2586-NOBJC,Male,0,Yes,No,10,Yes,Yes,Fiber optic,Yes,No,Yes,No,No,Yes,Month-to-month,No,Electronic check,75.25,721.06,Yes
2574-ROMFQ,Female,0,Yes,No,45,Yes,No,No,No internet service,No internet service,No internet service,No internet service,No internet service,No internet service,Two year,Yes,Bank transfer (automatic),28.88,1340.06,No
9140-WERGW,Female,0,No,No,13,Yes,No,DSL,No,Yes,No,Yes,No,No,Month-to-month,Yes,Credit card (automatic),67.54,845.79,No
5256-TORYD,Female,1,Yes,No,46,Yes,No,No,No internet service,No internet service,No internet service,No internet service,No internet service,No internet service,Month-to-month,No,Electronic check,24.33,1133.29,No
9131-MDLBO,Male,0,No,No,44,Yes,Yes,DSL,No,No,No,No,Yes,Yes,Month-to-month,No,Electronic check,61.4,2598.42,No
5250-KLQVK,Female,1,No,No,38,Yes,Yes,No,No internet service,No internet service,No internet service,No internet service,No internet service,No internet service,Month-to-month,No,Mailed check,23.62,861.2,No
1151-OYKDX,Female,0,Yes,No,52,Yes,No,Fiber optic,No,No,Yes,No,No,No,One year,No,Electronic check,74.89,3716.88,No
4773-JHTDP,Male,0,Yes,Yes,7,Yes,No,No,No internet service,No internet service,No internet service,No internet service,No internet service,No internet service,Month-to-month,Yes,Mailed check,25.22,179.33,No
4138-KFULY,Female,0,No,No,66,Yes,Yes,Fiber optic,Yes,Yes,No,Yes,Yes,Yes,Two year,Yes,Credit card (automatic),77.49,5353.45,No
8451-TLYPL,Male,0,No,Yes,72,Yes,No,No,No internet service,No internet service,No internet service,No internet service,No internet service,No internet service,One year,Yes,Credit card (automatic),30.46,2174.33,Yes
4126-XGWFT,Male,1,No,Yes,11,Yes,Yes,No,No internet service,No internet service,No internet service,No internet service,No internet service,No internet service,Month-to-month,Yes,Bank transfer (automatic),30.37,344.66,No
3539-VVSZN,Male,0,No,Yes,37,Yes,Yes,DSL,No,Yes,No,Yes,Yes,No,Month-to-month,No,Mailed check,60.1,2287.3,No
8547-OBKAR,Female,0,Yes,Yes,57,Yes,Yes,Fiber optic,Yes,No,Yes,No,No,Yes,Two year,Yes,Credit card (automatic),80.11,4519.69,No
2371-IWTIN,Male,1,No,No,23,Yes,Yes,DSL,No,No,No,Yes,No,No,Month-to-month,Yes,Credit card (automatic),63.29,1430.77,No
6228-JTDLG,Female,1,Yes,Yes,15,Yes,Yes,Fiber optic,Yes,Yes,Yes,Yes,Yes,No,Month-to-month,Yes,Bank transfer (automatic),78.63,1213.68,Yes
7111-QUJFA,Male,0,Yes,No,56,Yes,Yes,No,No internet service,No internet service,No internet service,No internet service,No internet service,No internet service,Month-to-month,Yes,Credit card (automatic),18.25,1072.07,No
8744-ITJIG,Male,0,No,No,54,Yes,Yes,Fiber optic,No,Yes,No,No,No,No,Two year,Yes,Credit card (automatic),76.91,4253.17,No
8031-HHSNT,Male,0,No,Yes,72,Yes,No,Fiber optic,No,Yes,Yes,No,Yes,Yes,Two year,No,Electronic check,80.2,6007.28,No
1931-YGDCI,Male,0,No,Yes,65,Yes,Yes,No,No internet service,No internet service,No internet service,No internet service,No internet service,No internet service,Two year,Yes,Mailed check,18.25,1187.18,No
4811-CQPUA,Female,0,Yes,No,19,Yes,No,Fiber optic,Yes,Yes,No,Yes,Yes,No,Month-to-month,No,Bank transfer (automatic),90.57,1762.7,No
1866-FLPFJ,Female,0,No,No,64,Yes,No,DSL,No,Yes,No,No,No,Yes,Two year,No,Credit card (automatic),50.65,3399.03,No
5621-ONQTV,Male,0,Yes,No,67,Yes,Yes,Fiber optic,Yes,Yes,No,No,No,Yes,Month-to-month,Yes,Mailed check,84.95,5721.8,No
9687-KIHJO,Male,1,Yes,Yes,37,Yes,Yes,No,No internet service,No internet service,No internet service,No internet service,No internet service,No internet service,One year,Yes,Mailed check,25.01,905.62,No
6437-BZBKL,Male,0,Yes,Yes,43,Yes,No,Fiber optic,No,No,Yes,Yes,No,Yes,Two year,Yes,Electronic check,75.99,3341.58,No
4107-FNATR,Female,0,Yes,Yes,20,Yes,No,DSL,Yes,No,Yes,Yes,Yes,No,Month-to-month,No,Credit card (automatic),59.75,1202.16,No
7937-VXDVO,Female,1,No,No,21,Yes,No,No,No internet service,No internet service,No internet service,No internet service,No internet service,No internet service,Two year,No,Mailed check,18.25,370.09,No
2111-ZVGXT,Male,0,Yes,No,8,Yes,Yes,No,No internet service,No internet service,No internet service,No internet service,No internet service,No internet service,Month-to-month,Yes,Electronic check,25.23,210.15,No
5023-ETYFA,Female,0,No,No,60,Yes,Yes,DSL,No,Yes,No,No,No,Yes,Two year,Yes,Credit card (automatic),60.04,3587.33,No
3065-HJZZR,Male,1,No,No,20,Yes,Yes,Fiber optic,No,Yes,No,No,Yes,Yes,Month-to-month,Yes,Mailed check,71.75,1373.41,Yes
2956-FCUFX,Female,1,Yes,Yes,20,Yes,No,DSL,No,No,Yes,Yes,No,No,Month-to-month,Yes,Credit card (automatic),48.45,973.05,Yes
6402-MYEMG,Male,0,No,No,61,No,No phone service,No,No internet service,No internet service,No internet service,No internet service,No internet service,No internet service,Two year,No,Credit card (automatic),28.6,1734.73,No
2629-YPECI,Female,0,Yes,No,21,Yes,No,Fiber optic,No,No,Yes,Yes,No,No,Month-to-month,No,Bank transfer (automatic),85.12,1841.82,No
8501-DTCIN,Male,0,No,No,2,Yes,Yes,DSL,Yes,No,Yes,Yes,No,No,Month-to-month,Yes,Credit card (automatic),56.07,111.8,Yes
2161-KGBAD,Male,0,Yes,No,15,Yes,Yes,DSL,No,No,No,No,No,Yes,Month-to-month,No,Bank transfer (automatic),57.73,827.42,Yes
7735-ANAFE,Female,0,Yes,No,26,Yes,Yes,Fiber optic,Yes,No,Yes,No,No,Yes,Two year,No,Credit card (automatic),80.01,2080.71,No
4058-TKADH,Female,0,No,No,35,Yes,No,No,No internet service,No internet service,No internet service,No internet service,No internet service,No internet service,Two year,No,Electronic check,30.5,1032.9,No
3505-OJTGR,Male,0,No,Yes,72,Yes,No,Fiber optic,Yes,Yes,Yes,Yes,Yes,Yes,One year,Yes,Bank transfer (automatic),80.17,5730.04,No
1906-ZZHGA,Female,0,Yes,Yes,33,Yes,No,No,No internet service,No internet service,No internet service,No internet service,No internet service,No internet service,Month-to-month,No,Credit card (automatic),18.25,621.09,No
9782-AACHZ,Female,1,Yes,No,20,Yes,No,Fiber optic,No,Yes,Yes,No,Yes,Yes,Month-to-month,No,Electronic check,79.83,1542.67,Yes
2499-OQUSZ,Male,0,No,Yes,28,Yes,Yes,Fiber optic,No,Yes,No,Yes,No,Yes,Month-to-month,Yes,Electronic check,77.87,2105.87,Yes
6954-VIKTW,Female,0,Yes,Yes,23,Yes,Yes,DSL,Yes,No,Yes,No,Yes,No,Month-to-month,Yes,Mailed check,58.58,1365.95,No
1045-LUCJO,Male,0,Yes,Yes,72,Yes,No,DSL,No,Yes,Yes,Yes,Yes,No,Two year,Yes,Credit card (automatic),67.97,4865.58,No
1745-XJULK,Female,0,Yes,No,72,Yes,Yes,Fiber optic,No,Yes,Yes,Yes,Yes,No,Month-to-month,No,Bank transfer (automatic),74.29,5084.13,No
9692-WNMUR,Female,0,Yes,No,6,Yes,No,DSL,Yes,Yes,No,Yes,No,No,Month-to-month,Yes,Credit card (automatic),53.03,316.24,No
9812-ICFNI,Male,1,No,No,3,Yes,Yes,Fiber optic,Yes,No,No,Yes,Yes,No,Month-to-month,No,Bank transfer (automatic),86.56,271.27,No
8283-WEZQG,Male,0,Yes,No,50,Yes,No,Fiber optic,Yes,Yes,Yes,Yes,Yes,Yes,Two year,Yes,Bank transfer (automatic),77.41,3861.26,No
2810-EMBDT,Male,0,Yes,Yes,14,No,No phone service,Fiber optic,Yes,Yes,Yes,Yes,No,Yes,Month-to-month,Yes,Credit card (automatic),84.27,1133.99,No
5399-NIOIB,Male,0,No,No,42,Yes,Yes,Fiber optic,Yes,Yes,No,Yes,Yes,Yes,One year,No,Electronic check,88.64,3795.23,Yes
6113-CRXRO,Female,0,Yes,No,40,Yes,No,DSL,No,No,Yes,Yes,Yes,No,Month-to-month,No,Credit card (automatic),63.94,2549.31,No
9677-FUFAG,Male,0,Yes,Yes,7,Yes,No,No,No internet service,No internet service,No internet service,No internet service,No internet service,No internet service,Month-to-month,Yes,Electronic check,32.01,230.11,No
5521-BHBGS,Male,0,No,No,15,Yes,No,No,No internet service,No internet service,No internet service,No internet service,No internet service,No internet service,One year,Yes,Mailed check,30.24,439.82,No
2369-GDJTN,Female,1,Yes,Yes,72,Yes,No,DSL,Yes,No,Yes,No,Yes,No,Month-to-month,Yes,Bank transfer (automatic),56.02,4218.18,No
2801-IRMLW,Female,0,No,No,14,Yes,No,Fiber optic,Yes,No,No,No,No,Yes,Month-to-month,No,Bank transfer (automatic),97.18,1292.76,No
8371-GSUXG,Female,0,No,No,27,Yes,Yes,DSL,Yes,No,No,No,Yes,Yes,Month-to-month,No,Bank transfer (automatic),51.8,1451.86,Yes
7551-ELBPR,Female,0,Yes,No,60,Yes,No,DSL,Yes,No,No,Yes,No,Yes,Two year,Yes,Credit card (automatic),59.75,3428.03,No
5020-KGUXD,Female,0,No,No,52,No,No phone service,DSL,No,Yes,No,Yes,No,Yes,One year,Yes,Bank transfer (automatic),53.13,2709.71,No
3482-PJAAG,Female,0,Yes,No,58,Yes,No,Fiber optic,Yes,No,No,No,No,Yes,Two year,No,Mailed check,92.38,5277.47,No
9707-PGBTJ,Female,0,No,Yes,29,Yes,No,Fiber optic,Yes,Yes,Yes,No,No,Yes,Month-to-month,Yes,Credit card (automatic),86.67,2603.49,Yes
4542-OFSIS,Male,1,No,No,29,Yes,No,Fiber optic,No,No,No,No,No,Yes,One year,No,Mailed check,87.19,2571.06,Yes
5655-DQBSJ,Female,0,Yes,No,55,Yes,Yes,DSL,Yes,Yes,No,Yes,No,Yes,Month-to-month,Yes,Credit card (automatic),63.64,3357.67,No
7033-GKHGI,Female,1,Yes,No,32,Yes,Yes,DSL,Yes,Yes,Yes,Yes,No,No,Month-to-month,Yes,Electronic check,55.34,1685.46,No
1483-KDNCA,Male,0,No,No,15,Yes,Yes,DSL,No,No,No,Yes,Yes,Yes,Month-to-month,Yes,Electronic check,55.29,798.35,No
4951-HWGKG,Male,0,Yes,Yes,72,Yes,No,DSL,Yes,No,No,No,No,No,Month-to-month,Yes,Mailed check,71.37,5188.18,No
9004-UEGED,Male,0,Yes,No,28,Yes,Yes,No,No internet service,No internet service,No internet service,No internet service,No internet service,No internet service,Month-to-month,No,Mailed check,33.85,930.46,No
3166-WLJEE,Female,1,No,Yes,43,Yes,No,DSL,Yes,No,Yes,Yes,No,Yes,Two year,Yes,Credit card (automatic),59.12,2666.07,No
5996-TORGY,Female,0,Yes,Yes,72,Yes,No,DSL,No,No,Yes,No,Yes,No,Two year,No,Credit card (automatic),55.52,4115.58,No
8402-WRSBE,Female,0,No,Yes,46,Yes,Yes,DSL,No,Yes,Yes,Yes,No,Yes,Two year,Yes,Credit card (automatic),61.51,2724.59,No
2192-MPDTO,Female,0,Yes,Yes,52,Yes,No,No,No internet service,No internet service,No internet service,No internet service,No internet service,No internet service,Month-to-month,No,Bank transfer (automatic),32.86,1626.71,No
6358-XPATW,Male,0,Yes,No,3,Yes,No,DSL,No,No,Yes,Yes,Yes,No,Month-to-month,Yes,Mailed check,62.55,185.26,Yes
1751-OMDHW,Female,0,Yes,No,16,Yes,Yes,DSL,Yes,No,No,Yes,No,Yes,Month-to-month,No,Electronic check,57.04,930.52,No
4524-NULXM,Female,0,No,No,52,Yes,Yes,Fiber optic,No,Yes,No,Yes,No,Yes,Two year,No,Electronic check,83.06,4298.6,No
9870-DXCVR,Female,0,Yes,No,44,Yes,No,Fiber optic,No,No,Yes,Yes,Yes,No,Month-to-month,Yes,Mailed check,83.5,3499.43,No
6035-WQSTV,Male,0,No,No,24,No,No phone service,Fiber optic,Yes,Yes,Yes,No,Yes,No,Month-to-month,Yes,Bank transfer (automatic),87.7,2043.8,Yes
3089-VPAXU,Female,0,No,Yes,48,Yes,No,No,No internet service,No internet service,No internet service,No internet service,No internet service,No internet service,One year,No,Credit card (automatic),19.2,901.6,No
9023-UIJHK,Male,0,Yes,No,2,Yes,No,Fiber optic,Yes,No,Yes,Yes,Yes,Yes,Month-to-month,Yes,Electronic check,83.8,171.89,Yes
1312-TTZOZ,Male,0,Yes,No,28,Yes,No,DSL,Yes,Yes,Yes,No,Yes,Yes,One year,No,Credit card (automatic),64.68,1748.71,No
2888-MUUUM,Female,0,No,No,41,Yes,No,DSL,Yes,Yes,Yes,No,No,Yes,One year,Yes,Bank transfer (automatic),53.8,2162.78,No
1657-WJQDY,Female,0,Yes,No,31,Yes,No,Fiber optic,Yes,No,No,Yes,Yes,Yes,One year,Yes,Bank transfer (automatic),79.81,2486.24,No
3310-ZSIJZ,Female,1,No,No,49,Yes,Yes,DSL,Yes,No,No,Yes,Yes,Yes,Two year,Yes,Bank transfer (automatic),65.21,3220.79,No
6343-SPGDA,Male,0,No,No,42,Yes,No,No,No internet service,No internet service,No internet service,No internet service,No internet service,No internet service,Month-to-month,Yes,Electronic check,27.03,1090.16,No
4644-RHFKG,Male,0,Yes,No,23,No,No phone service,Fiber optic,No,Yes,No,Yes,Yes,No,Month-to-month,No,Credit card (automatic),81.96,1797.75,Yes
4914-OHACK,Male,0,Yes,No,6,Yes,No,DSL,Yes,No,No,Yes,Yes,Yes,Month-to-month,Yes,Mailed check,67.61,414.49,Yes
2596-UEAQQ,Female,0,Yes,No,27,Yes,Yes,DSL,No,No,Yes,Yes,No,No,Month-to-month,Yes,Electronic check,59.37,1585.91,No
7046-ERWPK,Male,0,No,No,19,Yes,Yes,DSL,No,Yes,No,No,No,Yes,Month-to-month,Yes,Credit card (automatic),70.96,1281.22,No
5333-VDSHW,Male,1,Yes,No,17,Yes,Yes,DSL,No,Yes,Yes,No,Yes,Yes,Month-to-month,Yes,Electronic check,69.4,1222.84,Yes
2258-NKMJA,Male,0,Yes,Yes,20,Yes,Yes,Fiber optic,Yes,No,No,No,Yes,No,Month-to-month,No,Bank transfer (automatic),82.41,1569.92,Yes
8720-NPNNP,Female,0,No,No,24,Yes,No,DSL,No,No,Yes,No,No,No,Month-to-month,No,Mailed check,63.95,1512.84,No
4774-DAOEL,Male,0,No,No,64,Yes,Yes,No,No internet service,No internet service,No internet service,No internet service,No internet service,No internet service,Two year,No,Bank transfer (automatic),26.71,1782.73,No
6446-PERYJ,Female,1,No,No,3,Yes,Yes,DSL,Yes,No,No,Yes,No,Yes,Month-to-month,Yes,Bank transfer (automatic),50.63,149.47,Yes
2065-NQKPT,Male,0,No,No,47,Yes,No,Fiber optic,No,No,No,No,No,No,Two year,Yes,Electronic check,92.47,4408.2,Yes
6201-UDHOG,Female,0,No,No,45,Yes,No,Fiber optic,No,No,Yes,No,No,No,One year,No,Credit card (automatic),77.2,3645.38,Yes
9948-RKUZA,Female,1,Yes,No,48,Yes,Yes,Fiber optic,No,No,Yes,No,Yes,Yes,Month-to-month,Yes,Mailed check,88.28,4071.71,No
6011-LTIIT,Male,0,Yes,No,21,No,No phone service,DSL,Yes,Yes,Yes,Yes,Yes,No,Month-to-month,Yes,Bank transfer (automatic),54.67,1135.9,No
9014-DPUER,Female,0,No,No,46,Yes,Yes,No,No internet service,No internet service,No internet service,No internet service,No internet service,No internet service,One year,Yes,Bank transfer (automatic),18.25,828.68,No
9815-VFZJM,Male,1,No,No,51,Yes,No,No,No internet service,No internet service,No internet service,No internet service,No internet service,No internet service,One year,Yes,Bank transfer (automatic),31.49,1540.97,No
3624-SDSBV,Female,0,Yes,No,23,No,No phone service,Fiber optic,No,Yes,Yes,No,Yes,No,Month-to-month,Yes,Credit card (automatic),81.98,1855.16,Yes
3933-NFCAZ,Male,0,No,No,18,Yes,No,Fiber optic,Yes,No,Yes,No,No,Yes,Month-to-month,No,Credit card (automatic),78.72,1398.72,Yes
2226-BNZCG,Female,1,Yes,No,13,Yes,No,DSL,No,No,Yes,Yes,No,No,Month-to-month,No,Mailed check,52.6,715.49,No
6002-MDYJR,Male,0,Yes,Yes,31,Yes,Yes,Fiber optic,No,No,No,Yes,Yes,No,One year,Yes,Bank transfer (automatic),83.69,2487.36,No
5121-PXIVH,Male,0,No,No,23,No,No phone service,No,No internet service,No internet service,No internet service,No internet service,No internet service,No internet service,Two year,Yes,Electronic check,21.45,511.04,No
3852-AJPQL,Female,0,No,Yes,18,Yes,Yes,Fiber optic,Yes,Yes,No,No,No,No,Month-to-month,Yes,Mailed check,87.28,1559.16,No
4208-FXJHY,Male,0,Yes,No,17,Yes,Yes,No,No internet service,No internet service,No internet service,No internet service,No internet service,No internet service,One year,Yes,Credit card (automatic),18.25,294.92,No
6730-WKLSZ,Male,0,Yes,No,8,Yes,No,Fiber optic,No,Yes,Yes,No,Yes,Yes,Month-to-month,Yes,Credit card (automatic),91.03,717.08,Yes
8097-MPJLK,Female,0,Yes,No,4,Yes,Yes,Fiber optic,No,No,No,Yes,Yes,No,Month-to-month,No,Mailed check,81.76,316.45,Yes
1894-WDGGF,Female,0,No,No,43,Yes,Yes,Fiber optic,Yes,No,No,No,Yes,Yes,Two year,No,Electronic check,86.56,3671.78,No
5477-YITTT,Male,0,No,Yes,50,Yes,Yes,DSL,No,No,No,No,Yes,No,Two year,No,Bank transfer (automatic),59.27,3045.51,No
6601-TTROC,Male,0,No,No,51,No,No phone service,No,No internet service,No internet service,No internet service,No internet service,No internet service,No internet service,Month-to-month,No,Electronic check,24.83,1315.49,Yes
5572-TIGPD,Female,0,Yes,No,56,No,No phone service,Fiber optic,No,Yes,No,No,Yes,Yes,One year,No,Electronic check,70.06,3785.76,No
7470-ZMAHA,Male,1,No,Yes,14,Yes,No,Fiber optic,Yes,Yes,Yes,No,Yes,Yes,Month-to-month,Yes,Mailed check,75.18,1087.77,Yes
5133-IUVLZ,Female,0,Yes,Yes,9,No,No phone service,DSL,No,Yes,Yes,Yes,Yes,No,Month-to-month,Yes,Mailed check,58.38,533.56,Yes
5045-DXKXT,Male,1,No,No,37,Yes,No,No,No internet service,No internet service,No internet service,No internet service,No internet service,No internet service,One year,No,Bank transfer (automatic),32.77,1152.85,No
9456-QPGHI,Male,0,No,No,66,Yes,Yes,Fiber optic,Yes,No,Yes,No,Yes,Yes,Two year,No,Bank transfer (automatic),85.51,5624.01,No
3786-PWAQT,Female,0,Yes,No,1,Yes,Yes,DSL,No,No,Yes,No,No,No,Month-to-month,Yes,Electronic check,54.16,55.76,No
4988-HLVXR,Female,0,No,No,72,Yes,No,DSL,No,Yes,No,No,Yes,No,Two year,No,Mailed check,67.57,4934.45,No
5369-QRTDB,Male,0,No,No,72,Yes,Yes,Fiber optic,No,Yes,No,No,Yes,No,Two year,Yes,Credit card (automatic),83.44,5757.14,No
4110-GPNXU,Male,0,No,No,3,Yes,No,No,No internet service,No internet service,No internet service,No internet service,No internet service,No internet service,Month-to-month,No,Electronic check,23.0,70.37,Yes
2329-WUJBU,Female,0,Yes,No,8,Yes,Yes,No,No internet service,No internet service,No internet service,No internet service,No internet service,No internet service,Month-to-month,No,Credit card (automatic),27.72,215.85,No
2737-FMCKG,Female,0,Yes,No,13,Yes,No,Fiber optic,No,No,Yes,No,No,Yes,Month-to-month,Yes,Bank transfer (automatic),82.92,1121.02,Yes
1476-XGOVM,Male,1,No,No,22,Yes,No,No,No internet service,No internet service,No internet service,No internet service,No internet service,No internet service,Two year,Yes,Credit card (automatic),19.26,437.55,No
3635-TRAVD,Female,0,Yes,No,28,Yes,Yes,Fiber optic,No,No,No,Yes,Yes,Yes,Month-to-month,No,Electronic check,85.35,2321.9,No
7637-CBDTL,Male,1,No,No,41,Yes,No,DSL,No,No,Yes,Yes,Yes,No,Month-to-month,Yes,Electronic check,54.52,2336.99,Yes
6413-HDUVV,Female,0,Yes,No,56,Yes,Yes,DSL,Yes,Yes,No,Yes,No,No,Two year,Yes,Credit card (automatic),64.71,3714.85,No
1583-YOFFN,Female,0,Yes,No,3,Yes,Yes,DSL,No,No,Yes,Yes,No,No,Month-to-month,Yes,Bank transfer (automatic),59.71,181.32,No
6431-BMGXP,Female,0,Yes,No,45,Yes,No,DSL,Yes,No,No,Yes,No,Yes,Two year,Yes,Bank transfer (automatic),59.86,2778.97,No
4346-KVRKV,Female,0,No,Yes,33,Yes,Yes,No,No internet service,No internet service,No internet service,No internet service,No internet service,No internet service,Two year,No,Credit card (automatic),30.08,947.41,No
6595-BQYWB,Female,0,No,No,32,Yes,Yes,DSL,Yes,Yes,Yes,Yes,Yes,Yes,Month-to-month,Yes,Electronic check,53.45,1638.08,No
8936-ZEQTB,Female,0,Yes,No,43,Yes,Yes,DSL,Yes,Yes,Yes,No,No,No,Two year,Yes,Bank transfer (automatic),58.69,2579.06,No
8448-KHGNU,Male,0,Yes,No,33,Yes,No,No,No internet service,No internet service,No internet service,No internet service,No internet service,No internet service,One year,Yes,Credit card (automatic),30.23,959.84,No
8393-FVVBI,Male,0,No,No,46,Yes,Yes,DSL,Yes,No,Yes,Yes,No,Yes,One year,Yes,Electronic check,58.23,2728.38,No
1135-ZMHXR,Female,0,No,Yes,38,Yes,Yes,DSL,Yes,No,No,Yes,Yes,No,Two year,Yes,Credit card (automatic),37.55,1424.33,No
9460-UYFFB,Female,0,Yes,Yes,6,Yes,No,Fiber optic,No,Yes,No,No,Yes,Yes,Month-to-month,No,Mailed check,84.01,487.08,Yes
4085-OORTV,Female,1,No,No,70,Yes,No,DSL,Yes,No,No,Yes,No,Yes,Two year,No,Bank transfer (automatic),64.21,4274.55,No
5679-HLWVX,Male,0,Yes,No,50,Yes,Yes,Fiber optic,No,Yes,Yes,No,No,Yes,Two year,Yes,Bank transfer (automatic),86.01,4215.62,No
5861-UKATC,Male,0,Yes,No,68,Yes,Yes,DSL,No,No,No,No,Yes,Yes,Two year,Yes,Electronic check,62.99,4103.06,No
6716-ZATWQ,Male,0,Yes,No,43,Yes,No,No,No internet service,No internet service,No internet service,No internet service,No internet service,No internet service,Two year,Yes,Electronic check,22.55,963.75,No
7209-XUBUT,Male,0,No,No,45,Yes,Yes,DSL,Yes,No,No,Yes,Yes,No,Two year,Yes,Bank transfer (automatic),55.22,2498.1,No
3053-RVWWU,Male,0,Yes,Yes,10,Yes,Yes,DSL,No,No,Yes,No,Yes,No,Month-to-month,Yes,Electronic check,63.31,658.77,No
2098-MGBGX,Female,0,No,No,12,Yes,No,Fiber optic,Yes,No,No,Yes,Yes,No,Month-to-month,Yes,Mailed check,83.14,1045.12,No
6381-TNJMZ,Female,0,No,No,19,Yes,No,DSL,Yes,Yes,Yes,No,Yes,Yes,Month-to-month,Yes,Mailed check,57.95,1062.32,No
3582-IWJXZ,Male,0,No,No,1,No,No phone service,Fiber optic,Yes,Yes,Yes,Yes,No,Yes,Month-to-month,Yes,Credit card (automatic),75.39,71.81,Yes
1594-RCWCX,Male,0,Yes,Yes,72,Yes,No,DSL,No,Yes,Yes,No,No,Yes,Two year,Yes,Bank transfer (automatic),60.7,4207.61,No
7923-NFGLW,Female,1,Yes,Yes,1,Yes,No,No,No internet service,No internet service,No internet service,No internet service,No internet service,No internet service,Month-to-month,Yes,Bank transfer (automatic),26.54,27.78,Yes
9078-NGOVO,Male,0,Yes,No,2,Yes,Yes,Fiber optic,Yes,Yes,Yes,No,Yes,No,Month-to-month,Yes,Credit card (automatic),79.34,154.72,Yes
9013-ANBPQ,Male,0,No,No,15,Yes,Yes,Fiber optic,No,Yes,Yes,Yes,No,Yes,Month-to-month,No,Credit card (automatic),83.07,1232.29,Yes
3810-UYLLE,Male,0,No,No,67,Yes,No,Fiber optic,Yes,Yes,No,No,No,No,Two year,Yes,Bank transfer (automatic),73.93,4807.86,No
1253-KLTWC,Male,0,Yes,No,41,Yes,No,Fiber optic,No,No,No,Yes,Yes,No,Month-to-month,Yes,Credit card (automatic),86.54,3559.3,No
2372-OJSIK,Female,0,Yes,No,72,Yes,No,Fiber optic,No,Yes,No,Yes,Yes,No,Two year,Yes,Credit card (automatic),84.67,5961.72,No
4996-PBWIF,Female,0,Yes,No,20,Yes,Yes,Fiber optic,Yes,Yes,No,Yes,Yes,No,Month-to-month,No,Mailed check,84.07,1735.75,Yes
6763-DPBGS,Female,0,Yes,Yes,2,Yes,Yes,No,No internet service,No internet service,No internet service,No internet service,No internet service,No internet service,Month-to-month,No,Bank transfer (automatic),23.19,46.29,No
4345-XJRAZ,Female,0,No,No,27,Yes,Yes,DSL,No,No,No,Yes,Yes,No,Month-to-month,Yes,Bank transfer (automatic),69.02,1856.23,No
6541-SIHLG,Male,0,No,Yes,57,Yes,Yes,DSL,No,Yes,Yes,Yes,No,Yes,Two year,No,Mailed check,56.94,3127.41,No
1186-RSRON,Male,0,Yes,Yes,39,Yes,No,No,No internet service,No internet service,No internet service,No internet service,No internet service,No internet service,Month-to-month,Yes,Mailed check,18.25,730.77,No
9868-NSKAJ,Female,0,No,Yes,7,Yes,No,DSL,Yes,Yes,Yes,Yes,Yes,Yes,Month-to-month,No,Bank transfer (automatic),57.33,417.18,No
7491-QSTFV,Male,1,Yes,Yes,25,No,No phone service,No,No internet service,No internet service,No internet service,No internet service,No internet service,No internet service,Month-to-month,No,Credit card (automatic),18.25,439.58,No
7429-INWEH,Female,0,Yes,Yes,25,Yes,No,Fiber optic,No,Yes,No,No,No,Yes,Month-to-month,Yes,Electronic check,65.12,1677.13,No
2728-HFUZZ,Male,0,No,No,48,Yes,Yes,DSL,Yes,Yes,No,No,No,No,Month-to-month,No,Mailed check,70.93,3293.69,No
4223-YCCIH,Male,0,Yes,No,16,Yes,Yes,DSL,No,Yes,Yes,No,Yes,Yes,Month-to-month,No,Mailed check,56.26,902.61,Yes
9257-TTUSN,Female,1,No,No,16,Yes,No,DSL,Yes,Yes,No,Yes,Yes,Yes,Month-to-month,Yes,Mailed check,66.65,1080.33,No
1528-AZNYA,Male,0,No,Yes,23,Yes,No,DSL,No,Yes,Yes,No,No,No,One year,No,Mailed check,62.14,1446.46,No
6722-HJRMD,Male,0,No,No,38,Yes,No,Fiber optic,Yes,No,No,No,No,No,Month-to-month,Yes,Credit card (automatic),90.01,3302.05,No
9996-SJQDL,Male,1,No,No,54,Yes,No,No,No internet service,No internet service,No internet service,No internet service,No internet service,No internet service,One year,Yes,Electronic check,19.62,1072.46,No
4823-JMXAO,Female,0,Yes,No,63,Yes,Yes,DSL,No,No,Yes,No,Yes,No,Two year,No,Mailed check,72.55,4673.92,No
9465-XXKOP,Male,1,No,No,13,Yes,Yes,DSL,No,No,No,No,Yes,No,One year,No,Mailed check,53.68,719.34,No
8538-YGDGG,Male,0,Yes,No,54,Yes,No,DSL,Yes,No,No,Yes,No,Yes,Two year,Yes,Credit card (automatic),61.06,3355.65,No
3702-XFKJH,Female,0,Yes,No,11,Yes,No,DSL,Yes,Yes,Yes,Yes,No,Yes,Month-to-month,No,Electronic check,57.37,607.57,Yes
2767-ZQCRP,Male,0,Yes,No,25,Yes,No,DSL,Yes,Yes,Yes,Yes,No,Yes,Month-to-month,Yes,Electronic check,66.85,1617.51,Yes
4232-UUUQL,Female,0,Yes,No,4,Yes,No,Fiber optic,No,Yes,No,No,No,No,Month-to-month,Yes,Bank transfer (automatic),86.16,333.18,No
2862-BXVFU,Male,0,No,Yes,32,Yes,Yes,Fiber optic,No,Yes,Yes,No,No,Yes,Month-to-month,No,Bank transfer (automatic),71.18,2388.49,No
1430-GDIIN,Female,0,No,No,18,Yes,No,DSL,Yes,Yes,No,Yes,No,Yes,Month-to-month,Yes,Bank transfer (automatic),58.43,1038.78,No
5128-CDVOX,Male,0,No,No,44,Yes,Yes,DSL,Yes,No,Yes,No,Yes,Yes,Month-to-month,Yes,Credit card (automatic),68.05,3074.68,No
2175-IEYEU,Female,0,Yes,No,43,Yes,No,DSL,Yes,No,Yes,Yes,No,Yes,Month-to-month,No,Electronic check,55.43,2397.6,No
2731-SLZBI,Female,1,No,Yes,23,Yes,No,No,No internet service,No internet service,No internet service,No internet service,No internet service,No internet service,One year,Yes,Electronic check,22.94,517.69,No
7507-XOCQM,Male,0,Yes,Yes,18,No,No phone service,Fiber optic,Yes,Yes,No,No,Yes,Yes,Month-to-month,Yes,Bank transfer (automatic),77.78,1331.1,Yes
7973-OXDQT,Female,0,No,No,29,Yes,Yes,DSL,No,Yes,No,No,No,Yes,Month-to-month,Yes,Credit card (automatic),57.43,1733.38,No
4652-MSLKP,Female,0,Yes,No,20,Yes,No,DSL,No,Yes,No,Yes,No,No,Month-to-month,No,Bank transfer (automatic),67.38,1386.27,No
8232-DWFCE,Male,1,No,Yes,13,Yes,No,DSL,Yes,No,Yes,No,No,Yes,Month-to-month,Yes,Bank transfer (automatic),56.11,760.95,Yes
1689-YHUEN,Female,1,No,No,15,Yes,Yes,Fiber optic,No,Yes,Yes,Yes,Yes,No,Month-to-month,No,Bank transfer (automatic),83.33,1245.3,Yes
4833-RZQSG,Male,1,No,No,55,Yes,No,No,No internet service,No internet service,No internet service,No internet service,No internet service,No internet service,One year,Yes,Electronic check,29.76,1655.6,No
2097-CHOBG,Female,0,No,Yes,5,Yes,No,DSL,No,No,No,No,No,No,One year,No,Electronic check,61.78,317.55,Yes
6680-WZGCO,Female,0,Yes,Yes,16,Yes,Yes,No,No internet service,No internet service,No internet service,No internet service,No internet service,No internet service,Month-to-month,Yes,Credit card (automatic),30.13,496.47,Yes
9442-KXTXY,Male,0,No,Yes,21,Yes,No,No,No internet service,No internet service,No internet service,No internet service,No internet service,No internet service,Month-to-month,Yes,Electronic check,22.73,478.33,No
1966-KBBMR,Male,0,Yes,No,38,Yes,No,Fiber optic,Yes,No,Yes,Yes,Yes,No,One year,No,Mailed check,80.14,2914.86,No
8973-DACYR,Female,0,Yes,Yes,10,Yes,No,Fiber optic,Yes,No,Yes,Yes,Yes,Yes,Month-to-month,Yes,Bank transfer (automatic),83.94,811.14,Yes
5331-CJDAL,Male,0,No,Yes,59,Yes,Yes,No,No internet service,No internet service,No internet service,No internet service,No internet service,No internet service,Month-to-month,Yes,Mailed check,24.33,1494.87,Yes
5523-LWXDH,Female,0,Yes,No,12,Yes,Yes,Fiber optic,Yes,Yes,Yes,Yes,No,Yes,Month-to-month,No,Mailed check,83.44,959.07,No
5508-KLSEV,Female,0,No,No,63,Yes,Yes,Fiber optic,No,Yes,No,Yes,Yes,Yes,Two year,No,Mailed check,83.29,4990.05,No
3382-JFQSQ,Male,0,No,No,16,Yes,No,Fiber optic,No,Yes,Yes,Yes,No,No,Month-to-month,Yes,Bank transfer (automatic),84.99,1393.75,No
5441-HRDIR,Male,0,Yes,No,15,Yes,No,Fiber optic,Yes,Yes,Yes,Yes,Yes,No,Month-to-month,Yes,Bank transfer (automatic),84.04,1197.76,Yes
7229-GIIXO,Female,0,No,No,51,Yes,Yes,DSL,Yes,No,Yes,Yes,No,No,One year,Yes,Bank transfer (automatic),63.44,3134.44,No
2067-EBGFL,Male,0,No,No,17,No,No phone service,No,No internet service,No internet service,No internet service,No internet service,No internet service,No internet service,Month-to-month,No,Credit card (automatic),18.25,301.33,No
7725-WOURI,Male,0,No,Yes,11,Yes,No,No,No internet service,No internet service,No internet service,No internet service,No internet service,No internet service,Month-to-month,Yes,Credit card (automatic),29.27,328.38,No
6507-HIZXQ,Female,0,No,Yes,67,Yes,Yes,Fiber optic,No,No,Yes,No,No,No,Two year,Yes,Electronic check,80.89,5176.19,No
6336-RTBJC,Female,0,No,No,57,Yes,Yes,DSL,Yes,No,No,No,Yes,No,Two year,No,Bank transfer (automatic),73.5,4033.38,No
5761-HIVFX,Female,0,Yes,No,4,Yes,Yes,Fiber optic,Yes,Yes,No,No,No,Yes,Month-to-month,Yes,Electronic check,90.29,349.83,Yes
4787-EDSXW,Male,0,Yes,Yes,51,Yes,Yes,No,No internet service,No internet service,No internet service,No internet service,No internet service,No internet service,One year,No,Electronic check,35.79,1850.3,No
2532-WFLAG,Female,0,No,Yes,58,No,No phone service,Fiber optic,Yes,Yes,No,No,No,No,Month-to-month,No,Mailed check,77.88,4392.25,No
3878-YHHHG,Male,0,Yes,No,37,Yes,No,Fiber optic,No,No,No,Yes,No,No,One year,Yes,Bank transfer (automatic),77.71,2975.71,No
5859-FHNTC,Male,0,Yes,No,47,Yes,No,Fiber optic,No,No,No,Yes,No,Yes,One year,Yes,Credit card (automatic),66.94,3110.58,No
4136-OXYWN,Female,0,No,Yes,26,Yes,No,DSL,Yes,Yes,No,No,Yes,Yes,One year,Yes,Credit card (automatic),53.78,1395.62,No
1883-ZQXXU,Male,0,Yes,No,72,Yes,No,DSL,No,No,No,Yes,Yes,Yes,Month-to-month,Yes,Credit card (automatic),60.59,4308.41,No
4781-PRWFO,Female,0,Yes,Yes,16,Yes,Yes,No,No internet service,No internet service,No internet service,No internet service,No internet service,No internet service,Month-to-month,No,Mailed check,33.64,532.95,Yes
6362-FKYAN,Female,0,Yes,Yes,37,No,No phone service,DSL,No,Yes,Yes,Yes,Yes,No,One year,No,Bank transfer (automatic),51.52,1897.4,Yes
6483-XHKCI,Male,0,No,Yes,1,Yes,Yes,Fiber optic,No,No,No,No,Yes,Yes,Month-to-month,No,Electronic check,80.46,78.7,Yes
9974-TLQZL,Female,0,No,Yes,71,Yes,Yes,No,No internet service,No internet service,No internet service,No internet service,No internet service,No internet service,Two year,No,Credit card (automatic),29.15,2069.09,No
3651-WWNAA,Female,0,No,No,5,Yes,No,DSL,No,No,Yes,Yes,No,Yes,Month-to-month,No,Bank transfer (automatic),47.85,236.66,Yes
2058-SEBRM,Female,0,Yes,No,44,Yes,Yes,Fiber optic,No,Yes,No,Yes,No,No,Two year,Yes,Bank transfer (automatic),87.64,3746.89,No
5774-EFGQZ,Male,0,Yes,Yes,12,Yes,Yes,DSL,Yes,Yes,No,No,No,No,Month-to-month,No,Electronic check,67.04,835.13,Yes
9241-CRTBQ,Male,1,Yes,No,2,Yes,No,DSL,Yes,Yes,No,No,Yes,Yes,Month-to-month,Yes,Mailed check,70.1,134.82,No
4999-FUYPF,Female,1,No,No,46,Yes,No,Fiber optic,No,Yes,Yes,No,Yes,Yes,Two year,No,Electronic check,84.27,3707.03,No
4859-NXURT,Female,0,Yes,No,37,Yes,No,No,No internet service,No internet service,No internet service,No internet service,No internet service,No internet service,Month-to-month,Yes,Mailed check,25.2,902.24,No
7246-IDVOZ,Male,0,Yes,Yes,3,Yes,No,DSL,No,No,No,Yes,Yes,Yes,Month-to-month,No,Electronic check,62.81,188.14,Yes
7128-MQQZJ,Male,0,Yes,Yes,68,Yes,Yes,No,No internet service,No internet service,No internet service,No internet service,No internet service,No internet service,One year,Yes,Credit card (automatic),30.4,2024.36,No
4421-JCMLF,Female,0,No,No,27,Yes,No,DSL,Yes,Yes,Yes,No,No,Yes,Month-to-month,No,Credit card (automatic),66.19,1872.56,No
8335-RGEQA,Female,0,No,Yes,66,Yes,Yes,No,No internet service,No internet service,No internet service,No internet service,No internet service,No internet service,Two year,No,Mailed check,25.49,1766.41,No
2359-LZBNO,Female,0,Yes,Yes,53,Yes,No,No,No internet service,No internet service,No internet service,No internet service,No internet service,No internet service,Two year,Yes,Credit card (automatic),21.96,1183.12,No
3266-NQDYG,Female,1,No,No,23,Yes,No,DSL,Yes,No,No,Yes,Yes,No,One year,No,Bank transfer (automatic),54.99,1286.16,No
4318-APPDH,Female,0,Yes,No,3,Yes,Yes,Fiber optic,Yes,Yes,Yes,No,No,No,Month-to-month,Yes,Credit card (automatic),85.46,265.6,No
7899-SHQTJ,Male,1,Yes,No,24,No,No phone service,DSL,No,No,No,Yes,Yes,Yes,Month-to-month,No,Mailed check,57.53,1325.59,No
2581-AYIUI,Female,1,No,No,72,Yes,No,No,No internet service,No internet service,No internet service,No internet service,No internet service,No internet service,Two year,No,Bank transfer (automatic),21.0,1584.66,No
7409-IPYTE,Male,0,No,Yes,21,Yes,Yes,DSL,No,Yes,No,Yes,Yes,No,Month-to-month,No,Bank transfer (automatic),59.59,1271.99,No
5712-HFVZY,Male,0,No,Yes,31,Yes,Yes,Fiber optic,No,No,No,Yes,No,No,Month-to-month,Yes,Bank transfer (automatic),97.28,3054.55,Yes
8550-MNOTB,Female,0,No,No,46,Yes,No,Fiber optic,No,Yes,Yes,Yes,No,No,One year,No,Credit card (automatic),91.53,4321.68,No
8440-VZPLM,Male,0,No,Yes,39,Yes,Yes,Fiber optic,Yes,Yes,Yes,Yes,Yes,No,One year,Yes,Mailed check,95.18,3580.67,No
6581-HULHT,Female,1,Yes,No,14,Yes,No,Fiber optic,No,No,No,Yes,No,Yes,Month-to-month,Yes,Bank transfer (automatic),87.89,1183.21,Yes
4030-CNNHA,Male,1,No,No,15,Yes,Yes,Fiber optic,No,Yes,Yes,Yes,Yes,Yes,One year,Yes,Mailed check,92.32,1421.92,Yes
5281-UUFLX,Male,0,No,No,49,Yes,Yes,No,No internet service,No internet service,No internet service,No internet service,No internet service,No internet service,Two year,No,Electronic check,21.04,992.84,No
4100-MRLVJ,Female,0,No,No,26,Yes,No,DSL,Yes,Yes,Yes,Yes,No,Yes,Month-to-month,Yes,Credit card (automatic),66.89,1777.27,Yes
5429-NTIHJ,Male,0,Yes,No,30,Yes,Yes,No,No internet service,No internet service,No internet service,No internet service,No internet service,No internet service,Month-to-month,Yes,Mailed check,27.83,864.41,No
3091-FVIHV,Female,0,No,Yes,51,Yes,No,Fiber optic,No,Yes,Yes,Yes,No,No,Month-to-month,Yes,Bank transfer (automatic),89.58,4460.43,No
8095-GHVHW,Female,0,No,Yes,12,Yes,No,No,No internet service,No internet service,No internet service,No internet service,No internet service,No internet service,Month-to-month,Yes,Mailed check,25.65,310.77,No
6558-RNAVO,Male,0,No,Yes,72,Yes,Yes,No,No internet service,No internet service,No internet service,No internet service,No internet service,No internet service,Two year,No,Electronic check,18.42,1323.03,No
2555-VHJQH,Male,0,Yes,Yes,13,Yes,Yes,Fiber optic,Yes,No,No,Yes,Yes,Yes,Month-to-month,Yes,Mailed check,79.86,1067.45,Yes
1058-IRKSB,Male,0,Yes,No,23,Yes,Yes,DSL,Yes,No,Yes,Yes,No,Yes,One year,No,Bank transfer (automatic),69.53,1619.82,No
3317-GBQFM,Male,0,Yes,No,63,Yes,Yes,DSL,Yes,No,Yes,No,No,Yes,One year,Yes,Mailed check,54.54,3530.69,No
9913-GFYJH,Female,0,Yes,Yes,16,Yes,No,No,No internet service,No internet service,No internet service,No internet service,No internet service,No internet service,Month-to-month,No,Mailed check,27.08,443.8,No
7475-DJFXH,Male,0,Yes,No,12,No,No phone service,DSL,No,No,No,Yes,No,Yes,Month-to-month,No,Electronic check,53.65,652.52,No
6101-NMBGW,Male,0,Yes,Yes,15,Yes,No,DSL,Yes,Yes,No,Yes,Yes,Yes,Month-to-month,Yes,Bank transfer (automatic),66.7,986.3,Yes
5932-WOIIU,Male,0,Yes,No,23,Yes,Yes,No,No internet service,No internet service,No internet service,No internet service,No internet service,No internet service,Month-to-month,No,Electronic check,18.25,421.85,No
3139-PYVKH,Female,0,No,Yes,16,Yes,Yes,No,No internet service,No internet service,No internet service,No internet service,No internet service,No internet service,Month-to-month,Yes,Mailed check,21.43,355.23,Yes
6593-PSBOA,Male,1,No,No,23,Yes,No,No,No internet service,No internet service,No internet service,No internet service,No internet service,No internet service,Month-to-month,No,Bank transfer (automatic),18.25,434.17,No
9917-WTHTL,Male,0,Yes,Yes,19,Yes,No,Fiber optic,No,No,Yes,Yes,Yes,No,Month-to-month,No,Credit card (automatic),79.56,1519.04,Yes
6839-GMWEJ,Female,0,Yes,Yes,39,Yes,Yes,No,No internet service,No internet service,No internet service,No internet service,No internet service,No internet service,One year,Yes,Electronic check,29.88,1119.06,No
3624-EKPBF,Male,0,Yes,No,15,Yes,Yes,DSL,No,Yes,No,No,No,No,Month-to-month,No,Electronic check,49.58,711.69,Yes
8353-GIRTY,Female,1,No,No,15,Yes,No,Fiber optic,No,Yes,Yes,Yes,No,Yes,Month-to-month,Yes,Credit card (automatic),77.3,1131.94,Yes
2429-TSDWI,Male,0,Yes,No,12,Yes,Yes,No,No internet service,No internet service,No internet service,No internet service,No internet service,No internet service,Month-to-month,Yes,Electronic check,20.2,253.94,No
4807-UNHIT,Female,0,No,No,8,Yes,Yes,No,No internet service,No internet service,No internet service,No internet service,No internet service,No internet service,Month-to-month,No,Mailed check,23.16,176.31,No
2649-MTWVJ,Male,1,Yes,Yes,42,Yes,No,No,No internet service,No internet service,No internet service,No internet service,No internet service,No internet service,One year,Yes,Electronic check,22.06,960.86,No
2788-YPKXS,Male,0,No,No,16,Yes,No,Fiber optic,Yes,No,No,No,No,No,Month-to-month,No,Mailed check,83.76,1403.43,Yes
5288-FCNCI,Female,0,No,Yes,30,Yes,No,Fiber optic,Yes,Yes,Yes,Yes,No,No,One year,No,Mailed check,87.53,2541.59,No
7131-AZLWE,Female,0,Yes,Yes,31,Yes,No,DSL,No,No,No,Yes,Yes,Yes,Month-to-month,Yes,Electronic check,49.1,1498.18,Yes
5146-YQVRT,Female,0,Yes,No,55,Yes,No,DSL,Yes,Yes,No,Yes,No,No,Month-to-month,Yes,Electronic check,62.41,3580.96,No
4278-LBGBI,Male,0,Yes,No,68,Yes,No,DSL,Yes,No,No,No,No,Yes,Two year,No,Credit card (automatic),58.58,3841.01,No
7531-FMOEV,Male,0,No,No,1,Yes,Yes,DSL,No,Yes,Yes,Yes,No,No,Month-to-month,Yes,Mailed check,61.72,63.62,Yes
7940-EAAHD,Female,1,No,No,14,Yes,No,Fiber optic,Yes,No,No,No,Yes,Yes,Month-to-month,Yes,Electronic check,80.72,1145.08,Yes
1156-LNAPK,Male,0,No,No,49,No,No phone service,DSL,No,No,Yes,Yes,Yes,No,One year,Yes,Credit card (automatic),61.71,3133.21,No
2802-CTCFS,Male,1,Yes,No,56,Yes,No,DSL,Yes,Yes,Yes,No,No,Yes,One year,Yes,Mailed check,58.39,3223.68,No
6666-ZBFRF,Female,0,No,No,1,Yes,No,Fiber optic,No,No,Yes,No,No,Yes,Month-to-month,Yes,Bank transfer (automatic),91.49,87.94,Yes
4428-HVUUN,Female,0,No,Yes,60,Yes,Yes,Fiber optic,Yes,Yes,Yes,No,Yes,No,Two year,Yes,Electronic check,92.23,5595.25,No
5389-OBOHY,Female,0,Yes,No,19,Yes,Yes,No,No internet service,No internet service,No internet service,No internet service,No internet service,No internet service,Month-to-month,Yes,Mailed check,23.55,457.67,No
2657-AZENJ,Male,0,No,No,48,Yes,Yes,Fiber optic,No,Yes,Yes,No,Yes,No,Two year,No,Credit card (automatic),85.74,3967.6,Yes
3423-MTCRX,Male,0,No,No,5,Yes,No,Fiber optic,Yes,Yes,No,Yes,Yes,No,Month-to-month,No,Bank transfer (automatic),84.34,410.66,Yes
3611-RXYQY,Female,1,No,No,16,Yes,Yes,Fiber optic,Yes,No,Yes,Yes,No,No,Month-to-month,No,Electronic check,84.5,1344.32,No
7994-NDWHT,Female,0,Yes,No,72,Yes,Yes,Fiber optic,Yes,Yes,Yes,Yes,No,Yes,Month-to-month,Yes,Electronic check,70.66,5119.17,No
6803-JURTY,Female,0,Yes,No,34,Yes,Yes,Fiber optic,Yes,No,Yes,Yes,Yes,No,One year,Yes,Mailed check,65.33,2197.8,No
3473-TBSEF,Female,0,Yes,No,17,Yes,No,Fiber optic,Yes,No,Yes,No,Yes,No,Month-to-month,No,Mailed check,83.82,1438.17,No
2760-VJKJQ,Male,0,No,No,38,Yes,No,Fiber optic,No,No,Yes,No,Yes,No,One year,No,Credit card (automatic),89.18,3411.15,No
9242-RCNCE,Male,0,Yes,Yes,53,Yes,Yes,DSL,No,No,Yes,No,No,Yes,One year,No,Mailed check,62.48,3170.8,No
2769-SWGYG,Female,0,No,No,9,Yes,No,No,No internet service,No internet service,No internet service,No internet service,No internet service,No internet service,Month-to-month,No,Credit card (automatic),28.49,251.4,Yes
3764-DBQKD,Male,0,Yes,Yes,21,Yes,No,DSL,Yes,No,No,Yes,Yes,Yes,One year,Yes,Mailed check,61.76,1282.46,Yes
6081-IKXKL,Male,0,Yes,Yes,58,Yes,No,No,No internet service,No internet service,No internet service,No internet service,No internet service,No internet service,One year,No,Electronic check,25.44,1482.65,No
7184-XTMHE,Female,0,No,No,72,No,No phone service,Fiber optic,No,No,No,Yes,No,No,Two year,Yes,Mailed check,84.07,6255.82,No
2112-TTJYZ,Male,0,Yes,No,9,Yes,Yes,Fiber optic,No,No,Yes,No,Yes,Yes,Month-to-month,Yes,Bank transfer (automatic),80.38,744.46,Yes
6586-GNVNM,Male,1,Yes,No,12,Yes,No,DSL,Yes,Yes,No,Yes,Yes,No,Month-to-month,Yes,Electronic check,65.33,807.89,No
5793-VKENQ,Female,0,Yes,Yes,54,Yes,No,DSL,Yes,Yes,Yes,No,Yes,Yes,Two year,Yes,Credit card (automatic),58.6,3191.46,No
9411-CYUSG,Male,0,No,Yes,42,Yes,Yes,Fiber optic,No,Yes,Yes,Yes,No,No,Month-to-month,Yes,Mailed check,82.79,3503.93,Yes
2857-LERTM,Female,1,No,No,32,Yes,No,No,No internet service,No internet service,No internet service,No internet service,No internet service,No internet service,One year,No,Credit card (automatic),33.06,1091.3,Yes
7224-UXRGD,Male,0,No,No,5,Yes,No,DSL,Yes,Yes,No,Yes,Yes,Yes,Month-to-month,Yes,Mailed check,61.03,295.92,Yes
9462-UWLEP,Male,0,No,No,56,Yes,Yes,Fiber optic,No,Yes,No,No,No,Yes,Two year,Yes,Mailed check,85.89,4641.87,No
6756-FMLGV,Female,0,Yes,Yes,54,Yes,Yes,No,No internet service,No internet service,No internet service,No internet service,No internet service,No internet service,One year,No,Mailed check,30.65,1587.92,No
5371-YAYRS,Male,1,No,Yes,43,Yes,Yes,DSL,Yes,Yes,No,Yes,Yes,No,Two year,Yes,Credit card (automatic),45.28,2036.98,No
3589-CGLIF,Female,0,Yes,No,27,Yes,Yes,DSL,No,Yes,Yes,No,No,No,One year,Yes,Electronic check,62.41,1746.72,No
1113-SREUZ,Male,1,Yes,Yes,10,Yes,No,Fiber optic,No,Yes,No,No,Yes,No,Month-to-month,No,Credit card (automatic),83.72,849.65,No
9997-FLBAV,Female,1,No,No,14,No,No phone service,DSL,Yes,No,Yes,No,Yes,Yes,Month-to-month,Yes,Mailed check,46.24,625.91,Yes
9711-FMAVO,Male,1,Yes,No,60,Yes,Yes,DSL,Yes,Yes,No,Yes,Yes,Yes,Two year,Yes,Mailed check,57.68,3290.48,No
3628-ZDGTK,Female,0,Yes,Yes,38,No,No phone service,DSL,No,Yes,No,No,No,No,One year,Yes,Mailed check,57.0,2196.22,No
7304-GROBI,Male,0,Yes,No,1,Yes,Yes,Fiber optic,Yes,Yes,Yes,No,No,Yes,Month-to-month,Yes,Electronic check,77.12,78.75,Yes
3676-PLMEY,Male,1,Yes,No,18,Yes,Yes,DSL,Yes,Yes,No,No,Yes,Yes,Month-to-month,Yes,Bank transfer (automatic),61.53,1130.83,No
7746-RHRGM,Male,0,No,No,52,Yes,Yes,No,No internet service,No internet service,No internet service,No internet service,No internet service,No internet service,One year,Yes,Electronic check,20.29,1060.99,No
3413-HQISN,Female,0,No,No,21,Yes,No,Fiber optic,No,No,No,Yes,No,No,Month-to-month,Yes,Electronic check,78.54,1572.41,Yes
9828-EYDOJ,Female,0,Yes,Yes,40,Yes,Yes,Fiber optic,No,No,Yes,No,Yes,Yes,One year,Yes,Credit card (automatic),79.44,3162.76,No
7769-DGFXN,Male,0,Yes,No,49,Yes,No,Fiber optic,Yes,No,Yes,Yes,No,Yes,Two year,Yes,Bank transfer (automatic),87.69,4155.82,No
2477-UHFMU,Female,0,Yes,Yes,3,Yes,No,DSL,No,Yes,Yes,Yes,Yes,No,Month-to-month,Yes,Bank transfer (automatic),68.31,201.32,No
8555-AXZIN,Female,1,Yes,No,10,Yes,Yes,Fiber optic,Yes,Yes,Yes,No,No,Yes,Month-to-month,No,Credit card (automatic),86.51,901.77,Yes
4387-MQQMM,Female,0,Yes,Yes,62,Yes,Yes,Fiber optic,Yes,Yes,Yes,No,No,Yes,Two year,No,Bank transfer (automatic),79.84,4891.28,No
5396-KDJSZ,Female,0,Yes,No,8,Yes,No,No,No internet service,No internet service,No internet service,No internet service,No internet service,No internet service,Month-to-month,No,Credit card (automatic),28.05,233.69,Yes
8313-WUNRV,Female,0,No,Yes,51,Yes,Yes,No,No internet service,No internet service,No internet service,No internet service,No internet service,No internet service,Two year,Yes,Bank transfer (automatic),29.63,1478.01,No
3005-DGNUL,Male,0,No,Yes,35,Yes,Yes,DSL,No,Yes,No,No,Yes,Yes,Month-to-month,Yes,Mailed check,59.4,2030.19,Yes
9844-IMXEV,Male,0,Yes,Yes,11,Yes,Yes,DSL,Yes,No,No,No,No,Yes,Month-to-month,Yes,Bank transfer (automatic),54.35,615.32,No
2358-XIQSJ,Male,0,Yes,No,10,No,No phone service,Fiber optic,Yes,Yes,Yes,No,Yes,No,Month-to-month,Yes,Bank transfer (automatic),88.59,867.66,Yes
5952-TWCMW,Male,0,Yes,Yes,12,Yes,No,Fiber optic,Yes,No,Yes,No,Yes,No,Month-to-month,No,Electronic check,81.2,949.75,Yes
6002-ADVLS,Male,1,No,No,31,Yes,Yes,Fiber optic,No,No,Yes,No,Yes,No,Two year,Yes,Electronic check,82.63,2604.73,No
9032-CLDVL,Male,1,No,No,37,Yes,No,Fiber optic,No,No,Yes,Yes,Yes,No,One year,No,Bank transfer (automatic),79.45,2855.44,No
8889-HDWPF,Female,0,Yes,No,52,No,No phone service,Fiber optic,Yes,Yes,No,Yes,No,Yes,Month-to-month,Yes,Mailed check,88.31,4743.92,Yes
7247-KBGTD,Male,0,Yes,No,24,Yes,Yes,Fiber optic,Yes,No,No,No,No,No,Month-to-month,Yes,Credit card (automatic),90.88,2223.58,No
4038-GTWUS,Male,0,Yes,Yes,38,No,No phone service,DSL,Yes,No,Yes,No,No,Yes,One year,No,Mailed check,57.21,2136.94,No
1805-XEKVG,Female,0,Yes,Yes,22,Yes,No,DSL,No,Yes,No,Yes,Yes,Yes,Month-to-month,Yes,Mailed check,66.12,1450.13,No
2951-AJMMB,Male,0,No,No,13,Yes,Yes,DSL,Yes,No,No,Yes,Yes,Yes,Month-to-month,Yes,Bank transfer (automatic),59.19,780.43,Yes
2844-AFPAE,Male,1,Yes,No,59,Yes,Yes,Fiber optic,No,Yes,Yes,No,Yes,No,One year,No,Mailed check,89.21,5372.87,No
5895-OXOYS,Female,0,No,No,67,Yes,No,Fiber optic,Yes,Yes,No,No,No,No,Month-to-month,No,Credit card (automatic),82.99,5352.15,No
5953-JCSYJ,Female,1,No,Yes,16,Yes,No,DSL,No,Yes,No,No,No,No,Month-to-month,No,Mailed check,61.5,957.37,Yes
4199-CPIAA,Female,0,No,No,4,Yes,Yes,Fiber optic,Yes,Yes,Yes,Yes,No,No,Month-to-month,No,Electronic check,79.2,332.04,No
4019-MLTNU,Female,1,Yes,No,5,Yes,Yes,DSL,Yes,Yes,No,No,No,No,Month-to-month,No,Electronic check,48.39,235.44,Yes
3672-GOCTE,Female,0,Yes,No,38,Yes,No,DSL,Yes,No,No,Yes,No,No,Month-to-month,Yes,Electronic check,55.79,2048.98,No
9234-ZNIIL,Male,1,No,No,65,Yes,Yes,DSL,Yes,Yes,Yes,Yes,No,Yes,Month-to-month,Yes,Mailed check,60.12,3864.46,No
5312-BFUBL,Female,0,Yes,No,8,Yes,No,Fiber optic,No,No,Yes,No,No,Yes,Month-to-month,No,Mailed check,78.74,645.87,Yes
8874-CYMLS,Male,0,Yes,No,69,Yes,No,Fiber optic,Yes,Yes,Yes,No,Yes,No,Two year,Yes,Credit card (automatic),97.9,6485.84,No
7994-MCZAW,Male,0,No,No,25,Yes,Yes,DSL,No,No,Yes,No,No,No,Month-to-month,Yes,Bank transfer (automatic),65.44,1610.31,Yes
4906-NTYDV,Female,0,No,No,32,Yes,Yes,No,No internet service,No internet service,No internet service,No internet service,No internet service,No internet service,One year,Yes,Electronic check,27.13,830.61,No
6949-JLUDN,Female,1,No,No,25,Yes,Yes,Fiber optic,Yes,No,Yes,No,Yes,Yes,Month-to-month,No,Credit card (automatic),83.61,2023.97,No
7498-OLNNU,Female,1,Yes,Yes,28,Yes,No,No,No internet service,No internet service,No internet service,No internet service,No internet service,No internet service,Month-to-month,Yes,Bank transfer (automatic),26.75,783.94,No
8387-XBIWQ,Female,0,No,Yes,7,Yes,No,DSL,No,No,Yes,Yes,Yes,Yes,Month-to-month,Yes,Credit card (automatic),66.86,468.95,No
4390-QMXOL,Male,0,No,No,65,No,No phone service,Fiber optic,Yes,Yes,Yes,No,No,Yes,One year,No,Electronic check,78.13,5310.07,No
6611-EUFAB,Female,1,No,No,7,No,No phone service,Fiber optic,No,No,Yes,No,No,No,Month-to-month,Yes,Electronic check,74.51,539.13,Yes
1595-CBHYC,Female,0,Yes,No,30,Yes,Yes,Fiber optic,Yes,Yes,Yes,Yes,Yes,Yes,Month-to-month,No,Credit card (automatic),80.32,2526.57,No
7084-WVJBJ,Male,0,No,No,50,No,No phone service,Fiber optic,No,Yes,No,Yes,Yes,Yes,Two year,No,Electronic check,70.99,3473.18,No
6413-TDHPS,Male,0,No,Yes,14,Yes,No,DSL,No,No,Yes,No,No,No,Month-to-month,Yes,Bank transfer (automatic),54.79,768.76,No
3797-VUJNM,Male,0,Yes,No,54,No,No phone service,Fiber optic,No,No,No,No,No,No,Two year,Yes,Bank transfer (automatic),82.96,4487.9,No
7018-IILFP,Female,0,Yes,No,21,Yes,Yes,DSL,No,No,No,Yes,Yes,No,Month-to-month,Yes,Bank transfer (automatic),64.56,1358.56,No
9621-JWMEM,Female,0,No,No,66,Yes,No,Fiber optic,Yes,No,No,No,No,No,Two year,Yes,Electronic check,87.99,5539.8,No
5494-AMEUO,Female,0,Yes,No,52,Yes,No,DSL,No,Yes,No,Yes,Yes,Yes,One year,No,Mailed check,53.2,2796.52,No
3737-AOSLX,Female,0,No,Yes,22,Yes,No,Fiber optic,No,No,Yes,Yes,No,No,Month-to-month,No,Mailed check,89.21,2002.84,No
2766-TMIHL,Male,0,No,No,30,Yes,Yes,No,No internet service,No internet service,No internet service,No internet service,No internet service,No internet service,Month-to-month,Yes,Credit card (automatic),22.66,706.46,No
1725-QKRNZ,Male,1,Yes,No,47,Yes,Yes,Fiber optic,No,Yes,No,Yes,No,No,Two year,Yes,Mailed check,80.74,3907.31,No
1743-MNGRJ,Male,0,No,No,8,Yes,Yes,Fiber optic,Yes,No,No,No,Yes,Yes,Month-to-month,No,Credit card (automatic),77.36,610.87,Yes
7870-XWQSW,Female,1,Yes,Yes,14,Yes,No,Fiber optic,No,Yes,Yes,Yes,Yes,Yes,Month-to-month,Yes,Credit card (automatic),74.72,1022.44,No
9824-SXZEN,Female,0,Yes,No,46,Yes,Yes,DSL,No,Yes,Yes,No,Yes,No,Month-to-month,No,Mailed check,54.05,2506.19,No
4216-YTXJV,Female,0,Yes,No,27,Yes,No,DSL,No,No,Yes,No,Yes,Yes,Month-to-month,Yes,Credit card (automatic),54.68,1541.12,Yes
1730-YFNST,Female,0,No,No,26,Yes,No,DSL,Yes,No,Yes,Yes,Yes,Yes,Month-to-month,No,Credit card (automatic),57.17,1424.36,Yes
2909-ONUIT,Male,1,Yes,No,5,Yes,Yes,Fiber optic,No,Yes,No,No,Yes,Yes,Month-to-month,Yes,Mailed check,88.39,436.26,Yes
6545-TWLLU,Female,0,Yes,No,30,No,No phone service,Fiber optic,No,Yes,No,Yes,No,No,Two year,Yes,Credit card (automatic),83.12,2518.64,No
8036-WOQBL,Female,0,Yes,No,29,Yes,Yes,Fiber optic,Yes,Yes,Yes,Yes,Yes,Yes,Month-to-month,Yes,Credit card (automatic),88.01,2457.34,Yes
3216-WDUVM,Female,0,No,No,42,Yes,Yes,Fiber optic,Yes,No,No,No,No,Yes,One year,Yes,Mailed check,80.04,3440.7,No
7013-PRRGR,Female,0,Yes,No,45,Yes,No,Fiber optic,Yes,Yes,Yes,No,Yes,No,Two year,Yes,Bank transfer (automatic),79.86,3684.52,No
9115-IHHXX,Female,1,No,No,13,Yes,No,DSL,Yes,No,No,Yes,Yes,Yes,Month-to-month,Yes,Bank transfer (automatic),66.18,866.27,No
4129-YTKVX,Male,0,No,No,67,Yes,Yes,Fiber optic,Yes,No,No,Yes,Yes,Yes,One year,Yes,Credit card (automatic),73.93,4767.93,No
8815-MFEVT,Female,0,No,No,21,Yes,No,No,No internet service,No internet service,No internet service,No internet service,No internet service,No internet service,Month-to-month,No,Mailed check,18.25,396.2,No
7378-BZCPY,Female,0,No,No,1,Yes,Yes,Fiber optic,Yes,Yes,No,No,Yes,No,Month-to-month,Yes,Bank transfer (automatic),75.41,72.14,Yes
3178-NVGCM,Female,0,No,No,13,Yes,Yes,DSL,Yes,Yes,Yes,Yes,Yes,No,Month-to-month,Yes,Bank transfer (automatic),61.72,841.61,No
8154-PLQBJ,Male,1,Yes,No,57,Yes,No,No,No internet service,No internet service,No internet service,No internet service,No internet service,No internet service,Month-to-month,No,Electronic check,24.67,1410.96,No
8900-KZOYQ,Male,0,No,No,36,Yes,No,Fiber optic,No,Yes,Yes,Yes,Yes,No,Month-to-month,Yes,Electronic check,75.39,2714.83,No
4769-XHKSW,Male,1,No,Yes,13,No,No phone service,Fiber optic,Yes,No,Yes,No,No,No,Month-to-month,Yes,Bank transfer (automatic),78.91,1009.54,No
2739-ZLIDA,Male,0,Yes,No,32,Yes,Yes,Fiber optic,No,Yes,No,Yes,No,Yes,Month-to-month,Yes,Electronic check,86.79,2790.44,No
6015-PCXOB,Male,0,Yes,No,60,No,No phone service,Fiber optic,Yes,No,Yes,Yes,Yes,Yes,Two year,Yes,Credit card (automatic),93.4,5815.35,No
8571-FRRVV,Female,0,Yes,Yes,71,No,No phone service,Fiber optic,Yes,Yes,No,Yes,Yes,Yes,Two year,No,Credit card (automatic),85.98,6037.74,No
9869-CJJJG,Female,0,Yes,No,21,Yes,No,DSL,Yes,No,Yes,No,No,No,One year,No,Electronic check,61.69,1278.86,No
3104-ZXROM,Male,0,Yes,No,70,Yes,Yes,Fiber optic,Yes,Yes,Yes,No,Yes,No,Month-to-month,Yes,Mailed check,88.47,6433.83,No
7138-WLNXX,Male,0,No,No,51,No,No phone service,Fiber optic,Yes,No,No,Yes,Yes,Yes,Two year,Yes,Electronic check,93.32,4652.55,No
3068-GFASL,Male,0,No,No,36,No,No phone service,Fiber optic,Yes,Yes,No,Yes,No,No,Two year,No,Electronic check,72.84,2587.0,No
1285-FNVRN,Male,0,No,No,56,Yes,No,DSL,No,No,No,Yes,Yes,No,Two year,Yes,Credit card (automatic),51.63,2766.04,No
2677-HUUWN,Male,0,No,Yes,54,No,No phone service,Fiber optic,No,Yes,No,No,No,Yes,One year,No,Credit card (automatic),84.95,4452.0,No
3457-NXEWZ,Female,0,No,No,19,Yes,Yes,Fiber optic,No,Yes,Yes,No,No,No,Month-to-month,Yes,Credit card (automatic),81.92,1510.13,Yes
8377-RKWET,Female,0,No,Yes,55,Yes,No,DSL,No,No,No,No,Yes,Yes,Two year,No,Credit card (automatic),53.69,3047.59,No
4614-NMAZR,Female,0,No,No,23,No,No phone service,Fiber optic,Yes,Yes,No,No,No,Yes,Month-to-month,Yes,Mailed check,77.39,1864.76,No
6399-CUYVG,Female,0,No,Yes,39,No,No phone service,Fiber optic,Yes,Yes,Yes,Yes,No,No,One year,No,Mailed check,72.86,2726.51,No
2632-JAOLN,Male,1,Yes,No,24,Yes,No,Fiber optic,No,No,No,No,No,Yes,Month-to-month,No,Electronic check,76.44,1798.97,Yes
9908-RKUJT,Female,0,No,Yes,10,Yes,Yes,Fiber optic,No,Yes,Yes,Yes,No,Yes,Month-to-month,No,Mailed check,87.04,839.16,Yes
9393-XNMKN,Female,0,Yes,Yes,43,No,No phone service,Fiber optic,Yes,No,Yes,Yes,Yes,No,Two year,No,Credit card (automatic),74.49,3274.45,No
9424-WPHJG,Female,0,Yes,No,20,Yes,Yes,DSL,Yes,No,Yes,Yes,Yes,No,One year,Yes,Bank transfer (automatic),51.02,1015.16,No
2678-AUTER,Male,0,Yes,No,47,No,No phone service,DSL,Yes,No,No,Yes,Yes,Yes,One year,No,Electronic check,55.27,2567.71,No
2488-HGDSB,Female,0,Yes,No,12,Yes,No,Fiber optic,Yes,Yes,No,No,No,Yes,Month-to-month,No,Electronic check,80.69,997.75,No
4647-MPFMU,Male,0,Yes,No,5,Yes,No,No,No internet service,No internet service,No internet service,No internet service,No internet service,No internet service,Month-to-month,Yes,Bank transfer (automatic),27.49,139.28,Yes
4368-YLUCW,Female,0,Yes,Yes,1,Yes,Yes,DSL,No,No,Yes,Yes,No,No,Month-to-month,No,Bank transfer (automatic),58.65,58.63,Yes
5317-ZSTDO,Male,0,No,Yes,25,Yes,No,Fiber optic,Yes,No,No,No,No,No,Two year,Yes,Electronic check,79.62,1915.71,No
7641-VJOEL,Male,0,No,Yes,12,Yes,Yes,DSL,Yes,No,No,Yes,No,No,Month-to-month,No,Electronic check,67.57,800.37,No
5282-AXQEX,Male,1,No,Yes,20,Yes,Yes,No,No internet service,No internet service,No internet service,No internet service,No internet service,No internet service,Month-to-month,Yes,Electronic check,18.25,348.03,Yes
7222-SYKJQ,Female,0,No,Yes,27,Yes,Yes,Fiber optic,Yes,Yes,No,No,No,No,Month-to-month,No,Mailed check,89.68,2364.93,Yes
8995-VUTAM,Female,0,No,No,47,Yes,Yes,DSL,No,Yes,No,No,No,No,Month-to-month,Yes,Mailed check,60.29,2951.44,No
4200-JWKVX,Female,0,Yes,No,13,Yes,Yes,DSL,No,Yes,Yes,No,Yes,Yes,Month-to-month,No,Electronic check,65.99,840.81,No
5095-ESWKF,Male,0,No,No,52,Yes,Yes,Fiber optic,Yes,Yes,Yes,No,Yes,No,Two year,Yes,Bank transfer (automatic),83.17,4376.11,No
5684-ZNLLT,Female,0,Yes,No,72,Yes,Yes,Fiber optic,No,No,No,No,Yes,Yes,Two year,No,Credit card (automatic),84.97,6286.39,No
4068-SZUYU,Female,0,No,Yes,2,Yes,No,Fiber optic,Yes,Yes,No,Yes,Yes,No,Month-to-month,Yes,Bank transfer (automatic),85.24,167.73,Yes
8592-BJHWF,Male,1,Yes,No,11,Yes,Yes,No,No internet service,No internet service,No internet service,No internet service,No internet service,No internet service,Month-to-month,Yes,Electronic check,33.57,356.19,No
9709-SDRIH,Female,0,Yes,Yes,60,Yes,Yes,DSL,Yes,No,Yes,Yes,Yes,No,Two year,Yes,Electronic check,62.12,3616.85,No
9945-UTIRI,Female,0,Yes,No,9,Yes,Yes,Fiber optic,No,No,No,No,No,No,Month-to-month,Yes,Mailed check,75.48,682.66,Yes
6426-KPTIA,Male,0,No,No,33,Yes,No,Fiber optic,Yes,Yes,No,No,No,Yes,One year,No,Credit card (automatic),84.41,2662.79,No
1871-XYRCP,Male,1,No,No,7,Yes,No,Fiber optic,No,Yes,Yes,Yes,No,No,Month-to-month,Yes,Mailed check,89.58,603.17,Yes
4891-GJUZW,Male,0,No,No,72,No,No phone service,DSL,No,No,No,No,No,No,Month-to-month,No,Credit card (automatic),62.07,4675.65,No
2834-NNHLJ,Male,0,No,No,16,Yes,Yes,No,No internet service,No internet service,No internet service,No internet service,No internet service,No internet service,Month-to-month,Yes,Bank transfer (automatic),22.79,366.89,No
1626-KJHPS,Male,1,No,Yes,6,Yes,Yes,No,No internet service,No internet service,No internet service,No internet service,No internet service,No internet service,Month-to-month,Yes,Credit card (automatic),21.53,125.82,Yes
1422-IAVYM,Male,1,Yes,No,13,Yes,No,No,No internet service,No internet service,No internet service,No internet service,No internet service,No internet service,Month-to-month,Yes,Bank transfer (automatic),18.25,231.8,No
9504-QWYPL,Male,0,Yes,No,6,Yes,Yes,Fiber optic,Yes,No,Yes,No,No,No,Month-to-month,Yes,Bank transfer (automatic),88.26,555.82,Yes
7676-EHOFM,Male,0,No,No,17,Yes,No,Fiber optic,No,No,Yes,Yes,No,No,Month-to-month,No,Credit card (automatic),87.72,1495.23,No
8702-UXWIS,Male,0,No,No,56,Yes,No,DSL,No,No,No,No,Yes,Yes,Two year,Yes,Mailed check,69.01,3716.89,No
4347-ZEGYG,Male,0,No,No,47,Yes,Yes,Fiber optic,No,Yes,No,No,No,No,Month-to-month,No,Electronic check,79.34,3619.82,No
6574-HHRUG,Male,0,Yes,No,3,Yes,Yes,DSL,No,No,No,Yes,Yes,No,Month-to-month,No,Electronic check,61.31,188.74,No
9844-CCZBI,Female,0,No,No,17,Yes,No,No,No internet service,No internet service,No internet service,No internet service,No internet service,No internet service,Month-to-month,Yes,Mailed check,24.09,416.55,No
2090-FBJHE,Female,1,Yes,No,6,Yes,No,Fiber optic,No,No,No,Yes,No,No,Month-to-month,No,Bank transfer (automatic),79.86,477.69,Yes
7467-AMHQI,Male,0,Yes,No,35,Yes,Yes,DSL,Yes,No,Yes,Yes,Yes,Yes,Month-to-month,Yes,Credit card (automatic),59.76,2052.54,No
5253-VDLOT,Female,0,No,Yes,2,Yes,No,Fiber optic,Yes,No,No,No,No,No,Month-to-month,No,Bank transfer (automatic),76.16,155.72,Yes
5828-TUUQX,Female,1,Yes,No,58,Yes,Yes,Fiber optic,Yes,No,No,Yes,Yes,Yes,Two year,Yes,Mailed check,87.46,4939.17,No
1204-MUCVB,Female,0,No,No,4,Yes,Yes,No,No internet service,No internet service,No internet service,No internet service,No internet service,No internet service,Month-to-month,No,Electronic check,30.93,122.11,No
8077-ERVVO,Male,1,Yes,Yes,17,Yes,Yes,Fiber optic,No,No,Yes,No,Yes,No,Month-to-month,Yes,Electronic check,87.17,1540.59,Yes
9174-DGDSX,Female,0,No,No,34,Yes,Yes,No,No internet service,No internet service,No internet service,No internet service,No internet service,No internet service,Month-to-month,Yes,Credit card (automatic),25.05,833.66,No
9372-NDEQX,Male,0,No,No,15,Yes,Yes,Fiber optic,Yes,No,Yes,Yes,No,Yes,Month-to-month,Yes,Bank transfer (automatic),88.29,1324.24,Yes
9890-SWMFM,Female,0,Yes,Yes,51,Yes,No,Fiber optic,Yes,Yes,Yes,Yes,No,No,One year,No,Bank transfer (automatic),80.74,3980.5,No
1894-RIIAZ,Male,0,No,No,49,Yes,Yes,DSL,Yes,Yes,Yes,Yes,Yes,No,Two year,Yes,Bank transfer (automatic),51.73,2411.02,No
4846-UNQMR,Female,0,Yes,Yes,9,Yes,Yes,DSL,No,Yes,Yes,Yes,No,No,Month-to-month,No,Electronic check,58.24,519.83,No
2798-ZLAYA,Male,0,No,No,4,Yes,Yes,Fiber optic,Yes,Yes,No,Yes,No,Yes,Month-to-month,Yes,Bank transfer (automatic),79.51,307.08,Yes
5250-UJFGR,Female,0,Yes,No,51,Yes,Yes,No,No internet service,No internet service,No internet service,No internet service,No internet service,No internet service,One year,Yes,Bank transfer (automatic),39.45,2068.76,No
6163-NNIYG,Male,0,No,No,47,Yes,No,DSL,Yes,No,No,Yes,No,Yes,One year,No,Electronic check,64.79,2927.26,No
8537-UAEOE,Female,0,Yes,Yes,37,Yes,No,DSL,Yes,No,No,No,No,Yes,Two year,No,Electronic check,60.19,2315.89,No
8671-LVDAQ,Male,0,Yes,No,25,Yes,No,No,No internet service,No internet service,No internet service,No internet service,No internet service,No internet service,One year,Yes,Credit card (automatic),32.05,815.87,No
8217-ZUTBP,Male,0,Yes,No,23,Yes,Yes,DSL,No,Yes,Yes,Yes,Yes,Yes,Month-to-month,Yes,Electronic check,64.07,1408.41,No
7421-KZZWW,Female,0,No,No,40,No,No phone service,Fiber optic,Yes,Yes,No,No,No,No,Two year,Yes,Mailed check,78.67,3084.21,No
6111-VBFRD,Female,0,Yes,No,8,Yes,No,No,No internet service,No internet service,No internet service,No internet service,No internet service,No internet service,Month-to-month,No,Electronic check,24.25,188.57,No
8315-EJGOC,Male,0,No,No,8,Yes,No,Fiber optic,No,No,Yes,No,Yes,No,Month-to-month,Yes,Mailed check,78.16,656.28,Yes
8308-XTEHF,Male,1,Yes,No,50,Yes,No,DSL,Yes,No,No,Yes,No,No,Two year,No,Bank transfer (automatic),62.37,3080.34,No
6418-XWYRF,Female,0,No,No,17,Yes,No,No,No internet service,No internet service,No internet service,No internet service,No internet service,No internet service,One year,Yes,Electronic check,30.65,500.4,No
4583-HBUPZ,Male,0,Yes,No,4,Yes,Yes,DSL,Yes,Yes,Yes,Yes,No,No,Month-to-month,No,Electronic check,52.2,214.64,Yes
8570-QBLMR,Male,0,No,No,18,Yes,No,No,No internet service,No internet service,No internet service,No internet service,No internet service,No internet service,Month-to-month,Yes,Credit card (automatic),27.96,491.31,No
6102-UACYL,Male,0,Yes,Yes,7,Yes,No,DSL,Yes,No,No,Yes,Yes,Yes,Month-to-month,Yes,Credit card (automatic),62.6,426.11,No
8403-WDSED,Male,0,Yes,Yes,18,Yes,Yes,DSL,Yes,Yes,Yes,Yes,No,Yes,One year,No,Credit card (automatic),55.35,957.93,No
3198-TCRJG,Male,0,No,No,71,No,No phone service,DSL,Yes,No,No,No,Yes,No,Two year,No,Mailed check,55.12,4049.11,No
3158-IJINZ,Male,0,No,No,49,Yes,No,Fiber optic,Yes,No,Yes,Yes,Yes,Yes,One year,Yes,Credit card (automatic),74.33,3605.49,No
5063-EPVPN,Female,0,No,No,72,Yes,No,Fiber optic,Yes,Yes,No,Yes,No,No,Two year,No,Electronic check,84.33,6365.78,No
7020-WBZXY,Male,0,Yes,No,42,Yes,Yes,Fiber optic,No,No,Yes,No,No,Yes,One year,No,Mailed check,85.91,3541.36,No
5483-WCKWH,Male,1,No,No,11,Yes,No,DSL,No,Yes,No,No,No,Yes,Month-to-month,Yes,Bank transfer (automatic),64.31,679.99,Yes
7871-IPQWI,Female,0,Yes,No,28,Yes,No,No,No internet service,No internet service,No internet service,No internet service,No internet service,No internet service,Month-to-month,Yes,Electronic check,27.56,753.02,No
8086-LKCBU,Male,1,Yes,No,26,Yes,Yes,DSL,No,Yes,Yes,Yes,Yes,Yes,Month-to-month,Yes,Credit card (automatic),66.5,1668.96,Yes
1941-CEIEP,Male,0,Yes,Yes,20,No,No phone service,DSL,No,Yes,No,Yes,Yes,Yes,Month-to-month,No,Electronic check,51.02,1002.75,Yes
8397-NRXXR,Female,0,Yes,Yes,11,Yes,Yes,DSL,No,No,Yes,No,Yes,No,Month-to-month,Yes,Electronic check,64.36,727.04,Yes
1613-UTHED,Female,0,No,Yes,24,Yes,Yes,Fiber optic,No,No,No,Yes,No,No,Two year,Yes,Mailed check,80.96,2005.02,No
3486-TYDKV,Male,0,No,Yes,3,Yes,Yes,No,No internet service,No internet service,No internet service,No internet service,No internet service,No internet service,Month-to-month,No,Credit card (automatic),20.2,61.7,Yes
1772-YAHAT,Female,0,Yes,No,9,No,No phone service,DSL,No,No,Yes,Yes,Yes,No,Month-to-month,Yes,Credit card (automatic),51.86,480.22,No
4842-LOHTL,Male,0,No,No,56,Yes,Yes,DSL,Yes,Yes,Yes,Yes,No,Yes,Two year,No,Bank transfer (automatic),53.26,2966.86,No
8162-QRZNH,Male,0,No,No,30,Yes,No,DSL,Yes,Yes,Yes,Yes,Yes,No,One year,Yes,Electronic check,62.05,1806.18,No
7550-SMIYG,Female,0,No,No,14,Yes,Yes,No,No internet service,No internet service,No internet service,No internet service,No internet service,No internet service,Month-to-month,No,Mailed check,18.34,252.69,No
1709-QCTVS,Female,0,Yes,No,8,Yes,No,Fiber optic,Yes,Yes,No,No,No,No,Month-to-month,Yes,Credit card (automatic),88.25,714.74,No
3125-YCCHO,Female,0,No,No,72,Yes,No,Fiber optic,Yes,No,Yes,Yes,No,No,Two year,No,Mailed check,85.35,6406.52,No
7392-HXVGB,Female,1,Yes,No,6,Yes,No,Fiber optic,Yes,No,Yes,Yes,No,No,Month-to-month,No,Credit card (automatic),85.87,499.66,No
7315-EHUEJ,Male,0,Yes,No,5,Yes,No,Fiber optic,No,Yes,No,Yes,Yes,No,Month-to-month,Yes,Electronic check,81.67,414.79,Yes
9345-RQZUL,Female,0,Yes,No,55,No,No phone service,No,No internet service,No internet service,No internet service,No internet service,No internet service,No internet service,One year,Yes,Bank transfer (automatic),18.25,1048.23,No
6980-NJZPT,Male,0,No,Yes,6,Yes,Yes,Fiber optic,Yes,No,No,Yes,No,No,Month-to-month,No,Mailed check,81.01,470.69,Yes
4689-FDUNN,Female,1,No,Yes,34,Yes,Yes,DSL,No,No,No,No,Yes,Yes,Month-to-month,Yes,Mailed check,60.54,1966.09,No
2089-UGPJF,Male,1,No,Yes,3,Yes,No,Fiber optic,No,Yes,Yes,No,Yes,No,Month-to-month,Yes,Bank transfer (automatic),80.37,239.3,No
2468-VCAHX,Male,0,No,No,59,Yes,Yes,DSL,Yes,No,No,No,Yes,Yes,Two year,Yes,Electronic check,64.96,3671.01,No
7317-VFZDA,Female,0,Yes,Yes,51,Yes,Yes,Fiber optic,Yes,No,Yes,No,Yes,Yes,Two year,Yes,Bank transfer (automatic),81.09,4162.56,No
5293-LHEIJ,Female,0,No,No,21,Yes,No,DSL,No,No,Yes,No,Yes,Yes,Month-to-month,No,Bank transfer (automatic),63.5,1346.76,No
6411-JGPPL,Male,0,Yes,No,5,Yes,No,Fiber optic,No,No,No,Yes,No,Yes,Month-to-month,Yes,Electronic check,78.63,408.22,Yes
1990-ZNHSK,Male,0,No,No,17,No,No phone service,DSL,No,No,Yes,No,Yes,Yes,Month-to-month,No,Bank transfer (automatic),60.6,997.87,Yes
2477-SCHRS,Female,0,No,No,35,Yes,Yes,DSL,Yes,No,No,Yes,Yes,No,One year,No,Bank transfer (automatic),67.39,2433.59,No
9920-SGSTR,Female,0,No,No,2,Yes,Yes,Fiber optic,No,Yes,Yes,Yes,No,Yes,Month-to-month,Yes,Mailed check,79.09,154.41,No
7714-VOZQB,Female,0,Yes,No,45,Yes,No,Fiber optic,No,Yes,No,No,No,Yes,One year,Yes,Credit card (automatic),88.78,4105.8,No
2552-MLVRA,Male,0,No,Yes,48,Yes,No,Fiber optic,No,Yes,Yes,Yes,No,No,Two year,Yes,Credit card (automatic),84.58,3991.48,No
5100-OZREE,Female,0,Yes,No,5,Yes,Yes,No,No internet service,No internet service,No internet service,No internet service,No internet service,No internet service,Month-to-month,Yes,Electronic check,19.25,100.98,No
3843-KCUBB,Male,0,No,Yes,32,Yes,Yes,Fiber optic,Yes,Yes,No,Yes,Yes,Yes,Month-to-month,Yes,Bank transfer (automatic),84.0,2739.23,No
2145-DOVYV,Male,0,No,No,17,Yes,Yes,DSL,Yes,No,No,Yes,Yes,Yes,Month-to-month,Yes,Electronic check,62.78,1118.57,Yes
7171-PIKWC,Female,1,No,No,7,Yes,No,DSL,No,Yes,Yes,Yes,No,No,Month-to-month,Yes,Credit card (automatic),49.75,359.49,Yes
8427-VBGIX,Male,0,No,No,23,Yes,No,DSL,Yes,No,Yes,No,Yes,No,Two year,Yes,Mailed check,55.85,1309.42,No
4949-UPCRQ,Male,0,No,No,6,Yes,Yes,Fiber optic,Yes,No,No,No,No,No,Month-to-month,Yes,Bank transfer (automatic),84.63,525.7,Yes
8836-XPWDP,Male,0,No,Yes,50,Yes,No,DSL,Yes,Yes,Yes,Yes,No,No,One year,Yes,Bank transfer (automatic),52.42,2634.52,No
6197-EORKR,Male,1,Yes,No,27,Yes,Yes,Fiber optic,Yes,Yes,Yes,No,Yes,No,Month-to-month,Yes,Bank transfer (automatic),73.44,1940.19,Yes
7705-PKGRX,Male,0,Yes,Yes,6,Yes,Yes,Fiber optic,No,Yes,No,No,Yes,Yes,Month-to-month,No,Bank transfer (automatic),89.24,542.3,No
5156-NXHUG,Male,0,No,No,46,Yes,No,Fiber optic,No,Yes,Yes,Yes,No,No,Month-to-month,No,Electronic check,95.05,4208.38,No
3321-HBLJG,Female,0,No,Yes,72,Yes,Yes,Fiber optic,No,Yes,Yes,No,No,No,Two year,No,Credit card (automatic),86.99,6181.18,No
7808-NFEVH,Female,0,Yes,No,72,No,No phone service,Fiber optic,No,Yes,Yes,Yes,Yes,No,Two year,No,Credit card (automatic),77.14,5759.45,Yes
4552-DUJSK,Female,0,Yes,No,18,Yes,Yes,DSL,No,No,Yes,Yes,No,Yes,Month-to-month,No,Credit card (automatic),56.96,1034.65,No
8213-KXSMM,Male,0,No,No,38,Yes,Yes,Fiber optic,Yes,Yes,Yes,Yes,Yes,Yes,One year,Yes,Electronic check,88.48,3474.17,No
6582-SSAGL,Female,0,No,No,72,Yes,Yes,Fiber optic,Yes,Yes,No,No,Yes,No,Month-to-month,No,Electronic check,80.15,6008.17,No
5832-CFMLP,Male,0,No,No,28,Yes,No,Fiber optic,No,Yes,No,No,No,Yes,Month-to-month,Yes,Mailed check,91.45,2458.24,No
1626-UHOYJ,Male,0,Yes,No,5,Yes,Yes,DSL,No,No,Yes,Yes,Yes,Yes,Month-to-month,No,Bank transfer (automatic),62.42,309.12,No
3821-GQYOF,Female,0,Yes,No,2,Yes,No,Fiber optic,No,No,No,No,No,No,Month-to-month,Yes,Electronic check,87.53,171.99,Yes
9514-BKDAZ,Male,0,No,Yes,72,Yes,No,DSL,No,Yes,No,No,Yes,Yes,Two year,Yes,Credit card (automatic),63.79,4676.84,No
1764-XOIWA,Male,0,Yes,Yes,5,Yes,No,No,No internet service,No internet service,No internet service,No internet service,No internet service,No internet service,Month-to-month,No,Bank transfer (automatic),21.02,103.41,No
7212-TJHAA,Female,0,No,Yes,51,Yes,No,Fiber optic,No,Yes,No,No,Yes,No,Two year,No,Electronic check,90.32,4636.95,No
1395-LNLSJ,Male,1,Yes,No,61,Yes,Yes,No,No internet service,No internet service,No internet service,No internet service,No internet service,No internet service,Two year,No,Mailed check,28.39,1785.21,No
8112-QYSDO,Male,0,Yes,No,9,Yes,No,Fiber optic,No,Yes,Yes,No,Yes,No,Month-to-month,Yes,Electronic check,75.53,684.12,No
6915-ABAEW,Female,0,No,No,31,Yes,Yes,No,No internet service,No internet service,No internet service,No internet service,No internet service,No internet service,One year,No,Credit card (automatic),18.53,571.69,No
3161-ELKZC,Female,0,No,No,67,Yes,Yes,Fiber optic,No,No,Yes,No,Yes,Yes,Two year,No,Mailed check,69.97,4538.86,No
8566-FIMZG,Male,0,No,Yes,23,Yes,No,Fiber optic,Yes,Yes,No,No,No,No,Month-to-month,Yes,Bank transfer (automatic),82.52,1933.85,No
4095-RRJDU,Female,0,No,No,4,Yes,No,Fiber optic,Yes,No,No,Yes,Yes,Yes,Month-to-month,No,Mailed check,82.05,320.7,No
9103-PWGWV,Male,0,No,No,17,Yes,Yes,No,No internet service,No internet service,No internet service,No internet service,No internet service,No internet service,Month-to-month,Yes,Mailed check,30.76,529.24,No
9120-YIDTR,Female,0,Yes,No,6,Yes,Yes,DSL,Yes,No,Yes,No,Yes,Yes,Month-to-month,Yes,Electronic check,70.42,422.5,Yes
6828-QBRMA,Female,0,Yes,No,50,No,No phone service,Fiber optic,Yes,No,Yes,Yes,No,Yes,Two year,Yes,Bank transfer (automatic),81.46,4257.18,No
8698-AGHUC,Male,0,No,No,45,Yes,No,Fiber optic,Yes,Yes,Yes,No,No,No,Month-to-month,Yes,Credit card (automatic),72.31,3123.27,No
4459-JKWIJ,Female,0,Yes,No,54,Yes,No,DSL,Yes,Yes,No,Yes,Yes,Yes,Month-to-month,Yes,Electronic check,63.81,3373.14,No
4679-KYGCK,Female,0,Yes,Yes,1,Yes,Yes,No,No internet service,No internet service,No internet service,No internet service,No internet service,No internet service,Month-to-month,Yes,Electronic check,22.09,21.98,No
1752-UXVUK,Male,1,Yes,No,16,Yes,Yes,No,No internet service,No internet service,No internet service,No internet service,No internet service,No internet service,Month-to-month,No,Electronic check,26.17,419.9,No
7284-KWFDZ,Female,0,No,No,41,Yes,Yes,DSL,No,Yes,No,Yes,No,Yes,Two year,No,Electronic check,68.58,2722.62,No
4244-IRITL,Female,0,No,Yes,23,Yes,Yes,No,No internet service,No internet service,No internet service,No internet service,No internet service,No internet service,One year,No,Bank transfer (automatic),20.45,467.31,Yes
8055-CSIKY,Male,1,Yes,No,50,Yes,Yes,Fiber optic,No,Yes,No,No,Yes,Yes,Two year,Yes,Credit card (automatic),74.74,3895.14,No
5339-BLGMF,Female,1,No,Yes,10,Yes,Yes,Fiber optic,No,Yes,No,Yes,No,Yes,Month-to-month,Yes,Bank transfer (automatic),82.89,857.37,Yes
6786-GMYQS,Male,0,No,No,57,Yes,No,Fiber optic,Yes,Yes,Yes,Yes,No,No,Two year,Yes,Bank transfer (automatic),74.02,4094.93,No
7950-XXWIQ,Female,0,No,No,48,Yes,No,Fiber optic,No,Yes,No,No,No,No,Two year,Yes,Mailed check,82.57,3874.33,No
8362-ODNFR,Male,0,No,Yes,39,Yes,No,DSL,Yes,No,No,No,No,Yes,Two year,Yes,Mailed check,60.44,2260.31,No
8735-SOPOL,Female,0,Yes,No,64,Yes,Yes,DSL,Yes,No,No,Yes,Yes,No,Two year,Yes,Mailed check,49.68,3045.65,No
3042-RJEUO,Female,0,Yes,No,47,Yes,No,Fiber optic,Yes,Yes,Yes,Yes,No,No,One year,No,Credit card (automatic),79.13,3623.1,No
5682-NCNON,Female,0,Yes,Yes,12,Yes,No,No,No internet service,No internet service,No internet service,No internet service,No internet service,No internet service,One year,No,Credit card (automatic),31.07,360.96,No
1062-TPTNI,Female,0,Yes,No,72,Yes,Yes,DSL,Yes,No,Yes,No,No,Yes,Month-to-month,Yes,Bank transfer (automatic),68.65,5064.71,No
8497-JLAEC,Male,0,Yes,No,3,Yes,No,Fiber optic,Yes,No,Yes,Yes,No,No,Month-to-month,Yes,Electronic check,90.69,281.6,Yes
4811-GITRU,Female,1,No,Yes,51,Yes,No,DSL,No,No,No,No,Yes,Yes,Two year,Yes,Mailed check,66.91,3491.1,No
8341-GQWHJ,Female,0,Yes,No,14,Yes,Yes,Fiber optic,No,No,Yes,Yes,Yes,No,Month-to-month,No,Mailed check,84.61,1177.8,Yes
5782-UDMGS,Male,0,Yes,No,56,Yes,No,DSL,Yes,No,No,Yes,Yes,No,One year,Yes,Electronic check,50.45,2852.79,No
3177-JJBRG,Male,0,No,No,35,Yes,Yes,DSL,No,No,No,Yes,Yes,No,One year,No,Mailed check,64.78,2374.6,No
5416-SUXDQ,Male,0,No,No,45,Yes,Yes,No,No internet service,No internet service,No internet service,No internet service,No internet service,No internet service,One year,Yes,Bank transfer (automatic),23.84,1066.43,No
3954-TKAWT,Male,0,No,No,26,No,No phone service,Fiber optic,Yes,Yes,No,No,Yes,No,Month-to-month,Yes,Credit card (automatic),64.02,1621.72,Yes
3973-VKKHM,Male,0,No,No,72,No,No phone service,Fiber optic,Yes,No,Yes,No,No,No,Two year,Yes,Bank transfer (automatic),80.13,5496.41,No
9949-BPEDB,Female,0,No,No,5,Yes,No,Fiber optic,No,No,Yes,No,No,No,Month-to-month,No,Electronic check,82.28,405.84,Yes
3458-TTUDC,Female,0,Yes,No,45,Yes,No,DSL,No,No,No,Yes,No,Yes,Two year,Yes,Mailed check,60.54,2608.14,No
9837-XSVUO,Male,0,Yes,No,1,Yes,Yes,Fiber optic,No,No,Yes,Yes,Yes,No,Month-to-month,No,Credit card (automatic),78.2,76.46,Yes
5280-ZRWFF,Male,0,Yes,Yes,35,Yes,Yes,No,No internet service,No internet service,No internet service,No internet service,No internet service,No internet service,Two year,No,Credit card (automatic),20.05,732.45,No
6667-YQLAE,Male,0,No,No,42,Yes,Yes,Fiber optic,No,Yes,No,No,No,No,One year,Yes,Mailed check,84.1,3604.61,No
3077-FSRJZ,Male,0,No,Yes,71,Yes,No,Fiber optic,Yes,Yes,Yes,No,Yes,Yes,Two year,Yes,Bank transfer (automatic),81.44,5713.46,No
4542-LNOEH,Male,0,No,No,32,Yes,No,DSL,No,Yes,No,No,Yes,Yes,Month-to-month,Yes,Credit card (automatic),58.42,1811.23,No
7192-VLCWP,Male,0,No,Yes,43,Yes,No,DSL,Yes,No,Yes,Yes,Yes,Yes,Two year,No,Bank transfer (automatic),54.17,2297.58,No
4925-PVAJY,Female,0,Yes,No,7,Yes,No,No,No internet service,No internet service,No internet service,No internet service,No internet service,No internet service,Month-to-month,No,Mailed check,18.25,133.93,No
3706-ZHMBS,Female,0,Yes,No,1,Yes,Yes,Fiber optic,No,Yes,Yes,Yes,Yes,No,Month-to-month,Yes,Mailed check,78.71,82.43,Yes
3154-WDDMC,Female,0,Yes,No,40,Yes,No,DSL,No,No,No,Yes,No,Yes,Month-to-month,Yes,Credit card (automatic),64.66,2567.38,No
3962-RNOCR,Female,0,No,No,19,No,No phone service,No,No internet service,No internet service,No internet service,No internet service,No internet service,No internet service,One year,Yes,Bank transfer (automatic),24.07,470.1,No
1820-OUSJE,Male,0,Yes,Yes,52,No,No phone service,DSL,Yes,Yes,No,No,Yes,No,Two year,No,Credit card (automatic),44.55,2232.94,No
8474-FMGAK,Female,0,Yes,Yes,63,Yes,Yes,Fiber optic,Yes,Yes,Yes,No,No,No,One year,No,Credit card (automatic),83.01,5269.13,No
5952-TSVVK,Female,0,Yes,No,16,No,No phone service,Fiber optic,No,No,Yes,No,No,No,Month-to-month,No,Credit card (automatic),74.38,1156.47,No
4070-PMHAM,Male,0,No,No,47,Yes,Yes,No,No internet service,No internet service,No internet service,No internet service,No internet service,No internet service,Month-to-month,Yes,Bank transfer (automatic),37.07,1662.26,No
5223-YVHCU,Male,0,No,No,17,Yes,No,No,No internet service,No internet service,No internet service,No internet service,No internet service,No internet service,Month-to-month,No,Bank transfer (automatic),20.47,352.15,Yes
5384-BTIER,Female,1,Yes,No,7,Yes,Yes,DSL,No,No,Yes,No,Yes,No,Month-to-month,No,Bank transfer (automatic),54.42,377.72,Yes
8066-UHPMW,Female,0,Yes,No,66,Yes,No,DSL,No,No,Yes,Yes,Yes,No,Two year,Yes,Credit card (automatic),54.91,3732.06,No
2707-VJQNJ,Female,1,Yes,No,39,Yes,No,No,No internet service,No internet service,No internet service,No internet service,No internet service,No internet service,Month-to-month,No,Credit card (automatic),32.71,1264.85,No
3082-JPPQR,Female,1,Yes,No,23,Yes,Yes,No,No internet service,No internet service,No internet service,No internet service,No internet service,No internet service,One year,Yes,Mailed check,18.25,398.86,No
1460-KIKJE,Female,0,Yes,Yes,6,Yes,Yes,DSL,Yes,No,Yes,No,No,Yes,Month-to-month,Yes,Credit card (automatic),53.43,314.28,No
9682-APLSV,Male,0,Yes,No,10,Yes,Yes,Fiber optic,Yes,Yes,Yes,Yes,Yes,No,Month-to-month,Yes,Electronic check,83.42,862.09,No
6839-THZCR,Male,0,Yes,No,9,Yes,No,Fiber optic,No,Yes,No,Yes,Yes,Yes,Month-to-month,Yes,Credit card (automatic),85.87,781.47,Yes
2319-GVRQV,Female,0,No,No,26,Yes,No,Fiber optic,Yes,Yes,Yes,No,Yes,Yes,Month-to-month,No,Mailed check,86.32,2210.26,No
3505-QFMKQ,Male,1,Yes,No,19,Yes,No,No,No internet service,No internet service,No internet service,No internet service,No internet service,No internet service,One year,Yes,Mailed check,18.25,338.6,No
1584-AAGOE,Male,1,Yes,No,33,Yes,Yes,Fiber optic,No,Yes,Yes,Yes,No,Yes,One year,Yes,Mailed check,78.47,2624.02,No
9920-KHXEE,Male,0,Yes,No,51,Yes,No,No,No internet service,No internet service,No internet service,No internet service,No internet service,No internet service,Two year,Yes,Bank transfer (automatic),27.85,1381.96,No
4426-BRUJW,Male,0,No,No,14,Yes,Yes,DSL,Yes,No,No,Yes,Yes,Yes,Month-to-month,Yes,Electronic check,55.0,788.96,No
1065-NSJYL,Female,0,No,Yes,9,Yes,Yes,Fiber optic,No,Yes,No,No,No,No,Month-to-month,No,Mailed check,75.77,650.35,No
9261-RGVAE,Male,0,Yes,No,49,Yes,Yes,Fiber optic,Yes,Yes,No,No,Yes,Yes,Month-to-month,Yes,Mailed check,87.18,4443.0,No
8017-XKRST,Male,1,No,No,55,Yes,No,DSL,No,No,No,Yes,No,Yes,Two year,Yes,Electronic check,67.02,3503.22,No
9150-CFXON,Male,0,Yes,Yes,0,Yes,Yes,Fiber optic,Yes,Yes,No,Yes,No,No,One year,Yes,Credit card (automatic),79.73, ,No
4625-JGKBH,Male,0,No,No,60,No,No phone service,DSL,Yes,No,Yes,No,Yes,No,Two year,Yes,Credit card (automatic),53.18,3259.5,No
9941-ETATG,Female,0,No,No,34,Yes,Yes,Fiber optic,Yes,Yes,Yes,No,No,No,Month-to-month,Yes,Mailed check,77.4,2681.9,No
7320-MUROT,Male,0,Yes,No,72,Yes,Yes,DSL,Yes,No,Yes,No,Yes,Yes,One year,Yes,Bank transfer (automatic),64.52,4573.98,No
9691-PEDOL,Female,0,No,No,55,Yes,Yes,Fiber optic,No,No,Yes,Yes,No,No,One year,Yes,Credit card (automatic),93.9,5189.69,No
6476-RETZI,Male,0,No,No,20,Yes,No,Fiber optic,No,Yes,Yes,No,No,No,Month-to-month,Yes,Electronic check,83.54,1669.82,No
9357-YKUYW,Female,0,Yes,No,8,No,No phone service,DSL,No,No,Yes,No,Yes,Yes,Month-to-month,Yes,Electronic check,54.16,449.0,Yes
4497-RPKQY,Male,0,Yes,No,4,Yes,Yes,Fiber optic,Yes,No,Yes,No,Yes,No,Month-to-month,No,Electronic check,82.39,314.51,Yes
1234-XJVCX,Female,0,No,Yes,29,Yes,Yes,Fiber optic,Yes,No,Yes,No,No,No,Month-to-month,Yes,Mailed check,83.71,2490.55,No
5031-XLTPF,Female,0,Yes,No,13,Yes,No,No,No internet service,No internet service,No internet service,No internet service,No internet service,No internet service,Month-to-month,Yes,Bank transfer (automatic),18.25,234.46,No
3243-OMQUU,Male,0,No,No,61,Yes,No,DSL,No,Yes,No,No,No,Yes,One year,Yes,Mailed check,49.9,3103.06,No
1527-MDNNZ,Male,0,No,Yes,6,No,No phone service,Fiber optic,No,No,No,No,Yes,No,Month-to-month,No,Credit card (automatic),86.24,537.86,Yes
4494-LNDBS,Male,0,No,No,39,Yes,Yes,No,No internet service,No internet service,No internet service,No internet service,No internet service,No internet service,One year,Yes,Credit card (automatic),35.88,1464.69,No
3705-JZGXQ,Female,1,Yes,Yes,29,Yes,Yes,Fiber optic,No,Yes,No,Yes,Yes,Yes,Month-to-month,No,Bank transfer (automatic),80.55,2279.09,Yes
3385-YQILJ,Female,0,No,No,31,Yes,No,DSL,No,Yes,Yes,No,Yes,No,Month-to-month,Yes,Mailed check,55.18,1627.4,No
8608-MARTK,Male,0,Yes,No,69,Yes,Yes,Fiber optic,Yes,No,Yes,Yes,No,Yes,One year,Yes,Credit card (automatic),89.94,5912.22,No
9295-LGSDZ,Male,0,No,No,47,No,No phone service,Fiber optic,No,Yes,No,Yes,Yes,No,Month-to-month,No,Mailed check,83.59,3965.14,Yes
7149-ICPPU,Male,0,Yes,Yes,41,Yes,No,DSL,Yes,No,Yes,No,No,No,Month-to-month,Yes,Mailed check,65.53,2670.83,No
3551-FKVXJ,Female,0,No,No,44,Yes,No,DSL,Yes,Yes,No,Yes,No,No,One year,No,Credit card (automatic),52.57,2378.01,No
1428-COASA,Female,0,Yes,No,4,Yes,No,Fiber optic,No,Yes,No,Yes,No,Yes,Month-to-month,No,Mailed check,73.5,304.76,Yes
4812-UMRIU,Male,0,Yes,No,25,Yes,Yes,Fiber optic,No,Yes,Yes,No,No,No,Month-to-month,Yes,Bank transfer (automatic),74.09,1792.15,No
4839-TYJGY,Female,0,Yes,Yes,25,Yes,Yes,DSL,Yes,Yes,Yes,Yes,Yes,No,Month-to-month,No,Credit card (automatic),56.97,1367.05,Yes
7127-WJJDU,Male,0,No,No,8,Yes,No,No,No internet service,No internet service,No internet service,No internet service,No internet service,No internet service,Month-to-month,Yes,Electronic check,21.8,179.65,No
8596-VHMMD,Male,0,No,No,47,Yes,Yes,Fiber optic,Yes,No,Yes,Yes,Yes,Yes,One year,Yes,Mailed check,85.17,4131.27,No
1001-INZWS,Male,0,No,No,22,Yes,Yes,Fiber optic,No,No,No,Yes,No,Yes,Month-to-month,No,Mailed check,89.82,1944.99,No
9663-UNXXF,Female,0,Yes,No,48,Yes,No,DSL,Yes,No,Yes,No,Yes,Yes,Month-to-month,Yes,Mailed check,52.66,2461.93,No
3543-ZANJT,Male,0,Yes,No,36,Yes,No,No,No internet service,No internet service,No internet service,No internet service,No internet service,No internet service,One year,Yes,Electronic check,29.94,1026.71,No
9623-IFISJ,Female,0,Yes,Yes,44,Yes,Yes,DSL,No,Yes,No,No,Yes,Yes,Two year,Yes,Credit card (automatic),66.73,2945.27,No
6780-JTBII,Male,0,No,No,3,No,No phone service,Fiber optic,Yes,Yes,No,Yes,No,Yes,Month-to-month,Yes,Electronic check,94.05,285.86,Yes
6380-QSXUB,Male,0,Yes,No,43,Yes,Yes,Fiber optic,Yes,No,Yes,No,No,No,One year,Yes,Electronic check,84.03,3647.05,No
7098-AKPIS,Male,0,Yes,No,13,Yes,No,DSL,Yes,Yes,No,No,No,Yes,Month-to-month,No,Electronic check,59.97,775.85,Yes
8163-PNZQF,Male,0,Yes,No,43,No,No phone service,DSL,No,Yes,No,No,No,No,Month-to-month,Yes,Credit card (automatic),53.58,2210.23,No
6907-MAXUQ,Male,0,Yes,No,72,Yes,No,No,No internet service,No internet service,No internet service,No internet service,No internet service,No internet service,Two year,Yes,Electronic check,25.93,1873.14,No
7056-PIYOI,Female,0,Yes,No,4,Yes,Yes,Fiber optic,No,No,No,Yes,Yes,No,Month-to-month,No,Mailed check,96.21,379.54,Yes
7162-EIDCV,Female,0,Yes,No,8,Yes,No,Fiber optic,Yes,No,No,No,No,No,Month-to-month,Yes,Electronic check,87.86,717.56,Yes
4933-WQGFL,Female,0,Yes,No,23,Yes,Yes,No,No internet service,No internet service,No internet service,No internet service,No internet service,No internet service,Month-to-month,Yes,Bank transfer (automatic),26.18,631.4,No
1852-PLDNW,Male,0,No,No,14,Yes,No,No,No internet service,No internet service,No internet service,No internet service,No internet service,No internet service,Month-to-month,No,Bank transfer (automatic),18.25,258.11,No
9177-KBWOT,Male,0,Yes,Yes,42,Yes,No,Fiber optic,Yes,Yes,Yes,Yes,Yes,Yes,Two year,Yes,Credit card (automatic),85.37,3586.73,No
1406-HHSRT,Male,0,Yes,No,54,Yes,Yes,No,No internet service,No internet service,No internet service,No internet service,No internet service,No internet service,Two year,Yes,Mailed check,18.7,990.09,No
4573-IEGEV,Male,0,No,Yes,22,No,No phone service,DSL,No,No,No,No,Yes,No,Month-to-month,No,Electronic check,63.12,1340.61,Yes
7097-RXTII,Male,0,No,No,33,Yes,Yes,No,No internet service,No internet service,No internet service,No internet service,No internet service,No internet service,Two year,Yes,Credit card (automatic),23.31,744.44,No
2145-SWSMI,Female,0,Yes,No,9,Yes,No,No,No internet service,No internet service,No internet service,No internet service,No internet service,No internet service,Month-to-month,No,Mailed check,18.25,158.06,Yes
4943-HELGT,Male,0,No,No,11,Yes,No,Fiber optic,Yes,Yes,No,Yes,No,Yes,Month-to-month,No,Mailed check,74.78,834.12,No
9157-FAWHG,Female,1,Yes,Yes,15,Yes,Yes,Fiber optic,Yes,No,No,No,Yes,Yes,Month-to-month,Yes,Credit card (automatic),78.85,1228.63,Yes
8697-VPEST,Male,0,No,No,58,Yes,No,Fiber optic,No,No,No,Yes,Yes,No,Two year,Yes,Electronic check,82.49,4661.51,No
4989-ONRNZ,Male,0,No,Yes,46,Yes,No,DSL,Yes,No,No,No,No,Yes,One year,Yes,Credit card (automatic),58.24,2630.08,No
1316-BDDMC,Male,0,No,No,64,Yes,Yes,Fiber optic,Yes,Yes,No,No,Yes,No,Two year,No,Electronic check,80.35,5299.91,No
2720-NXUFB,Male,0,Yes,No,59,Yes,Yes,DSL,No,No,No,Yes,No,No,Two year,Yes,Credit card (automatic),70.22,4297.15,No
7650-UYLBY,Male,0,No,No,14,No,No phone service,DSL,Yes,No,No,Yes,No,Yes,Month-to-month,Yes,Credit card (automatic),51.76,725.64,Yes
3586-JKZJO,Male,0,Yes,No,72,Yes,Yes,Fiber optic,No,Yes,Yes,No,No,No,Two year,Yes,Credit card (automatic),78.88,5669.05,No
5537-ZYQCJ,Female,0,Yes,Yes,8,Yes,Yes,DSL,Yes,Yes,No,No,Yes,Yes,Month-to-month,Yes,Mailed check,60.13,463.12,No
6993-UTMRI,Male,1,No,No,35,Yes,No,Fiber optic,No,No,Yes,Yes,Yes,No,Two year,Yes,Bank transfer (automatic),80.46,2905.91,No
6722-MRWVT,Male,0,No,No,1,Yes,Yes,Fiber optic,Yes,Yes,Yes,No,Yes,No,Month-to-month,No,Mailed check,84.04,82.09,Yes
7910-EEVOL,Male,0,No,No,50,No,No phone service,Fiber optic,No,Yes,No,Yes,Yes,No,Month-to-month,No,Mailed check,71.95,3621.33,No
6984-CEDOB,Male,0,Yes,No,70,Yes,No,Fiber optic,No,No,No,No,No,Yes,Two year,Yes,Bank transfer (automatic),83.84,6015.65,No
1401-RTGRC,Female,0,Yes,No,68,Yes,No,Fiber optic,No,Yes,Yes,No,No,No,Month-to-month,Yes,Credit card (automatic),71.8,5025.21,No
4684-JJWCQ,Female,0,Yes,Yes,35,Yes,No,Fiber optic,Yes,Yes,Yes,No,No,Yes,Two year,No,Mailed check,77.39,2703.99,No
3463-MFTBB,Female,0,No,No,34,Yes,Yes,Fiber optic,Yes,Yes,Yes,No,No,No,Month-to-month,Yes,Credit card (automatic),80.23,2649.93,Yes
3958-WAEMA,Male,1,Yes,No,37,Yes,Yes,Fiber optic,Yes,No,Yes,No,Yes,Yes,One year,Yes,Electronic check,79.89,2881.6,Yes
5808-JQBEE,Female,0,No,No,22,No,No phone service,Fiber optic,No,Yes,Yes,No,No,No,One year,No,Electronic check,77.97,1663.6,Yes
7636-TDKSA,Male,0,No,No,22,Yes,Yes,DSL,Yes,Yes,No,Yes,No,No,Month-to-month,No,Electronic check,53.92,1188.31,No
1905-QOSMX,Male,0,Yes,No,72,Yes,Yes,Fiber optic,No,No,No,No,No,Yes,Two year,Yes,Credit card (automatic),82.74,5954.21,No
2129-EQWAS,Male,0,Yes,No,25,Yes,No,No,No internet service,No internet service,No internet service,No internet service,No internet service,No internet service,Month-to-month,Yes,Electronic check,27.14,696.4,No
9752-OVGUL,Male,1,No,No,67,Yes,Yes,No,No internet service,No internet service,No internet service,No internet service,No internet service,No internet service,Two year,No,Bank transfer (automatic),23.13,1530.66,No
3686-FWSUS,Female,0,Yes,No,33,Yes,No,No,No internet service,No internet service,No internet service,No internet service,No internet service,No internet service,Two year,Yes,Mailed check,25.5,849.2,No
3300-EQGQX,Male,1,Yes,No,17,Yes,Yes,Fiber optic,Yes,Yes,No,No,No,No,One year,Yes,Electronic check,80.35,1342.76,Yes
7739-MXOMY,Female,1,No,No,54,Yes,Yes,Fiber optic,Yes,No,Yes,No,Yes,Yes,Two year,No,Mailed check,82.14,4387.0,No
4015-FDQNU,Male,0,Yes,No,72,No,No phone service,Fiber optic,No,Yes,Yes,No,No,No,One year,Yes,Credit card (automatic),75.66,5491.68,No
2319-IDIYX,Male,0,No,Yes,72,Yes,Yes,Fiber optic,No,Yes,No,No,Yes,Yes,Two year,No,Mailed check,99.07,7288.25,No
5464-CZECK,Female,1,Yes,No,31,No,No phone service,DSL,Yes,Yes,Yes,Yes,No,No,Two year,Yes,Credit card (automatic),54.89,1723.88,No
9469-UJLBH,Female,0,Yes,Yes,65,Yes,Yes,Fiber optic,Yes,Yes,Yes,Yes,No,No,One year,Yes,Electronic check,76.49,5033.68,No
7030-KZLWS,Female,0,No,No,55,Yes,Yes,Fiber optic,No,No,Yes,No,Yes,Yes,Two year,Yes,Credit card (automatic),81.2,4639.86,No
5568-WWIHS,Female,0,Yes,No,36,Yes,No,DSL,Yes,Yes,No,Yes,No,Yes,Month-to-month,Yes,Electronic check,52.11,1791.52,No
1244-SLTDO,Male,0,No,Yes,5,Yes,Yes,DSL,No,Yes,No,Yes,Yes,No,Month-to-month,No,Mailed check,46.17,219.69,No
5824-ANRKP,Female,0,No,No,69,Yes,Yes,DSL,Yes,Yes,Yes,Yes,Yes,No,Two year,Yes,Mailed check,60.36,4244.72,No
3936-PGHBC,Female,0,No,No,26,Yes,No,Fiber optic,No,Yes,Yes,Yes,Yes,Yes,One year,No,Mailed check,89.06,2250.61,Yes
2210-ESFJE,Male,1,Yes,Yes,24,Yes,Yes,No,No internet service,No internet service,No internet service,No internet service,No internet service,No internet service,Month-to-month,Yes,Bank transfer (automatic),27.92,690.19,No
4814-GIBNH,Male,0,Yes,Yes,72,Yes,No,DSL,Yes,No,No,No,Yes,No,Month-to-month,Yes,Credit card (automatic),60.6,4444.41,No
6860-ZMNVI,Female,0,Yes,No,8,Yes,No,No,No internet service,No internet service,No internet service,No internet service,No internet service,No internet service,One year,No,Electronic check,30.21,241.45,No
2269-SQMKA,Female,0,No,No,7,Yes,No,DSL,Yes,No,Yes,No,Yes,No,Month-to-month,Yes,Mailed check,57.17,396.81,No
6013-ONHDO,Male,1,No,Yes,52,Yes,No,DSL,No,No,No,Yes,Yes,No,Month-to-month,No,Mailed check,45.07,2277.83,No
6579-EDMBF,Female,0,No,No,72,Yes,No,No,No internet service,No internet service,No internet service,No internet service,No internet service,No internet service,Month-to-month,No,Credit card (automatic),27.89,1984.39,No
6726-HLREF,Male,0,No,No,14,Yes,Yes,No,No internet service,No internet service,No internet service,No internet service,No internet service,No internet service,Month-to-month,Yes,Bank transfer (automatic),22.84,310.42,No
3676-KOBMR,Female,0,Yes,No,50,Yes,No,DSL,No,Yes,Yes,No,No,No,Two year,Yes,Credit card (automatic),62.88,3100.66,No
8661-OQVSN,Female,0,No,No,15,Yes,Yes,DSL,Yes,No,No,No,Yes,No,Month-to-month,No,Electronic check,62.82,920.93,No
6095-ZTGLT,Male,0,Yes,Yes,56,Yes,Yes,DSL,No,Yes,No,No,No,No,Two year,Yes,Electronic check,60.04,3520.71,No
5698-LPJRT,Female,1,Yes,No,33,Yes,No,DSL,Yes,Yes,No,Yes,No,No,Month-to-month,Yes,Credit card (automatic),60.88,2035.0,No
9081-YSTUI,Male,0,No,No,72,Yes,Yes,Fiber optic,No,No,Yes,Yes,No,Yes,Two year,Yes,Mailed check,86.2,6317.34,Yes
9238-NWFIQ,Male,0,No,No,35,Yes,No,Fiber optic,No,Yes,No,Yes,No,No,One year,No,Credit card (automatic),80.88,2711.07,No
6206-KFFSA,Female,1,No,Yes,21,Yes,Yes,DSL,Yes,Yes,No,Yes,Yes,No,Month-to-month,No,Credit card (automatic),64.34,1366.62,Yes
2074-YZCDI,Male,0,Yes,No,6,Yes,Yes,DSL,No,Yes,Yes,Yes,Yes,No,Month-to-month,Yes,Bank transfer (automatic),73.6,446.66,No
6272-EZMNF,Male,0,Yes,No,63,Yes,No,Fiber optic,No,No,No,Yes,No,Yes,Two year,Yes,Bank transfer (automatic),84.19,5228.28,No
3769-TQFLE,Female,0,Yes,Yes,56,Yes,No,No,No internet service,No internet service,No internet service,No internet service,No internet service,No internet service,One year,Yes,Credit card (automatic),27.17,1547.66,No
4667-FZHMQ,Male,0,Yes,Yes,1,Yes,No,Fiber optic,Yes,No,No,Yes,Yes,No,Month-to-month,Yes,Electronic check,90.84,86.65,No
1369-FZSGL,Female,0,No,No,50,Yes,No,Fiber optic,Yes,Yes,Yes,No,No,No,Two year,No,Electronic check,89.73,4634.2,No
8715-FHGRN,Male,1,No,No,6,Yes,No,DSL,Yes,No,Yes,Yes,Yes,No,Month-to-month,Yes,Electronic check,59.27,349.42,No
5505-JINUV,Female,0,Yes,No,14,Yes,Yes,No,No internet service,No internet service,No internet service,No internet service,No internet service,No internet service,Month-to-month,Yes,Electronic check,18.25,251.97,No
8059-BMKYK,Male,0,No,Yes,11,Yes,No,DSL,No,No,Yes,Yes,Yes,No,Month-to-month,Yes,Credit card (automatic),54.36,607.37,Yes
3221-GFLGO,Male,0,Yes,No,54,Yes,No,Fiber optic,No,Yes,Yes,Yes,No,No,Two year,Yes,Bank transfer (automatic),84.27,4478.72,No
3077-PQRWB,Male,1,Yes,No,23,Yes,Yes,Fiber optic,No,No,Yes,No,No,No,Month-to-month,Yes,Bank transfer (automatic),80.52,1848.74,Yes
1476-LNTFL,Male,0,No,No,72,Yes,Yes,No,No internet service,No internet service,No internet service,No internet service,No internet service,No internet service,Two year,Yes,Credit card (automatic),20.17,1520.95,No
6501-ROPEM,Male,0,No,Yes,19,Yes,No,Fiber optic,Yes,Yes,Yes,Yes,Yes,No,Month-to-month,Yes,Bank transfer (automatic),85.04,1591.38,Yes
5873-CZQSN,Female,0,No,Yes,35,Yes,Yes,Fiber optic,No,No,No,No,Yes,No,Month-to-month,No,Bank transfer (automatic),78.93,2741.94,Yes
9375-AYFWB,Female,1,No,No,16,Yes,Yes,DSL,Yes,Yes,No,No,No,Yes,Month-to-month,Yes,Credit card (automatic),67.88,1046.79,Yes
3815-ORAJV,Male,0,Yes,No,72,Yes,Yes,DSL,No,Yes,Yes,No,No,No,Two year,Yes,Credit card (automatic),55.58,4182.34,No
2647-YSZXF,Male,0,Yes,No,4,Yes,Yes,Fiber optic,Yes,No,Yes,Yes,Yes,No,Month-to-month,Yes,Mailed check,83.08,338.82,No
9469-MGXMR,Female,0,No,No,68,No,No phone service,Fiber optic,No,No,Yes,No,Yes,No,Two year,No,Mailed check,75.85,5128.06,No
6489-HZVNO,Male,0,Yes,No,7,Yes,Yes,Fiber optic,No,Yes,Yes,No,Yes,No,Month-to-month,No,Credit card (automatic),80.62,567.39,Yes
1626-SXZOZ,Female,1,No,No,53,Yes,No,Fiber optic,No,No,No,No,No,Yes,Two year,Yes,Credit card (automatic),84.71,4591.23,No
8184-NUERQ,Female,0,Yes,No,17,Yes,No,No,No internet service,No internet service,No internet service,No internet service,No internet service,No internet service,Month-to-month,No,Bank transfer (automatic),18.25,306.13,No
5438-QWOJK,Female,0,No,No,12,Yes,Yes,DSL,No,No,Yes,No,Yes,Yes,Month-to-month,Yes,Electronic check,59.94,749.48,No
6114-PINHY,Female,0,No,Yes,36,No,No phone service,DSL,No,Yes,Yes,Yes,No,Yes,Month-to-month,Yes,Credit card (automatic),59.79,2065.78,No
5810-VJKHO,Female,0,No,No,63,Yes,No,DSL,Yes,Yes,Yes,No,Yes,Yes,Month-to-month,No,Mailed check,65.18,4230.03,No
6545-OVNVB,Female,0,No,Yes,24,Yes,Yes,DSL,No,Yes,Yes,No,No,Yes,Two year,Yes,Mailed check,62.76,1473.46,No
4239-SJTPM,Male,0,Yes,No,40,Yes,Yes,DSL,No,Yes,Yes,No,No,No,Month-to-month,Yes,Credit card (automatic),63.16,2402.32,No
6020-XRZCV,Female,0,No,No,63,Yes,Yes,DSL,Yes,No,No,No,Yes,No,Two year,Yes,Electronic check,63.08,4088.41,No
9020-YOMPX,Female,0,Yes,Yes,47,Yes,No,DSL,No,No,Yes,Yes,Yes,No,One year,No,Electronic check,68.04,3066.52,No
8799-YZQGD,Male,0,No,Yes,16,Yes,No,Fiber optic,Yes,No,Yes,No,No,Yes,One year,No,Credit card (automatic),84.51,1338.73,No
9078-DBMTT,Female,1,Yes,No,26,Yes,No,Fiber optic,Yes,Yes,Yes,No,No,No,Month-to-month,Yes,Bank transfer (automatic),82.04,2220.43,Yes
3287-NXUXU,Male,0,Yes,No,66,Yes,No,No,No internet service,No internet service,No internet service,No internet service,No internet service,No internet service,Two year,No,Bank transfer (automatic),20.51,1389.96,No
1820-FEDWS,Female,0,Yes,No,29,Yes,Yes,Fiber optic,No,Yes,No,Yes,No,No,Two year,Yes,Electronic check,81.47,2358.23,No
9222-IZYCW,Male,0,Yes,Yes,59,Yes,No,No,No internet service,No internet service,No internet service,No internet service,No internet service,No internet service,Two year,No,Credit card (automatic),28.6,1663.37,No
1996-LEPAW,Male,0,No,No,12,Yes,Yes,Fiber optic,Yes,No,Yes,No,Yes,No,Month-to-month,No,Bank transfer (automatic),87.72,1025.38,Yes
5286-WLOTZ,Male,0,Yes,No,16,Yes,No,Fiber optic,No,No,No,Yes,No,No,Month-to-month,Yes,Electronic check,80.13,1223.68,Yes
4367-NIBWO,Male,0,No,No,47,Yes,No,No,No internet service,No internet service,No internet service,No internet service,No internet service,No internet service,Two year,No,Mailed check,22.08,1026.21,No
4351-UVZLC,Male,0,No,No,41,Yes,No,Fiber optic,Yes,Yes,No,Yes,Yes,Yes,One year,Yes,Mailed check,86.11,3526.27,No
5367-LFPKW,Female,0,No,No,16,Yes,No,DSL,No,Yes,Yes,Yes,Yes,No,Month-to-month,Yes,Bank transfer (automatic),67.27,1046.71,No
1429-SPGJW,Male,1,No,No,40,Yes,Yes,DSL,No,Yes,No,Yes,No,Yes,Month-to-month,Yes,Electronic check,73.38,2879.0,No
4276-RNXRV,Female,1,No,No,16,Yes,Yes,No,No internet service,No internet service,No internet service,No internet service,No internet service,No internet service,Month-to-month,Yes,Electronic check,28.3,457.57,No
9131-DVYAL,Male,0,Yes,No,40,No,No phone service,Fiber optic,Yes,Yes,Yes,Yes,No,Yes,One year,Yes,Credit card (automatic),74.76,2975.43,No
3293-ZJECU,Male,0,Yes,No,25,Yes,Yes,Fiber optic,No,No,No,Yes,Yes,Yes,Month-to-month,No,Mailed check,77.37,2024.02,Yes
1529-HOBEZ,Male,0,No,No,2,Yes,No,Fiber optic,No,Yes,No,No,No,Yes,Month-to-month,Yes,Electronic check,92.88,178.26,Yes
5120-HWCGW,Male,0,Yes,Yes,14,Yes,Yes,Fiber optic,Yes,No,Yes,No,Yes,No,Month-to-month,No,Mailed check,85.21,1196.7,Yes
7775-LZOTZ,Male,0,Yes,No,5,Yes,No,Fiber optic,No,No,Yes,Yes,Yes,No,Month-to-month,Yes,Electronic check,81.2,404.89,No
5538-MRBLR,Male,0,Yes,No,20,Yes,Yes,DSL,Yes,Yes,Yes,Yes,No,Yes,Month-to-month,No,Credit card (automatic),56.78,1168.53,Yes
4410-SKFDO,Male,1,No,No,10,Yes,No,Fiber optic,Yes,Yes,Yes,Yes,No,No,Month-to-month,Yes,Mailed check,92.1,959.62,Yes
2741-JNBKI,Male,0,No,No,40,Yes,No,DSL,No,No,Yes,Yes,No,Yes,One year,No,Mailed check,58.35,2295.78,No
3825-XYHWF,Male,0,No,No,63,Yes,Yes,DSL,No,Yes,Yes,Yes,Yes,No,Two year,No,Electronic check,67.37,4375.38,No
4121-YCJUY,Male,0,Yes,No,29,Yes,Yes,Fiber optic,No,No,No,No,Yes,No,Month-to-month,Yes,Credit card (automatic),87.69,2639.05,No
9535-WZMIK,Male,0,No,Yes,47,Yes,Yes,No,No internet service,No internet service,No internet service,No internet service,No internet service,No internet service,Two year,No,Mailed check,23.34,1102.86,No
2085-DZEQG,Female,0,No,No,57,Yes,No,DSL,No,No,No,Yes,No,Yes,One year,Yes,Credit card (automatic),70.52,4130.02,No
6975-MCJSU,Female,0,No,No,51,Yes,Yes,DSL,Yes,No,Yes,No,No,Yes,Two year,Yes,Electronic check,60.0,2937.14,No
3605-HSLBD,Female,0,No,No,3,Yes,No,Fiber optic,No,No,No,No,No,No,Month-to-month,Yes,Credit card (automatic),80.33,250.01,No
4362-HDULS,Female,0,No,No,39,Yes,No,DSL,No,Yes,No,Yes,No,No,One year,Yes,Mailed check,68.58,2797.91,No
1017-KMPZL,Male,0,No,Yes,11,Yes,No,DSL,No,No,No,Yes,No,Yes,Month-to-month,No,Bank transfer (automatic),64.96,738.22,Yes
5403-XKKES,Male,0,No,No,55,Yes,Yes,DSL,No,No,No,Yes,No,No,Two year,No,Bank transfer (automatic),57.49,3040.9,No
1175-FKLBN,Female,0,No,No,36,Yes,Yes,No,No internet service,No internet service,No internet service,No internet service,No internet service,No internet service,Month-to-month,Yes,Bank transfer (automatic),30.15,1031.4,No
9746-CMPIO,Female,0,No,No,41,Yes,Yes,Fiber optic,Yes,No,No,Yes,Yes,Yes,Month-to-month,Yes,Mailed check,89.73,3622.12,Yes
4066-EVZKC,Male,0,Yes,Yes,72,Yes,Yes,Fiber optic,Yes,No,Yes,Yes,Yes,Yes,Two year,No,Bank transfer (automatic),87.09,6131.18,No
2471-XWMWF,Male,0,No,Yes,4,Yes,No,No,No internet service,No internet service,No internet service,No internet service,No internet service,No internet service,Month-to-month,No,Electronic check,21.89,88.21,No
4602-COSZT,Female,0,No,No,56,Yes,No,DSL,No,No,No,No,No,No,Two year,Yes,Electronic check,61.96,3297.34,No
6983-RQKNE,Male,0,No,No,45,Yes,Yes,Fiber optic,Yes,Yes,Yes,No,Yes,No,Month-to-month,Yes,Electronic check,76.72,3463.63,No
1180-UMWDK,Female,0,Yes,No,8,Yes,No,Fiber optic,Yes,No,Yes,Yes,No,No,Month-to-month,Yes,Credit card (automatic),80.87,673.41,Yes
3316-VJQCN,Male,0,Yes,No,36,Yes,Yes,No,No internet service,No internet service,No internet service,No internet service,No internet service,No internet service,Month-to-month,Yes,Electronic check,23.11,833.33,No
4971-PPCBD,Male,0,No,No,25,Yes,No,No,No internet service,No internet service,No internet service,No internet service,No internet service,No internet service,One year,Yes,Bank transfer (automatic),29.98,715.29,No
2959-SGZCN,Male,0,No,No,60,Yes,Yes,Fiber optic,No,Yes,No,Yes,No,No,One year,Yes,Electronic check,88.67,5314.24,No
7441-BNBUM,Female,1,No,No,72,Yes,Yes,Fiber optic,No,No,No,Yes,No,No,Two year,Yes,Mailed check,74.91,5484.75,No
8781-RIEEA,Male,0,No,Yes,58,Yes,No,Fiber optic,No,No,No,Yes,Yes,No,One year,Yes,Electronic check,85.7,4875.92,No
3702-SJDCL,Male,0,Yes,No,40,Yes,Yes,DSL,No,Yes,No,No,Yes,Yes,One year,Yes,Bank transfer (automatic),59.74,2489.84,No
2888-TIDHL,Male,0,No,No,24,Yes,No,Fiber optic,No,No,No,Yes,No,Yes,One year,Yes,Credit card (automatic),85.3,2139.55,Yes
1338-CYJTX,Female,0,No,No,15,No,No phone service,DSL,No,Yes,No,Yes,No,No,Month-to-month,Yes,Mailed check,64.37,985.61,No
2021-RVAID,Male,0,Yes,No,48,Yes,Yes,DSL,No,Yes,No,No,No,Yes,One year,Yes,Electronic check,57.63,2780.38,No
1286-HEXGT,Female,0,No,Yes,28,Yes,Yes,DSL,Yes,Yes,Yes,Yes,No,Yes,Two year,No,Mailed check,58.43,1617.35,No
1463-QSDLY,Female,1,Yes,No,29,Yes,Yes,DSL,Yes,No,Yes,Yes,No,No,Two year,Yes,Bank transfer (automatic),64.34,1864.1,No
6526-VLGMK,Female,0,No,Yes,44,No,No phone service,DSL,No,No,Yes,No,No,Yes,Month-to-month,No,Electronic check,55.6,2415.55,No
9845-LQPJJ,Female,0,Yes,Yes,10,Yes,No,Fiber optic,Yes,Yes,Yes,No,Yes,No,Month-to-month,No,Mailed check,73.96,745.8,Yes
8600-FKRBR,Male,0,Yes,No,48,Yes,Yes,No,No internet service,No internet service,No internet service,No internet service,No internet service,No internet service,One year,Yes,Electronic check,35.53,1657.62,No
8493-LPMRB,Female,0,No,Yes,25,Yes,Yes,No,No internet service,No internet service,No internet service,No internet service,No internet service,No internet service,One year,No,Electronic check,26.7,641.98,No
6555-LAUDP,Male,0,No,No,11,Yes,No,DSL,No,Yes,Yes,No,No,Yes,Month-to-month,No,Credit card (automatic),65.95,760.06,Yes
8651-XQSPU,Male,0,Yes,No,50,Yes,No,DSL,Yes,Yes,Yes,No,Yes,Yes,Two year,Yes,Bank transfer (automatic),57.56,2810.13,No
9782-LKEZX,Male,0,Yes,Yes,14,Yes,No,DSL,No,No,No,Yes,Yes,No,Month-to-month,Yes,Electronic check,51.87,732.73,No
7355-RFXBQ,Male,0,No,No,8,Yes,Yes,No,No internet service,No internet service,No internet service,No internet service,No internet service,No internet service,Month-to-month,Yes,Electronic check,24.61,200.82,Yes
3281-LCDJK,Male,0,Yes,No,51,Yes,No,No,No internet service,No internet service,No internet service,No internet service,No internet service,No internet service,Two year,Yes,Bank transfer (automatic),26.57,1366.15,No
8933-PAYPV,Female,0,Yes,Yes,29,Yes,No,No,No internet service,No internet service,No internet service,No internet service,No internet service,No internet service,One year,Yes,Mailed check,32.3,956.63,No
9315-NELRA,Male,1,Yes,Yes,34,Yes,Yes,No,No internet service,No internet service,No internet service,No internet service,No internet service,No internet service,Two year,No,Bank transfer (automatic),22.49,746.1,No
9513-JRZWT,Female,0,No,No,31,Yes,Yes,No,No internet service,No internet service,No internet service,No internet service,No internet service,No internet service,Month-to-month,Yes,Electronic check,31.18,1004.2,Yes
3688-NNWBA,Male,0,Yes,Yes,0,Yes,No,Fiber optic,Yes,Yes,Yes,No,Yes,No,Month-to-month,Yes,Electronic check,75.22, ,Yes
2063-YOSCA,Female,1,No,No,50,Yes,Yes,Fiber optic,No,No,Yes,No,Yes,No,Two year,Yes,Bank transfer (automatic),81.06,4079.57,No
6851-SLCMQ,Female,1,Yes,No,29,No,No phone service,No,No internet service,No internet service,No internet service,No internet service,No internet service,No internet service,Month-to-month,Yes,Bank transfer (automatic),21.57,605.03,No
2921-HTFCQ,Female,1,No,No,3,Yes,No,No,No internet service,No internet service,No internet service,No internet service,No internet service,No internet service,Month-to-month,Yes,Mailed check,18.6,55.27,Yes
1208-LOBQV,Male,0,No,No,33,No,No phone service,Fiber optic,Yes,No,No,No,No,No,One year,No,Electronic check,87.6,2940.81,No
9760-GIQPP,Female,1,Yes,Yes,72,Yes,No,Fiber optic,Yes,Yes,Yes,No,Yes,No,Two year,Yes,Mailed check,81.84,5950.64,No
3831-BAZKL,Male,0,Yes,No,59,Yes,No,DSL,Yes,No,Yes,No,Yes,No,Two year,Yes,Bank transfer (automatic),55.8,3273.89,No
6634-FJLCP,Male,0,Yes,Yes,67,Yes,No,DSL,No,No,Yes,Yes,No,No,Two year,Yes,Electronic check,54.05,3489.41,No
2743-AQHSN,Female,0,Yes,No,8,Yes,No,Fiber optic,Yes,No,Yes,No,Yes,Yes,Month-to-month,No,Mailed check,75.92,589.17,No
1261-SBIRK,Female,1,Yes,No,53,Yes,No,No,No internet service,No internet service,No internet service,No internet service,No internet service,No internet service,Two year,Yes,Bank transfer (automatic),29.52,1633.57,No
4463-FLHYR,Male,1,No,Yes,4,Yes,No,Fiber optic,Yes,Yes,Yes,Yes,Yes,Yes,Month-to-month,Yes,Electronic check,78.43,322.93,No
9178-IYHIH,Male,0,No,No,48,No,No phone service,No,No internet service,No internet service,No internet service,No internet service,No internet service,No internet service,Month-to-month,Yes,Mailed check,22.29,1062.14,No
6305-PBOYK,Female,0,No,No,5,No,No phone service,Fiber optic,Yes,Yes,Yes,Yes,Yes,Yes,Month-to-month,No,Bank transfer (automatic),75.68,393.57,Yes
7295-QZQMA,Male,0,No,Yes,9,Yes,No,DSL,No,No,Yes,No,Yes,No,Month-to-month,Yes,Credit card (automatic),65.73,573.21,No
8234-IYGLV,Female,0,No,No,15,Yes,No,Fiber optic,No,Yes,Yes,Yes,Yes,Yes,Month-to-month,Yes,Mailed check,85.37,1226.58,Yes
2365-HUIYN,Female,0,Yes,Yes,51,Yes,Yes,Fiber optic,Yes,Yes,No,No,Yes,Yes,Two year,No,Electronic check,87.38,4678.7,No
8426-OBVKK,Female,0,No,Yes,59,Yes,No,Fiber optic,No,No,No,Yes,Yes,No,Two year,No,Bank transfer (automatic),98.36,5820.4,No
7626-HLPPS,Male,0,Yes,Yes,36,Yes,No,No,No internet service,No internet service,No internet service,No internet service,No internet service,No internet service,Month-to-month,No,Bank transfer (automatic),22.55,848.24,No
1740-ZPQWM,Male,0,Yes,No,14,Yes,No,DSL,No,No,No,Yes,No,No,Month-to-month,No,Electronic check,61.1,858.93,Yes
1272-DYZCR,Male,1,No,No,14,Yes,No,Fiber optic,Yes,No,No,Yes,No,Yes,Month-to-month,No,Mailed check,84.29,1178.1,No
6945-EULFO,Female,1,Yes,No,39,Yes,Yes,No,No internet service,No internet service,No internet service,No internet service,No internet service,No internet service,One year,No,Bank transfer (automatic),27.59,1100.16,No
9144-FQTQQ,Female,0,No,No,59,Yes,No,DSL,No,Yes,Yes,Yes,Yes,Yes,Two year,No,Electronic check,57.67,3395.16,No
7530-GCZIY,Female,0,Yes,No,51,Yes,Yes,No,No internet service,No internet service,No internet service,No internet service,No internet service,No internet service,One year,No,Credit card (automatic),29.22,1484.46,No
3415-GALYX,Female,0,No,No,47,Yes,No,No,No internet service,No internet service,No internet service,No internet service,No internet service,No internet service,Month-to-month,Yes,Mailed check,37.98,1793.26,No
3741-KRYPF,Female,0,No,No,72,Yes,Yes,Fiber optic,Yes,No,Yes,No,No,Yes,Two year,Yes,Credit card (automatic),82.74,5789.13,Yes
4205-SAPTJ,Male,0,Yes,No,9,No,No phone service,Fiber optic,No,Yes,Yes,Yes,Yes,Yes,Month-to-month,No,Electronic check,78.18,698.28,No
5849-SPAPG,Female,0,Yes,Yes,45,No,No phone service,Fiber optic,Yes,Yes,Yes,No,Yes,Yes,Two year,No,Credit card (automatic),72.41,3329.57,No
7658-GZDXA,Female,0,No,No,72,No,No phone service,Fiber optic,No,Yes,Yes,Yes,Yes,No,Month-to-month,Yes,Electronic check,68.46,4917.0,No
7146-JFFBD,Female,1,No,Yes,31,Yes,No,No,No internet service,No internet service,No internet service,No internet service,No internet service,No internet service,One year,Yes,Electronic check,19.34,608.64,No
4528-EZVMC,Female,0,No,No,4,Yes,No,Fiber optic,No,No,Yes,Yes,Yes,Yes,Month-to-month,No,Bank transfer (automatic),75.34,315.67,Yes
9874-SEBQB,Male,0,Yes,No,13,Yes,Yes,No,No internet service,No internet service,No internet service,No internet service,No internet service,No internet service,Month-to-month,No,Electronic check,18.25,241.26,No
6528-LWJLO,Male,0,No,No,28,Yes,No,No,No internet service,No internet service,No internet service,No internet service,No internet service,No internet service,One year,No,Mailed check,21.24,594.62,No
9847-SRIMF,Male,0,No,No,43,Yes,Yes,DSL,Yes,Yes,Yes,Yes,No,Yes,Month-to-month,Yes,Mailed check,54.2,2426.82,No
4524-VCEPU,Female,0,Yes,No,66,Yes,Yes,No,No internet service,No internet service,No internet service,No internet service,No internet service,No internet service,One year,No,Bank transfer (automatic),19.89,1353.06,No
9774-PRHKI,Female,0,Yes,No,53,Yes,No,Fiber optic,No,No,Yes,Yes,No,Yes,One year,No,Electronic check,77.12,4049.07,No
1981-JFPTZ,Male,0,Yes,No,8,Yes,No,No,No internet service,No internet service,No internet service,No internet service,No internet service,No internet service,Month-to-month,Yes,Bank transfer (automatic),19.08,155.73,Yes
8920-IYYNF,Female,0,No,Yes,3,Yes,Yes,Fiber optic,Yes,No,Yes,No,Yes,Yes,Month-to-month,Yes,Bank transfer (automatic),97.05,291.42,Yes
7997-CJNWZ,Female,1,Yes,Yes,36,No,No phone service,No,No internet service,No internet service,No internet service,No internet service,No internet service,No internet service,Two year,No,Electronic check,18.25,664.53,No
8361-MCUWM,Female,0,No,No,13,Yes,Yes,No,No internet service,No internet service,No internet service,No internet service,No internet service,No internet service,Month-to-month,Yes,Credit card (automatic),21.68,285.59,No
5985-WDVNR,Female,0,Yes,No,3,Yes,No,No,No internet service,No internet service,No internet service,No internet service,No internet service,No internet service,Month-to-month,No,Electronic check,27.4,82.39,Yes
2715-QGNNY,Male,1,No,No,7,Yes,No,No,No internet service,No internet service,No internet service,No internet service,No internet service,No internet service,Month-to-month,Yes,Mailed check,18.25,126.87,Yes
7030-OKIQW,Male,0,No,Yes,20,Yes,No,DSL,Yes,No,Yes,Yes,Yes,Yes,Month-to-month,Yes,Bank transfer (automatic),50.25,985.05,Yes
6151-RIOOR,Male,1,Yes,No,17,Yes,No,DSL,No,No,No,Yes,No,No,Month-to-month,Yes,Credit card (automatic),53.19,885.95,Yes
3845-JJKHF,Female,0,No,No,72,No,No phone service,Fiber optic,Yes,No,No,No,Yes,Yes,One year,Yes,Mailed check,77.1,5781.06,No
5501-WARVV,Female,0,Yes,No,60,Yes,Yes,Fiber optic,Yes,Yes,No,Yes,Yes,Yes,Two year,No,Electronic check,83.65,4939.8,No
8673-ICZSJ,Male,0,No,Yes,15,Yes,No,Fiber optic,No,No,No,Yes,No,Yes,Month-to-month,Yes,Bank transfer (automatic),86.84,1307.38,No
8667-JTYTR,Female,1,No,Yes,2,Yes,No,Fiber optic,No,No,Yes,No,Yes,Yes,Month-to-month,No,Electronic check,85.57,162.77,No
2720-YLQPG,Female,0,No,No,66,Yes,No,DSL,Yes,No,No,Yes,Yes,Yes,Two year,No,Bank transfer (automatic),69.88,4761.96,No
6427-KJWSM,Male,1,No,No,41,Yes,No,Fiber optic,Yes,No,Yes,Yes,Yes,No,Two year,Yes,Bank transfer (automatic),83.36,3580.4,No
1172-STETK,Female,0,Yes,Yes,19,Yes,No,Fiber optic,Yes,No,No,No,Yes,Yes,Month-to-month,No,Mailed check,83.21,1551.01,No
7593-VSYBI,Female,0,Yes,No,62,Yes,Yes,Fiber optic,Yes,Yes,No,Yes,No,No,One year,Yes,Electronic check,77.51,4925.66,No
1534-EJAKD,Male,1,No,No,50,Yes,Yes,DSL,Yes,Yes,Yes,No,No,Yes,Two year,No,Electronic check,59.99,3096.26,No
2019-VTLOH,Female,0,Yes,Yes,36,Yes,No,Fiber optic,Yes,Yes,Yes,Yes,Yes,No,Two year,Yes,Bank transfer (automatic),78.46,2909.33,No
5370-UNUMJ,Male,0,No,No,38,No,No phone service,Fiber optic,No,No,No,No,Yes,No,Month-to-month,Yes,Bank transfer (automatic),70.75,2766.71,No
9052-XFMUG,Female,0,No,No,65,No,No phone service,Fiber optic,No,Yes,No,Yes,Yes,No,One year,Yes,Bank transfer (automatic),88.91,5712.91,No
7738-XGDYZ,Female,0,No,No,64,Yes,Yes,DSL,No,No,Yes,No,Yes,No,One year,Yes,Credit card (automatic),52.46,3263.41,No
8726-PCXFE,Female,0,Yes,No,44,Yes,No,Fiber optic,Yes,Yes,Yes,No,Yes,No,One year,Yes,Electronic check,93.99,4150.58,No
7453-KWWUV,Female,0,No,No,47,Yes,Yes,DSL,Yes,No,No,No,No,No,Two year,Yes,Mailed check,67.0,3264.15,No
5912-WXHLQ,Male,0,Yes,No,7,No,No phone service,No,No internet service,No internet service,No internet service,No internet service,No internet service,No internet service,Month-to-month,No,Credit card (automatic),19.5,136.71,No
8732-KGIUN,Female,0,Yes,Yes,24,Yes,Yes,Fiber optic,No,No,Yes,No,Yes,No,Month-to-month,No,Credit card (automatic),74.79,1873.35,Yes
3294-SRNQF,Male,0,No,No,21,No,No phone service,No,No internet service,No internet service,No internet service,No internet service,No internet service,No internet service,One year,No,Credit card (automatic),19.01,384.23,No
2643-URZYJ,Male,0,No,No,58,Yes,Yes,Fiber optic,Yes,No,No,No,Yes,Yes,Two year,No,Bank transfer (automatic),77.08,4379.18,No
5162-WAWEG,Male,0,No,Yes,63,Yes,No,Fiber optic,No,Yes,No,No,Yes,No,Two year,No,Credit card (automatic),92.68,6053.95,No
5336-SJYUT,Female,0,No,No,15,Yes,No,DSL,Yes,No,No,No,No,Yes,Month-to-month,No,Bank transfer (automatic),63.8,1002.08,No
7952-AVPEU,Male,0,Yes,Yes,68,No,No phone service,Fiber optic,Yes,No,No,No,No,Yes,Two year,Yes,Bank transfer (automatic),84.12,5793.66,No
1951-QOAJD,Male,0,No,No,18,Yes,No,No,No internet service,No internet service,No internet service,No internet service,No internet service,No internet service,Month-to-month,Yes,Credit card (automatic),23.35,422.29,No
9518-UZMIY,Male,0,Yes,Yes,49,Yes,No,No,No internet service,No internet service,No internet service,No internet service,No internet service,No internet service,Two year,Yes,Electronic check,24.59,1204.39,No
3760-KDVDA,Male,0,Yes,No,20,Yes,No,No,No internet service,No internet service,No internet service,No internet service,No internet service,No internet service,One year,Yes,Electronic check,28.56,547.96,No
8498-VWWDJ,Female,0,No,No,22,Yes,No,Fiber optic,Yes,No,No,No,Yes,Yes,Month-to-month,Yes,Electronic check,80.78,1820.36,Yes
7886-IUXYU,Male,0,Yes,No,2,Yes,No,DSL,No,No,Yes,No,Yes,No,Month-to-month,Yes,Bank transfer (automatic),69.08,132.33,Yes
8174-PCLYX,Female,0,Yes,No,25,Yes,Yes,Fiber optic,Yes,Yes,No,No,No,Yes,Month-to-month,No,Credit card (automatic),79.6,1949.17,Yes
3147-THKQM,Female,0,No,No,24,Yes,Yes,DSL,No,Yes,No,No,No,No,Month-to-month,Yes,Electronic check,68.2,1561.24,No
6438-CHVQV,Male,0,No,No,29,Yes,No,Fiber optic,Yes,No,No,Yes,No,Yes,Month-to-month,No,Credit card (automatic),77.57,2354.91,No
9687-JGIOG,Female,0,Yes,No,72,Yes,No,Fiber optic,Yes,Yes,Yes,Yes,Yes,No,Two year,No,Electronic check,79.74,5754.58,No
4512-EKYLT,Male,0,No,No,9,No,No phone service,DSL,Yes,Yes,Yes,No,Yes,No,Month-to-month,No,Mailed check,53.31,490.46,No
4873-LRCJD,Male,0,No,No,68,Yes,No,DSL,No,No,Yes,Yes,Yes,Yes,Two year,Yes,Bank transfer (automatic),57.57,3868.62,No
2790-SEFOJ,Female,0,Yes,No,4,Yes,Yes,DSL,Yes,Yes,Yes,No,No,No,Month-to-month,Yes,Mailed check,55.41,221.35,Yes
2103-YYPNV,Female,1,Yes,No,53,Yes,No,Fiber optic,Yes,No,Yes,Yes,Yes,No,One year,Yes,Credit card (automatic),70.6,3916.1,No
9763-CCIHX,Female,1,Yes,No,27,Yes,Yes,Fiber optic,Yes,No,No,Yes,Yes,Yes,One year,Yes,Mailed check,83.81,2335.95,Yes
5573-VRSYP,Female,1,Yes,No,13,No,No phone service,No,No internet service,No internet service,No internet service,No internet service,No internet service,No internet service,Month-to-month,Yes,Mailed check,18.25,229.07,Yes
7986-GGPXB,Female,0,Yes,Yes,15,Yes,Yes,DSL,Yes,Yes,Yes,Yes,Yes,No,Month-to-month,No,Bank transfer (automatic),57.39,833.41,Yes
5508-FWNBA,Male,0,Yes,No,52,Yes,Yes,DSL,No,Yes,Yes,No,No,No,Two year,No,Electronic check,63.79,3399.91,No
6756-GBDEI,Male,0,Yes,No,17,No,No phone service,Fiber optic,Yes,Yes,Yes,Yes,No,No,Month-to-month,Yes,Bank transfer (automatic),73.51,1190.52,Yes
7461-WNYUE,Male,0,Yes,No,1,Yes,No,No,No internet service,No internet service,No internet service,No internet service,No internet service,No internet service,Month-to-month,No,Mailed check,24.56,24.25,No
7618-GZWBE,Male,0,No,Yes,64,Yes,Yes,DSL,Yes,No,Yes,Yes,Yes,Yes,Two year,No,Electronic check,55.47,3646.32,No
4972-TOCQQ,Female,0,Yes,No,12,Yes,No,Fiber optic,Yes,No,Yes,Yes,No,Yes,Month-to-month,No,Electronic check,92.99,1067.94,Yes
9366-GATSN,Female,1,Yes,No,33,No,No phone service,Fiber optic,No,No,No,No,Yes,No,Month-to-month,Yes,Electronic check,82.99,2699.92,No
7227-EDKXN,Male,1,No,No,9,No,No phone service,DSL,No,Yes,Yes,Yes,No,Yes,Month-to-month,No,Credit card (automatic),54.75,514.28,Yes
6752-ZHMRD,Male,0,Yes,Yes,42,No,No phone service,Fiber optic,No,Yes,Yes,No,No,Yes,One year,No,Mailed check,78.28,3162.73,No
4617-OHFLW,Female,1,Yes,No,38,Yes,No,DSL,Yes,Yes,Yes,Yes,No,Yes,Two year,Yes,Mailed check,49.72,1838.93,No
4743-VRDXP,Female,1,No,Yes,18,Yes,No,Fiber optic,Yes,No,No,Yes,No,No,Month-to-month,Yes,Bank transfer (automatic),79.03,1369.66,Yes
6119-SBGUQ,Male,0,Yes,No,16,Yes,No,Fiber optic,Yes,Yes,Yes,Yes,No,No,Month-to-month,Yes,Credit card (automatic),92.03,1419.27,Yes
4504-MQMLO,Male,0,Yes,No,5,Yes,No,DSL,No,Yes,No,Yes,Yes,No,Month-to-month,No,Electronic check,56.43,273.27,Yes
3532-ORSQL,Male,0,No,No,72,Yes,Yes,DSL,Yes,No,Yes,Yes,No,Yes,Two year,No,Bank transfer (automatic),59.07,4438.66,Yes
6894-SIMRR,Male,0,Yes,No,51,Yes,Yes,No,No internet service,No internet service,No internet service,No internet service,No internet service,No internet service,Two year,Yes,Electronic check,18.25,949.3,No
5463-GXOOM,Male,0,No,No,36,Yes,Yes,Fiber optic,No,No,No,No,No,No,Month-to-month,Yes,Bank transfer (automatic),85.85,3196.18,No
7839-HYBAN,Female,0,No,Yes,40,Yes,No,DSL,Yes,Yes,No,Yes,Yes,Yes,Month-to-month,No,Mailed check,59.14,2251.8,No
8732-ARKAJ,Male,0,Yes,No,48,Yes,Yes,Fiber optic,Yes,No,Yes,Yes,No,Yes,One year,Yes,Bank transfer (automatic),76.33,3534.83,No
6818-QWZBW,Female,0,Yes,No,34,Yes,No,DSL,No,No,No,No,No,Yes,One year,No,Credit card (automatic),51.77,1822.15,No
1087-ZUYBB,Female,0,No,No,21,No,No phone service,Fiber optic,No,Yes,Yes,Yes,Yes,Yes,One year,No,Mailed check,90.2,1838.37,No
9868-HJHEB,Male,0,No,Yes,60,Yes,Yes,No,No internet service,No internet service,No internet service,No internet service,No internet service,No internet service,Month-to-month,No,Credit card (automatic),21.94,1261.66,No
2218-WAXFP,Male,1,Yes,No,72,Yes,No,Fiber optic,Yes,No,No,No,Yes,Yes,Month-to-month,Yes,Mailed check,78.78,5573.86,No
3316-XBSYL,Female,0,Yes,Yes,8,Yes,No,DSL,No,No,No,Yes,No,Yes,Month-to-month,Yes,Mailed check,64.33,507.23,No
5056-DWYMR,Male,0,No,No,72,Yes,No,No,No internet service,No internet service,No internet service,No internet service,No internet service,No internet service,Two year,No,Electronic check,18.25,1327.25,No
7821-JADXU,Female,0,No,No,3,Yes,Yes,Fiber optic,No,Yes,No,Yes,Yes,No,Month-to-month,No,Credit card (automatic),92.01,274.16,Yes
1853-UWOLZ,Male,0,Yes,Yes,25,Yes,No,No,No internet service,No internet service,No internet service,No internet service,No internet service,No internet service,Month-to-month,No,Electronic check,21.89,534.04,No
8846-KMYXQ,Female,0,Yes,Yes,41,Yes,Yes,No,No internet service,No internet service,No internet service,No internet service,No internet service,No internet service,Two year,Yes,Electronic check,23.1,945.12,No
6835-THXHV,Female,0,Yes,Yes,51,Yes,Yes,No,No internet service,No internet service,No internet service,No internet service,No internet service,No internet service,Two year,No,Electronic check,19.71,1001.87,No
8380-HUWMO,Female,0,Yes,No,40,Yes,No,No,No internet service,No internet service,No internet service,No internet service,No internet service,No internet service,Two year,Yes,Electronic check,24.9,980.34,No
5583-BOROM,Male,0,Yes,Yes,41,Yes,Yes,DSL,No,No,Yes,Yes,No,Yes,One year,Yes,Mailed check,55.51,2327.3,No
5511-NYKFB,Female,0,No,No,25,Yes,No,No,No internet service,No internet service,No internet service,No internet service,No internet service,No internet service,One year,No,Bank transfer (automatic),23.72,584.05,No
8836-EKTEG,Female,0,No,No,1,Yes,No,DSL,Yes,Yes,No,No,Yes,No,Month-to-month,Yes,Credit card (automatic),53.45,53.08,Yes
6717-QGOSF,Female,1,Yes,No,3,Yes,No,No,No internet service,No internet service,No internet service,No internet service,No internet service,No internet service,Month-to-month,No,Mailed check,25.42,74.48,Yes
4989-HYJWW,Female,0,Yes,No,21,Yes,No,No,No internet service,No internet service,No internet service,No internet service,No internet service,No internet service,One year,Yes,Credit card (automatic),22.17,463.98,No
2509-YBKEB,Female,0,Yes,Yes,6,Yes,Yes,Fiber optic,No,No,Yes,Yes,No,Yes,Month-to-month,No,Credit card (automatic),83.49,492.6,Yes
5967-PPKUM,Male,0,No,Yes,9,Yes,Yes,DSL,Yes,No,Yes,Yes,No,Yes,Month-to-month,Yes,Electronic check,57.57,513.88,Yes
5814-LFRVH,Female,0,Yes,No,29,Yes,No,DSL,No,No,No,Yes,No,Yes,One year,No,Electronic check,69.35,1986.14,No
5170-XFKHI,Female,0,No,No,10,Yes,Yes,DSL,No,No,Yes,No,Yes,Yes,Month-to-month,Yes,Mailed check,58.59,589.71,No
5132-XAJWC,Female,1,No,No,62,Yes,No,DSL,No,No,No,Yes,No,No,One year,Yes,Credit card (automatic),63.72,4100.29,No
5557-EOSQO,Female,0,Yes,Yes,19,Yes,No,No,No internet service,No internet service,No internet service,No internet service,No internet service,No internet service,Month-to-month,No,Mailed check,24.13,471.5,No
7683-NPCAE,Female,0,Yes,No,49,Yes,Yes,Fiber optic,No,Yes,No,Yes,Yes,Yes,Two year,Yes,Mailed check,87.57,4363.53,No
5858-KJLZJ,Female,0,Yes,Yes,64,No,No phone service,No,No internet service,No internet service,No internet service,No internet service,No internet service,No internet service,Two year,Yes,Credit card (automatic),18.25,1187.47,No
4996-NUTZQ,Male,1,No,No,26,Yes,Yes,Fiber optic,No,No,No,No,No,No,One year,No,Electronic check,80.56,2072.94,No
9583-PNOMF,Female,0,Yes,No,7,Yes,Yes,DSL,Yes,Yes,No,No,No,Yes,Month-to-month,Yes,Bank transfer (automatic),59.81,439.28,No
4296-PPEUS,Male,0,Yes,No,50,Yes,Yes,DSL,Yes,No,No,No,Yes,No,Month-to-month,No,Credit card (automatic),47.11,2314.82,No
5726-LOPLW,Female,0,Yes,No,59,Yes,No,Fiber optic,No,Yes,No,No,Yes,Yes,Two year,No,Electronic check,84.75,4793.71,No
2424-JKCCX,Female,0,Yes,No,3,Yes,No,Fiber optic,No,Yes,No,No,Yes,Yes,Month-to-month,No,Bank transfer (automatic),78.14,241.92,Yes
7969-JGKSH,Male,0,No,Yes,35,No,No phone service,Fiber optic,No,Yes,No,Yes,Yes,No,Two year,No,Mailed check,75.38,2703.27,No
1596-KPNEV,Female,1,Yes,Yes,4,Yes,Yes,DSL,No,Yes,No,Yes,Yes,Yes,Month-to-month,No,Credit card (automatic),64.87,248.42,No
6683-SYNPT,Male,0,Yes,Yes,64,Yes,No,Fiber optic,No,Yes,No,Yes,Yes,No,Two year,No,Credit card (automatic),82.66,5313.16,No
7964-WSBJP,Male,0,Yes,No,11,No,No phone service,No,No internet service,No internet service,No internet service,No internet service,No internet service,No internet service,Month-to-month,Yes,Mailed check,18.25,191.23,Yes
5003-BGIAT,Male,1,Yes,No,38,No,No phone service,Fiber optic,No,No,No,No,Yes,No,One year,No,Mailed check,79.14,3105.0,No
4401-UWWXM,Female,0,No,Yes,3,Yes,Yes,Fiber optic,Yes,Yes,No,Yes,No,Yes,Month-to-month,Yes,Electronic check,79.06,228.77,Yes
3183-CQDGG,Female,0,Yes,No,49,Yes,No,Fiber optic,No,Yes,Yes,Yes,Yes,No,Two year,Yes,Credit card (automatic),82.61,3937.75,No
3461-JINYQ,Male,0,No,No,48,Yes,Yes,DSL,No,No,No,No,No,No,One year,No,Electronic check,54.09,2645.89,No
7084-ECEWE,Female,0,No,No,57,Yes,No,Fiber optic,Yes,Yes,No,No,Yes,Yes,One year,Yes,Credit card (automatic),88.45,5152.0,No
9854-TVHEE,Male,0,No,No,13,Yes,No,DSL,No,No,Yes,Yes,Yes,Yes,Month-to-month,Yes,Bank transfer (automatic),52.59,671.42,No
8718-LKGJJ,Male,0,Yes,No,41,Yes,No,DSL,Yes,No,Yes,No,No,Yes,One year,Yes,Bank transfer (automatic),62.37,2588.53,No
7743-VMILE,Female,0,No,No,26,Yes,Yes,No,No internet service,No internet service,No internet service,No internet service,No internet service,No internet service,Month-to-month,No,Credit card (automatic),18.25,452.19,No
1617-GAAGX,Male,0,Yes,No,8,Yes,Yes,Fiber optic,Yes,No,Yes,Yes,No,No,Month-to-month,No,Credit card (automatic),82.38,691.68,Yes
2666-SDMPO,Female,0,Yes,No,72,Yes,No,DSL,Yes,No,No,Yes,Yes,No,Month-to-month,No,Mailed check,62.13,4368.11,No
8196-GTKLI,Male,0,Yes,Yes,1,No,No phone service,DSL,No,No,No,Yes,Yes,No,Month-to-month,No,Electronic check,48.98,50.52,No
9970-VMTXH,Female,0,No,No,63,Yes,Yes,No,No internet service,No internet service,No internet service,No internet service,No internet service,No internet service,Two year,Yes,Mailed check,27.51,1694.06,No
3934-THCPF,Female,1,No,No,7,Yes,Yes,No,No internet service,No internet service,No internet service,No internet service,No internet service,No internet service,Month-to-month,No,Mailed check,24.81,167.97,No
6279-CMGNF,Female,0,Yes,Yes,58,Yes,No,Fiber optic,No,No,Yes,No,Yes,No,Two year,No,Credit card (automatic),80.46,4505.09,No
3261-XZIQJ,Female,0,No,No,1,Yes,No,Fiber optic,Yes,No,No,No,Yes,Yes,Month-to-month,Yes,Mailed check,83.7,87.75,No
2531-CXBMF,Female,1,No,No,60,Yes,No,DSL,No,Yes,No,No,Yes,No,Month-to-month,No,Electronic check,67.66,3923.9,No
7842-DOINE,Female,0,Yes,No,57,Yes,Yes,Fiber optic,No,No,Yes,Yes,No,No,One year,Yes,Mailed check,84.4,4822.58,No
2051-EOQXY,Female,1,No,Yes,72,Yes,Yes,Fiber optic,Yes,Yes,No,No,No,No,Two year,Yes,Credit card (automatic),75.96,5491.74,No
7772-ASSSR,Female,0,No,No,10,Yes,No,DSL,Yes,No,No,Yes,Yes,No,Month-to-month,Yes,Mailed check,54.32,546.97,Yes
7187-PQRBN,Female,0,No,No,53,Yes,No,DSL,Yes,No,No,No,No,Yes,One year,No,Mailed check,54.61,2913.94,No
2149-YZEXM,Female,1,No,Yes,28,Yes,Yes,Fiber optic,Yes,Yes,No,Yes,Yes,No,Two year,No,Mailed check,80.16,2306.38,No
7050-QDXQM,Male,0,Yes,No,44,Yes,No,DSL,Yes,Yes,No,No,Yes,Yes,Two year,Yes,Bank transfer (automatic),62.31,2622.02,No
6532-ZQRWS,Female,1,Yes,Yes,10,Yes,Yes,DSL,No,No,No,No,Yes,Yes,Two year,Yes,Credit card (automatic),63.67,639.4,No
2286-VXTDN,Male,0,No,Yes,8,Yes,Yes,No,No internet service,No internet service,No internet service,No internet service,No internet service,No internet service,Month-to-month,Yes,Electronic check,27.65,220.09,Yes
1486-UYACY,Male,0,No,No,60,Yes,Yes,Fiber optic,Yes,Yes,No,No,Yes,Yes,Two year,Yes,Bank transfer (automatic),63.8,3690.79,No
8197-VFQVB,Male,0,Yes,No,39,Yes,No,DSL,Yes,Yes,Yes,Yes,Yes,Yes,Two year,No,Electronic check,62.07,2527.55,No
3553-HOGIG,Female,0,Yes,No,1,Yes,Yes,DSL,No,Yes,No,Yes,No,Yes,Month-to-month,Yes,Mailed check,57.52,55.69,No
1572-RQWOR,Male,0,Yes,Yes,26,Yes,No,DSL,Yes,No,Yes,Yes,Yes,No,One year,Yes,Electronic check,63.54,1671.9,No
4232-KKZMW,Male,0,No,No,22,Yes,Yes,No,No internet service,No internet service,No internet service,No internet service,No internet service,No internet service,Month-to-month,Yes,Mailed check,31.63,688.08,No
3885-RHKWR,Male,0,No,No,2,Yes,Yes,No,No internet service,No internet service,No internet service,No internet service,No internet service,No internet service,Month-to-month,Yes,Mailed check,18.25,37.41,No
5375-KUEWQ,Male,0,No,No,50,Yes,No,Fiber optic,Yes,Yes,No,Yes,Yes,No,Month-to-month,Yes,Bank transfer (automatic),81.69,4249.4,Yes
3960-SZJKY,Male,0,No,Yes,29,Yes,Yes,DSL,Yes,No,No,Yes,Yes,No,Month-to-month,No,Bank transfer (automatic),64.52,1799.66,No
4099-WXPCB,Male,0,No,No,26,No,No phone service,Fiber optic,Yes,Yes,Yes,No,No,Yes,One year,No,Bank transfer (automatic),80.06,2151.27,No
3528-ATQLV,Male,0,Yes,Yes,50,Yes,Yes,No,No internet service,No internet service,No internet service,No internet service,No internet service,No internet service,Two year,Yes,Electronic check,31.48,1549.56,No
2201-NIAMD,Female,0,No,No,13,Yes,No,Fiber optic,Yes,Yes,No,No,Yes,No,Month-to-month,Yes,Credit card (automatic),89.8,1124.77,Yes
1412-FFQUM,Female,1,Yes,No,13,Yes,Yes,DSL,No,No,No,No,No,Yes,Month-to-month,No,Credit card (automatic),58.24,763.95,Yes
6769-CUNLW,Male,0,Yes,No,17,Yes,Yes,Fiber optic,No,Yes,No,Yes,Yes,Yes,Month-to-month,Yes,Credit card (automatic),78.2,1380.9,No
3823-LYDNP,Male,0,Yes,No,40,Yes,Yes,DSL,Yes,No,No,No,Yes,Yes,Two year,Yes,Credit card (automatic),54.98,2212.37,No
7301-YIDKE,Female,0,Yes,No,25,Yes,Yes,No,No internet service,No internet service,No internet service,No internet service,No internet service,No internet service,Month-to-month,Yes,Bank transfer (automatic),30.3,769.6,No
7550-OTIYX,Male,0,Yes,Yes,47,Yes,Yes,No,No internet service,No internet service,No internet service,No internet service,No internet service,No internet service,Two year,Yes,Bank transfer (automatic),28.9,1336.0,No
9241-SEDYW,Female,0,Yes,No,3,Yes,Yes,Fiber optic,Yes,No,No,No,Yes,Yes,Month-to-month,Yes,Bank transfer (automatic),84.62,241.21,Yes
8926-QWMEG,Male,0,No,Yes,24,Yes,Yes,DSL,Yes,Yes,Yes,No,No,No,One year,Yes,Mailed check,59.78,1371.54,No
8663-QZXTB,Female,0,No,Yes,58,No,No phone service,No,No internet service,No internet service,No internet service,No internet service,No internet service,No internet service,One year,No,Electronic check,22.91,1343.31,Yes
2665-JAYFJ,Male,1,No,No,48,No,No phone service,No,No internet service,No internet service,No internet service,No internet service,No internet service,No internet service,Two year,No,Mailed check,20.66,1022.26,No
7070-AQCXR,Female,0,Yes,Yes,57,Yes,No,Fiber optic,Yes,No,No,Yes,No,Yes,One year,Yes,Credit card (automatic),80.51,4796.77,No
4020-SICAF,Female,0,No,Yes,60,Yes,No,DSL,Yes,No,Yes,No,No,Yes,Two year,No,Credit card (automatic),67.25,4054.3,No
7369-OHRKE,Female,0,Yes,Yes,3,Yes,Yes,Fiber optic,Yes,No,Yes,Yes,No,No,Month-to-month,No,Electronic check,75.84,217.71,Yes
7110-LROCB,Female,0,No,No,48,Yes,No,DSL,No,Yes,No,Yes,Yes,No,One year,Yes,Electronic check,65.03,2987.84,No
1906-FFXUW,Male,0,Yes,Yes,19,Yes,No,Fiber optic,No,No,No,Yes,Yes,No,Month-to-month,Yes,Electronic check,76.13,1433.28,No
5267-IKWJQ,Female,0,Yes,No,67,Yes,Yes,DSL,No,No,No,No,Yes,No,Two year,Yes,Bank transfer (automatic),61.77,4166.07,No
2301-ZQZHQ,Female,0,Yes,Yes,19,Yes,No,Fiber optic,Yes,Yes,Yes,No,Yes,Yes,Month-to-month,Yes,Mailed check,89.78,1663.62,Yes
3465-MIDLN,Female,0,Yes,No,9,Yes,Yes,No,No internet service,No internet service,No internet service,No internet service,No internet service,No internet service,One year,Yes,Electronic check,29.67,265.42,No
2413-KCQIC,Female,0,Yes,Yes,39,Yes,Yes,Fiber optic,Yes,Yes,No,No,No,Yes,Two year,No,Electronic check,83.58,3388.59,No
5618-VZZEF,Female,1,Yes,No,14,No,No phone service,No,No internet service,No internet service,No internet service,No internet service,No internet service,No internet service,Month-to-month,Yes,Mailed check,18.25,262.92,No
9036-QOUBO,Male,0,No,No,29,Yes,No,Fiber optic,No,No,No,No,No,Yes,Month-to-month,No,Electronic check,76.73,2324.76,Yes
6151-YMNUH,Female,1,No,No,10,Yes,Yes,Fiber optic,Yes,No,Yes,No,Yes,No,Month-to-month,Yes,Bank transfer (automatic),85.4,874.29,Yes
1629-MPMSG,Male,1,Yes,No,9,Yes,No,No,No internet service,No internet service,No internet service,No internet service,No internet service,No internet service,Month-to-month,No,Credit card (automatic),23.18,198.81,Yes
1128-UWQIJ,Male,0,No,Yes,11,Yes,Yes,No,No internet service,No internet service,No internet service,No internet service,No internet service,No internet service,One year,Yes,Electronic check,21.55,234.4,No
5317-KFJHL,Female,1,Yes,Yes,24,Yes,Yes,No,No internet service,No internet service,No internet service,No internet service,No internet service,No internet service,Month-to-month,Yes,Electronic check,18.25,435.14,No
4379-NUIBV,Male,1,No,No,34,Yes,Yes,No,No internet service,No internet service,No internet service,No internet service,No internet service,No internet service,Month-to-month,No,Electronic check,22.84,770.82,Yes
2676-YNNKS,Male,0,Yes,No,7,Yes,No,DSL,Yes,No,No,No,Yes,Yes,Month-to-month,Yes,Bank transfer (automatic),60.12,409.04,No
6876-YAEHE,Female,0,Yes,No,58,Yes,Yes,DSL,No,No,No,Yes,Yes,No,Month-to-month,Yes,Mailed check,56.38,3292.15,No
9534-BDLGI,Female,0,No,Yes,8,Yes,No,DSL,Yes,Yes,No,No,Yes,Yes,Month-to-month,Yes,Bank transfer (automatic),59.81,459.54,No
6434-OWLYE,Female,0,No,No,45,Yes,No,No,No internet service,No internet service,No internet service,No internet service,No internet service,No internet service,One year,No,Electronic check,22.32,1032.21,No
2750-KDAJN,Male,0,No,Yes,26,Yes,Yes,No,No internet service,No internet service,No internet service,No internet service,No internet service,No internet service,Month-to-month,Yes,Credit card (automatic),28.8,729.1,No
3499-HCCWB,Female,0,No,Yes,72,Yes,Yes,No,No internet service,No internet service,No internet service,No internet service,No internet service,No internet service,Two year,No,Bank transfer (automatic),23.85,1658.57,No
7322-SFGJR,Male,0,Yes,No,21,No,No phone service,No,No internet service,No internet service,No internet service,No internet service,No internet service,No internet service,Month-to-month,Yes,Mailed check,18.32,382.07,Yes
1329-VIMXD,Male,0,No,No,21,Yes,No,Fiber optic,Yes,No,Yes,No,Yes,Yes,Month-to-month,Yes,Electronic check,82.03,1650.14,Yes
9527-PLBBV,Male,0,Yes,Yes,13,Yes,No,DSL,Yes,No,No,No,Yes,No,Month-to-month,Yes,Electronic check,56.55,743.55,No
4617-TVKIG,Female,0,No,No,22,Yes,No,Fiber optic,Yes,No,No,Yes,Yes,Yes,Month-to-month,No,Credit card (automatic),88.78,1985.77,Yes
6729-SJOOD,Female,0,Yes,Yes,56,Yes,Yes,Fiber optic,Yes,No,Yes,Yes,Yes,Yes,Two year,Yes,Credit card (automatic),78.97,4319.15,No
5730-TZIGX,Female,1,No,No,31,Yes,No,Fiber optic,No,Yes,No,No,No,No,One year,No,Credit card (automatic),86.96,2570.06,No
9274-VIHQG,Female,0,Yes,Yes,29,Yes,No,Fiber optic,No,No,No,No,Yes,No,Month-to-month,Yes,Bank transfer (automatic),77.79,2198.03,Yes
7923-KIUJD,Female,0,No,Yes,56,Yes,Yes,DSL,Yes,Yes,No,No,Yes,No,Two year,No,Credit card (automatic),69.58,3969.29,No
8153-IRRCA,Male,0,No,No,65,Yes,No,Fiber optic,Yes,No,No,No,Yes,Yes,One year,Yes,Bank transfer (automatic),97.29,6127.8,No
8382-BITEN,Female,0,Yes,Yes,31,Yes,Yes,No,No internet service,No internet service,No internet service,No internet service,No internet service,No internet service,Two year,Yes,Mailed check,27.4,810.66,No
2040-OSGHN,Female,0,No,No,17,Yes,No,DSL,No,Yes,No,No,Yes,No,Month-to-month,Yes,Electronic check,63.15,1104.44,No
8120-OSKDZ,Male,1,No,No,64,Yes,No,Fiber optic,Yes,Yes,Yes,No,Yes,Yes,Month-to-month,No,Credit card (automatic),82.46,5222.82,No
8166-BHKCW,Male,0,Yes,Yes,16,Yes,No,Fiber optic,No,No,Yes,No,Yes,Yes,Month-to-month,No,Electronic check,83.36,1356.93,Yes
2554-FIYFL,Male,0,No,No,13,Yes,No,Fiber optic,Yes,No,No,Yes,Yes,No,Month-to-month,No,Bank transfer (automatic),78.1,1054.3,Yes
7140-ECCEI,Female,1,No,No,55,Yes,Yes,DSL,No,Yes,Yes,Yes,Yes,Yes,Two year,Yes,Mailed check,53.85,2931.36,No
9465-XOYAO,Male,0,Yes,Yes,7,Yes,No,DSL,No,Yes,No,No,Yes,No,Month-to-month,No,Credit card (automatic),62.66,434.25,No
4997-DOLTK,Female,0,Yes,Yes,15,Yes,Yes,Fiber optic,No,No,Yes,No,No,Yes,Month-to-month,Yes,Electronic check,77.76,1213.96,Yes
4861-GMBOJ,Male,0,Yes,Yes,41,Yes,No,Fiber optic,Yes,No,No,Yes,Yes,Yes,One year,No,Bank transfer (automatic),86.43,3584.4,No
3462-JXSWK,Female,0,Yes,No,47,Yes,No,DSL,No,Yes,No,No,No,Yes,One year,No,Credit card (automatic),64.96,2931.59,No
4542-ARAZR,Female,0,No,No,6,Yes,No,No,No internet service,No internet service,No internet service,No internet service,No internet service,No internet service,Month-to-month,Yes,Credit card (automatic),32.33,197.21,No
5189-RZETW,Male,0,No,No,21,No,No phone service,DSL,Yes,No,No,No,No,Yes,Month-to-month,No,Credit card (automatic),49.64,1004.8,Yes
6277-RNEZH,Male,0,No,No,16,Yes,Yes,DSL,No,Yes,No,No,No,No,Month-to-month,Yes,Credit card (automatic),53.27,836.92,No
4470-ZBKOG,Female,0,No,No,18,Yes,No,Fiber optic,No,Yes,No,Yes,No,No,Month-to-month,No,Electronic check,86.74,1516.44,Yes
7030-NGFHU,Male,0,Yes,No,61,Yes,Yes,No,No internet service,No internet service,No internet service,No internet service,No internet service,No internet service,Two year,No,Credit card (automatic),29.01,1826.23,No
5687-USUWQ,Female,0,Yes,No,26,No,No phone service,Fiber optic,Yes,No,No,No,Yes,No,Month-to-month,No,Mailed check,81.72,2161.92,Yes
4242-SYIMW,Male,0,No,No,60,Yes,Yes,DSL,Yes,No,Yes,Yes,Yes,Yes,Two year,Yes,Bank transfer (automatic),64.39,3945.2,No
6375-DJGMZ,Male,0,Yes,No,26,Yes,No,Fiber optic,Yes,No,No,No,Yes,No,Month-to-month,Yes,Credit card (automatic),77.41,1932.88,Yes
8553-YTNRM,Female,0,Yes,No,72,Yes,Yes,No,No internet service,No internet service,No internet service,No internet service,No internet service,No internet service,Two year,Yes,Credit card (automatic),24.71,1810.14,No
1369-DORGA,Male,0,Yes,No,72,Yes,No,DSL,Yes,No,Yes,Yes,No,Yes,Two year,Yes,Mailed check,58.35,4122.02,No
1628-IWKZX,Male,0,No,No,47,Yes,Yes,Fiber optic,Yes,Yes,No,No,No,No,One year,No,Bank transfer (automatic),87.47,4235.85,No
8723-ZGZYU,Male,0,Yes,No,58,Yes,Yes,No,No internet service,No internet service,No internet service,No internet service,No internet service,No internet service,Two year,Yes,Mailed check,28.07,1588.52,No
2732-HQBVL,Male,0,Yes,Yes,38,No,No phone service,Fiber optic,No,Yes,Yes,No,No,Yes,Month-to-month,No,Electronic check,81.04,3229.21,No
1194-HKRPJ,Male,0,Yes,No,9,No,No phone service,DSL,Yes,Yes,No,Yes,No,Yes,Month-to-month,No,Bank transfer (automatic),56.43,500.62,Yes
6573-XJJCJ,Female,0,Yes,No,20,Yes,Yes,DSL,Yes,No,Yes,Yes,Yes,No,One year,No,Electronic check,60.54,1178.54,No
3555-TCPUG,Male,0,No,No,38,Yes,Yes,No,No internet service,No internet service,No internet service,No internet service,No internet service,No internet service,Month-to-month,No,Electronic check,22.89,854.05,No
1609-RPOWC,Male,0,Yes,Yes,59,Yes,No,Fiber optic,Yes,No,No,Yes,No,Yes,One year,Yes,Electronic check,84.01,5161.37,No
2779-MOXQF,Female,0,Yes,No,17,Yes,No,DSL,Yes,Yes,No,No,Yes,No,Month-to-month,Yes,Credit card (automatic),63.18,1125.74,Yes
8665-KWHUN,Female,0,No,Yes,2,Yes,No,DSL,Yes,Yes,No,Yes,Yes,No,Month-to-month,No,Credit card (automatic),65.81,134.78,Yes
6000-ZEIEV,Male,0,No,No,6,Yes,No,DSL,No,Yes,Yes,No,Yes,Yes,Month-to-month,Yes,Mailed check,67.11,417.05,Yes
8653-VGGKU,Male,0,Yes,No,54,Yes,Yes,Fiber optic,No,No,No,Yes,No,No,Two year,Yes,Electronic check,86.34,4429.27,No
7761-ZUYGP,Female,0,No,Yes,47,No,No phone service,Fiber optic,Yes,No,Yes,Yes,Yes,No,One year,Yes,Electronic check,85.34,4116.1,No
5796-DYDWG,Female,0,Yes,No,32,Yes,Yes,Fiber optic,Yes,Yes,Yes,No,No,Yes,One year,Yes,Mailed check,86.99,2727.36,No
2994-PMKXS,Female,1,Yes,No,29,Yes,Yes,Fiber optic,Yes,No,Yes,No,No,No,Two year,No,Electronic check,73.77,2071.97,No
6479-UUELX,Female,0,Yes,No,48,Yes,No,DSL,Yes,Yes,No,No,Yes,Yes,Two year,No,Bank transfer (automatic),64.96,3059.64,No
8328-BGGNV,Female,1,No,No,12,Yes,Yes,Fiber optic,No,Yes,Yes,Yes,Yes,Yes,Month-to-month,No,Mailed check,76.85,933.68,Yes
5347-EOFRZ,Male,0,No,No,69,Yes,No,DSL,Yes,No,No,Yes,No,Yes,Two year,Yes,Bank transfer (automatic),68.59,4650.44,No
6690-XOVYE,Male,0,Yes,No,53,Yes,No,Fiber optic,No,Yes,Yes,Yes,No,No,Month-to-month,No,Mailed check,70.93,3906.87,No
6990-GCGDE,Female,0,Yes,No,65,No,No phone service,DSL,Yes,No,Yes,No,No,Yes,One year,No,Mailed check,42.63,2715.95,No
1060-ZLEIT,Female,0,No,No,69,Yes,No,Fiber optic,Yes,No,Yes,Yes,No,Yes,Two year,Yes,Bank transfer (automatic),93.17,6592.9,No
6688-BDOZB,Male,0,Yes,No,59,Yes,No,Fiber optic,Yes,Yes,Yes,Yes,Yes,Yes,Two year,Yes,Electronic check,94.36,5843.37,No
8760-BMFLY,Male,0,No,No,42,Yes,No,No,No internet service,No internet service,No internet service,No internet service,No internet service,No internet service,Month-to-month,No,Mailed check,32.02,1395.67,No
2941-QIQBH,Male,0,Yes,Yes,3,Yes,Yes,DSL,No,No,No,Yes,Yes,Yes,Month-to-month,Yes,Electronic check,68.48,207.43,Yes
9618-SYREM,Male,0,No,No,5,Yes,Yes,Fiber optic,Yes,No,No,No,No,Yes,Month-to-month,Yes,Electronic check,75.4,392.89,Yes
8900-RNWCY,Female,0,No,Yes,5,No,No phone service,No,No internet service,No internet service,No internet service,No internet service,No internet service,No internet service,Month-to-month,Yes,Bank transfer (automatic),26.31,135.37,Yes
2134-ZUMMA,Female,0,Yes,Yes,36,Yes,Yes,No,No internet service,No internet service,No internet service,No internet service,No internet service,No internet service,One year,No,Bank transfer (automatic),19.78,682.43,Yes
3851-FSFUH,Female,1,No,No,47,Yes,No,DSL,No,Yes,Yes,No,Yes,Yes,One year,Yes,Electronic check,66.76,3268.47,No
8651-JTRZN,Female,0,No,No,42,Yes,No,Fiber optic,Yes,No,Yes,No,No,Yes,Month-to-month,Yes,Mailed check,80.4,3209.7,Yes
4174-QAZRB,Male,1,No,No,16,Yes,No,DSL,No,No,Yes,Yes,No,Yes,Month-to-month,No,Electronic check,59.41,906.37,Yes
2552-ARREO,Male,0,No,No,33,No,No phone service,DSL,No,No,No,No,Yes,Yes,One year,No,Mailed check,61.09,2064.25,No
5406-MQWXE,Female,0,Yes,No,29,Yes,Yes,Fiber optic,No,Yes,No,Yes,Yes,No,Month-to-month,No,Electronic check,82.78,2438.41,Yes
9495-OEYJL,Male,0,No,Yes,16,Yes,Yes,No,No internet service,No internet service,No internet service,No internet service,No internet service,No internet service,Month-to-month,Yes,Electronic check,28.02,468.25,No
9703-PDBVJ,Male,0,Yes,No,71,Yes,Yes,Fiber optic,No,Yes,Yes,No,Yes,Yes,Two year,Yes,Electronic check,78.9,5492.6,No
1896-BYONP,Female,0,No,No,6,Yes,Yes,No,No internet service,No internet service,No internet service,No internet service,No internet service,No internet service,Month-to-month,No,Electronic check,20.65,126.59,No
4768-YPQXA,Male,0,No,Yes,60,Yes,Yes,Fiber optic,Yes,Yes,No,No,Yes,No,Two year,No,Bank transfer (automatic),81.4,4702.49,No
3870-VCIES,Female,0,No,Yes,36,Yes,No,Fiber optic,Yes,Yes,No,Yes,No,No,One year,Yes,Electronic check,76.53,2686.52,Yes
8593-GRTXY,Male,0,Yes,No,14,Yes,Yes,DSL,No,Yes,Yes,Yes,Yes,No,Month-to-month,Yes,Mailed check,64.06,874.26,Yes
5099-CTOLO,Male,0,Yes,No,4,Yes,No,Fiber optic,No,Yes,Yes,Yes,Yes,Yes,Month-to-month,No,Mailed check,84.98,354.72,Yes
6794-HIIMR,Female,0,Yes,No,21,Yes,Yes,No,No internet service,No internet service,No internet service,No internet service,No internet service,No internet service,Month-to-month,Yes,Mailed check,18.25,393.89,No
1378-HSAUT,Male,0,Yes,No,38,Yes,Yes,DSL,No,No,No,No,No,Yes,Two year,Yes,Bank transfer (automatic),68.77,2707.4,No
3871-QMGDZ,Female,1,No,No,8,Yes,No,Fiber optic,Yes,Yes,Yes,Yes,Yes,Yes,Month-to-month,Yes,Mailed check,91.9,727.79,Yes
8734-XDZQN,Female,0,No,Yes,36,Yes,Yes,DSL,No,No,No,Yes,No,Yes,One year,Yes,Credit card (automatic),59.72,2201.06,No
4077-GIEUY,Female,0,Yes,Yes,37,No,No phone service,DSL,Yes,Yes,Yes,No,Yes,No,One year,No,Bank transfer (automatic),51.9,2015.41,No
9703-XDTWN,Male,1,Yes,No,57,Yes,Yes,DSL,No,No,No,No,Yes,No,Month-to-month,No,Bank transfer (automatic),67.55,3806.74,No
6021-JVSQA,Female,1,No,No,9,Yes,No,No,No internet service,No internet service,No internet service,No internet service,No internet service,No internet service,Month-to-month,No,Mailed check,19.68,170.32,No
9643-NYRNT,Male,0,No,Yes,21,Yes,No,Fiber optic,No,Yes,Yes,Yes,No,Yes,Month-to-month,Yes,Mailed check,92.63,2034.92,Yes
3219-LATIC,Female,0,No,No,39,Yes,No,No,No internet service,No internet service,No internet service,No internet service,No internet service,No internet service,Two year,Yes,Credit card (automatic),24.98,977.98,No
8166-GFDPI,Male,0,No,No,72,Yes,No,DSL,No,No,No,Yes,No,No,Two year,No,Mailed check,68.08,4997.09,No
6135-ITJUM,Male,0,Yes,No,30,Yes,Yes,No,No internet service,No internet service,No internet service,No internet service,No internet service,No internet service,Two year,Yes,Credit card (automatic),29.58,867.27,No
1134-LGMDT,Female,0,No,No,28,Yes,No,DSL,Yes,No,Yes,No,No,No,Month-to-month,Yes,Bank transfer (automatic),76.18,2198.17,No
6619-DZJFA,Male,0,Yes,Yes,47,Yes,No,No,No internet service,No internet service,No internet service,No internet service,No internet service,No internet service,One year,No,Mailed check,29.73,1454.47,No
3219-AMPJW,Female,0,No,No,56,Yes,No,DSL,No,No,No,No,Yes,No,One year,Yes,Electronic check,71.72,4062.92,No
9693-HQKHF,Female,0,No,No,55,No,No phone service,DSL,Yes,No,Yes,No,No,Yes,Two year,No,Bank transfer (automatic),52.19,2958.84,No
5693-DRWJO,Male,0,Yes,No,51,Yes,No,No,No internet service,No internet service,No internet service,No internet service,No internet service,No internet service,One year,Yes,Mailed check,19.34,1012.51,No
9783-SKWBP,Male,0,No,No,28,Yes,Yes,No,No internet service,No internet service,No internet service,No internet service,No internet service,No internet service,Month-to-month,Yes,Electronic check,23.76,695.31,No
3271-ENSTT,Male,0,No,No,33,Yes,Yes,Fiber optic,Yes,No,Yes,No,Yes,No,Month-to-month,Yes,Mailed check,83.78,2642.4,Yes
3597-KCQUM,Male,0,No,No,72,No,No phone service,No,No internet service,No internet service,No internet service,No internet service,No internet service,No internet service,Two year,No,Electronic check,20.67,1432.24,No
3814-IQRMG,Female,0,No,No,57,Yes,Yes,DSL,Yes,No,No,No,Yes,No,One year,Yes,Mailed check,60.12,3424.98,No
4694-ICKWP,Male,0,No,No,2,Yes,No,No,No internet service,No internet service,No internet service,No internet service,No internet service,No internet service,Month-to-month,No,Electronic check,27.1,55.55,No
2201-WFPOS,Female,0,Yes,Yes,64,Yes,No,DSL,Yes,No,Yes,Yes,Yes,Yes,Two year,No,Credit card (automatic),64.85,4059.49,No
7895-HUPJC,Male,0,Yes,Yes,40,Yes,Yes,No,No internet service,No internet service,No internet service,No internet service,No internet service,No internet service,One year,Yes,Electronic check,18.25,748.35,No
6115-MMRSE,Male,0,Yes,Yes,6,Yes,No,Fiber optic,No,No,Yes,Yes,No,No,Month-to-month,No,Bank transfer (automatic),82.18,471.33,Yes
3667-XPKZR,Female,0,No,Yes,4,Yes,Yes,No,No internet service,No internet service,No internet service,No internet service,No internet service,No internet service,Month-to-month,Yes,Electronic check,22.5,88.05,No
8645-METVP,Female,0,No,No,13,Yes,Yes,Fiber optic,No,Yes,Yes,Yes,Yes,Yes,Month-to-month,Yes,Bank transfer (automatic),84.41,1127.81,Yes
4895-DGYER,Female,0,No,Yes,31,Yes,Yes,DSL,No,No,Yes,No,No,No,One year,Yes,Mailed check,59.61,1853.93,No
6968-MZRZG,Male,0,Yes,No,51,Yes,No,DSL,Yes,No,No,Yes,Yes,No,One year,No,Credit card (automatic),68.2,3466.6,No
7665-TXKIU,Female,0,Yes,No,23,Yes,No,Fiber optic,Yes,No,No,Yes,No,Yes,Two year,No,Credit card (automatic),85.88,1977.06,No
7469-HHUOX,Female,0,Yes,Yes,22,No,No phone service,DSL,No,No,Yes,Yes,No,No,Month-to-month,No,Credit card (automatic),61.47,1338.9,No
6673-ZIUES,Female,0,Yes,Yes,16,No,No phone service,No,No internet service,No internet service,No internet service,No internet service,No internet service,No internet service,Month-to-month,Yes,Credit card (automatic),18.59,285.65,No
4757-NUCFO,Male,0,Yes,Yes,32,Yes,Yes,No,No internet service,No internet service,No internet service,No internet service,No internet service,No internet service,Month-to-month,Yes,Bank transfer (automatic),30.39,948.25,No
4727-OLBYR,Female,0,Yes,No,15,No,No phone service,DSL,Yes,Yes,Yes,No,No,No,Month-to-month,Yes,Credit card (automatic),51.89,776.82,No
6489-DFPBM,Male,0,No,No,59,Yes,No,Fiber optic,No,No,No,No,Yes,No,Two year,No,Bank transfer (automatic),77.23,4673.29,No
9002-WNGBE,Male,0,Yes,No,31,Yes,Yes,No,No internet service,No internet service,No internet service,No internet service,No internet service,No internet service,One year,Yes,Electronic check,33.1,993.14,No
3525-OSLVE,Female,1,Yes,Yes,45,No,No phone service,Fiber optic,Yes,No,Yes,Yes,No,Yes,Two year,Yes,Credit card (automatic),77.69,3347.45,Yes
4810-PBXZT,Female,0,Yes,No,38,Yes,Yes,No,No internet service,No internet service,No internet service,No internet service,No internet service,No internet service,One year,Yes,Mailed check,24.83,973.93,No
7325-FEGDO,Male,1,Yes,No,17,Yes,Yes,DSL,No,No,Yes,No,No,No,Month-to-month,No,Credit card (automatic),55.29,936.97,Yes
9614-RWZRC,Male,0,Yes,No,21,No,No phone service,Fiber optic,No,No,Yes,Yes,No,No,Month-to-month,Yes,Mailed check,72.31,1519.92,No
9373-OOZRC,Female,0,No,No,22,Yes,Yes,DSL,Yes,No,Yes,No,No,No,One year,Yes,Electronic check,69.74,1609.43,No
7883-ZGMCS,Female,0,Yes,Yes,27,Yes,No,DSL,Yes,Yes,No,Yes,Yes,Yes,One year,No,Bank transfer (automatic),66.21,1714.52,Yes
2286-LQVIX,Male,0,Yes,No,15,No,No phone service,Fiber optic,No,No,Yes,No,Yes,No,Month-to-month,No,Bank transfer (automatic),72.75,1088.85,No
1217-EDTJA,Female,0,No,No,67,No,No phone service,No,No internet service,No internet service,No internet service,No internet service,No internet service,No internet service,Two year,Yes,Mailed check,18.25,1202.59,No
8092-HROCP,Male,0,Yes,Yes,59,Yes,Yes,Fiber optic,No,Yes,Yes,No,Yes,No,Two year,No,Bank transfer (automatic),84.27,5145.2,No
8749-JVHHE,Male,0,Yes,Yes,50,No,No phone service,No,No internet service,No internet service,No internet service,No internet service,No internet service,No internet service,Two year,No,Credit card (automatic),18.25,881.0,No
2904-GQDOG,Female,0,Yes,No,33,Yes,Yes,Fiber optic,No,No,No,Yes,Yes,No,Month-to-month,No,Electronic check,78.39,2704.33,Yes
2320-VOHQX,Female,0,Yes,No,41,No,No phone service,Fiber optic,No,No,No,Yes,No,Yes,Month-to-month,No,Electronic check,73.54,3147.08,Yes
3544-GRMRE,Male,0,Yes,No,42,Yes,Yes,No,No internet service,No internet service,No internet service,No internet service,No internet service,No internet service,One year,Yes,Credit card (automatic),23.82,986.52,No
9395-AHQNI,Male,0,Yes,No,7,Yes,Yes,DSL,Yes,No,Yes,Yes,No,No,Month-to-month,Yes,Credit card (automatic),51.58,346.2,No
9790-IRKLU,Male,0,Yes,No,16,Yes,Yes,No,No internet service,No internet service,No internet service,No internet service,No internet service,No internet service,Month-to-month,Yes,Mailed check,20.22,334.11,No
4187-KUCLH,Female,0,Yes,Yes,49,Yes,No,No,No internet service,No internet service,No internet service,No internet service,No internet service,No internet service,One year,Yes,Electronic check,31.54,1496.47,No
5340-OLZXD,Female,0,Yes,No,7,Yes,Yes,Fiber optic,Yes,No,Yes,Yes,Yes,No,Month-to-month,Yes,Bank transfer (automatic),76.5,553.57,Yes
6788-ISMYY,Male,0,Yes,No,2,Yes,No,Fiber optic,Yes,No,No,Yes,Yes,Yes,Month-to-month,Yes,Bank transfer (automatic),82.48,172.27,No
1510-CAUFS,Female,0,Yes,No,28,Yes,Yes,DSL,No,No,No,No,No,No,Month-to-month,No,Mailed check,61.64,1725.08,No
3990-HPUOO,Male,0,No,No,8,Yes,Yes,No,No internet service,No internet service,No internet service,No internet service,No internet service,No internet service,Month-to-month,Yes,Bank transfer (automatic),31.16,239.5,No
7628-EPHEI,Female,0,Yes,No,22,Yes,No,DSL,Yes,Yes,Yes,Yes,Yes,No,Month-to-month,Yes,Electronic check,52.21,1156.72,Yes
2731-IATJR,Female,0,Yes,Yes,63,Yes,Yes,Fiber optic,No,Yes,Yes,Yes,No,No,Two year,No,Mailed check,77.88,4865.22,No
7743-VCNKJ,Male,1,Yes,No,10,Yes,No,DSL,Yes,No,Yes,No,No,Yes,Month-to-month,Yes,Mailed check,59.6,598.53,Yes
8259-BIUKB,Male,1,Yes,No,5,Yes,Yes,DSL,No,Yes,No,Yes,Yes,Yes,Month-to-month,Yes,Bank transfer (automatic),65.84,329.75,No
2561-HGRET,Female,1,Yes,Yes,5,Yes,No,DSL,Yes,No,No,Yes,Yes,Yes,Month-to-month,No,Bank transfer (automatic),63.84,326.17,No
3803-BAPTD,Male,0,Yes,No,68,Yes,No,Fiber optic,Yes,No,No,Yes,Yes,No,Month-to-month,Yes,Bank transfer (automatic),92.67,6132.9,No
3780-TWSQT,Male,0,Yes,No,6,Yes,No,DSL,Yes,Yes,Yes,Yes,Yes,No,Month-to-month,No,Bank transfer (automatic),56.18,348.97,No
3672-BOOUG,Female,0,No,No,23,Yes,No,No,No internet service,No internet service,No internet service,No internet service,No internet service,No internet service,Month-to-month,No,Bank transfer (automatic),20.5,460.28,No
9000-MLZOC,Male,0,Yes,No,44,Yes,Yes,DSL,Yes,Yes,Yes,No,No,Yes,Two year,No,Credit card (automatic),55.95,2572.87,No
3282-PFEHN,Female,0,Yes,No,45,Yes,Yes,DSL,Yes,Yes,No,No,No,No,Two year,No,Electronic check,55.85,2518.47,No
1834-NSLSQ,Male,0,Yes,Yes,13,Yes,Yes,DSL,No,Yes,No,No,Yes,No,Month-to-month,No,Electronic check,54.58,716.79,No
5465-ZPUQY,Male,0,No,No,15,Yes,No,DSL,No,Yes,No,No,Yes,Yes,Month-to-month,No,Mailed check,62.49,918.45,No
4880-EEZUH,Male,1,No,No,50,No,No phone service,DSL,Yes,Yes,Yes,Yes,No,No,One year,Yes,Bank transfer (automatic),44.67,2233.64,No
5027-AYLJG,Male,1,Yes,Yes,48,Yes,Yes,No,No internet service,No internet service,No internet service,No internet service,No internet service,No internet service,One year,No,Mailed check,32.27,1617.23,No
1740-TFCZO,Male,0,No,No,26,No,No phone service,No,No internet service,No internet service,No internet service,No internet service,No internet service,No internet service,Month-to-month,Yes,Mailed check,19.06,479.35,No
1694-HOFZW,Male,0,No,No,66,Yes,No,DSL,Yes,Yes,No,No,No,Yes,Two year,Yes,Electronic check,62.4,4122.32,No
8970-NZIOT,Male,1,Yes,Yes,7,Yes,Yes,DSL,Yes,Yes,No,No,No,No,Month-to-month,Yes,Mailed check,51.79,367.31,Yes
5546-WCLVE,Male,0,No,Yes,68,No,No phone service,Fiber optic,Yes,Yes,No,Yes,Yes,Yes,Two year,Yes,Credit card (automatic),73.2,4948.25,No
4464-ZPJJF,Female,0,No,No,55,Yes,No,Fiber optic,No,Yes,Yes,Yes,Yes,Yes,Two year,Yes,Credit card (automatic),79.34,4201.32,No
7612-CFDTY,Male,0,No,No,72,No,No phone service,No,No internet service,No internet service,No internet service,No internet service,No internet service,No internet service,Two year,Yes,Credit card (automatic),18.25,1307.07,No
1784-YXNAR,Male,0,Yes,Yes,31,Yes,No,No,No internet service,No internet service,No internet service,No internet service,No internet service,No internet service,Month-to-month,Yes,Mailed check,21.72,690.43,No
5721-VHOXR,Male,0,No,No,52,Yes,No,DSL,Yes,Yes,Yes,No,No,No,Month-to-month,Yes,Mailed check,59.91,3133.34,No
6815-ZMEZD,Male,0,Yes,Yes,1,Yes,Yes,No,No internet service,No internet service,No internet service,No internet service,No internet service,No internet service,Month-to-month,No,Mailed check,21.58,22.55,No
5959-TUSLE,Female,0,Yes,No,52,Yes,Yes,Fiber optic,No,No,No,No,Yes,No,One year,No,Credit card (automatic),86.97,4747.92,No
1344-HZRKM,Male,0,Yes,No,52,Yes,Yes,No,No internet service,No internet service,No internet service,No internet service,No internet service,No internet service,Month-to-month,Yes,Electronic check,29.78,1537.78,No
4007-XLVBM,Female,0,Yes,No,12,Yes,Yes,Fiber optic,Yes,Yes,Yes,No,No,Yes,Month-to-month,Yes,Credit card (automatic),93.55,1152.94,Yes
6426-RAQVC,Male,0,Yes,No,21,Yes,Yes,Fiber optic,No,No,No,Yes,No,Yes,Month-to-month,Yes,Mailed check,84.37,1832.07,Yes
3976-LGLXX,Male,0,Yes,Yes,11,Yes,Yes,Fiber optic,Yes,Yes,Yes,No,No,Yes,Month-to-month,No,Electronic check,81.83,935.42,Yes
6410-XVBKV,Female,0,No,No,35,Yes,No,DSL,No,Yes,Yes,No,Yes,Yes,Two year,No,Electronic check,60.65,2037.97,No
4981-PKAOJ,Male,0,No,No,50,Yes,No,Fiber optic,No,No,No,No,Yes,No,Two year,Yes,Credit card (automatic),85.56,4277.69,No
7964-XCJKR,Female,0,Yes,Yes,43,Yes,No,DSL,No,No,No,Yes,No,Yes,Month-to-month,No,Mailed check,55.76,2308.73,Yes
4565-OXPCM,Male,0,Yes,No,8,Yes,No,Fiber optic,No,No,Yes,Yes,Yes,Yes,Month-to-month,Yes,Mailed check,88.09,704.29,No
8977-MZXGK,Male,0,No,No,72,Yes,No,DSL,Yes,No,Yes,No,Yes,Yes,One year,Yes,Electronic check,64.32,4801.33,No
2665-EJKJT,Male,0,Yes,No,24,Yes,Yes,Fiber optic,Yes,Yes,No,Yes,No,Yes,Month-to-month,No,Mailed check,72.96,1741.68,No
2367-MXTFG,Male,0,No,No,29,Yes,Yes,No,No internet service,No internet service,No internet service,No internet service,No internet service,No internet service,Month-to-month,No,Credit card (automatic),36.37,1078.49,No
9333-PWWLN,Female,0,Yes,No,3,No,No phone service,Fiber optic,Yes,No,No,Yes,Yes,No,Month-to-month,No,Mailed check,79.8,228.57,Yes
4314-QQRWT,Male,0,No,Yes,12,Yes,Yes,DSL,No,Yes,Yes,Yes,No,Yes,Month-to-month,Yes,Credit card (automatic),54.6,623.69,No
1915-JOQWK,Male,0,Yes,No,50,Yes,No,Fiber optic,No,Yes,Yes,Yes,Yes,No,Month-to-month,Yes,Bank transfer (automatic),77.24,3752.85,No
8394-KDMDK,Male,0,Yes,No,11,Yes,No,Fiber optic,Yes,Yes,Yes,Yes,Yes,No,One year,No,Electronic check,84.41,913.06,Yes
3181-ARTDP,Female,0,No,No,58,Yes,No,DSL,No,No,No,Yes,Yes,No,Two year,No,Mailed check,55.13,3285.29,No
5518-DPGVP,Female,0,Yes,No,64,Yes,No,DSL,No,Yes,Yes,Yes,Yes,Yes,Two year,Yes,Bank transfer (automatic),54.55,3467.77,No
2004-NDSHM,Female,0,Yes,Yes,51,Yes,Yes,DSL,No,No,Yes,No,Yes,Yes,One year,Yes,Bank transfer (automatic),57.63,2987.38,Yes
7263-VNCGP,Female,0,No,No,16,Yes,No,Fiber optic,No,No,Yes,Yes,Yes,Yes,Month-to-month,Yes,Credit card (automatic),86.04,1323.98,No
1377-JIHYY,Female,0,Yes,No,52,Yes,No,Fiber optic,No,No,No,Yes,No,No,Two year,Yes,Bank transfer (automatic),80.99,4191.39,No
9074-WXEKB,Male,0,Yes,No,11,No,No phone service,No,No internet service,No internet service,No internet service,No internet service,No internet service,No internet service,One year,No,Bank transfer (automatic),18.25,191.67,No
8173-WAEEY,Female,0,Yes,No,7,Yes,No,Fiber optic,No,No,Yes,Yes,No,No,Month-to-month,Yes,Credit card (automatic),92.34,635.25,Yes
8112-HBKPB,Male,0,No,No,3,Yes,No,DSL,Yes,No,No,No,No,No,Month-to-month,No,Electronic check,63.0,179.67,Yes
5219-NZEEL,Female,0,Yes,No,40,Yes,Yes,DSL,No,No,No,Yes,No,No,One year,No,Bank transfer (automatic),54.88,2094.4,No
3875-XUGIQ,Female,0,Yes,No,43,Yes,Yes,DSL,Yes,Yes,No,No,Yes,Yes,Two year,Yes,Bank transfer (automatic),61.33,2569.53,No
8843-FHPWH,Female,0,Yes,No,55,No,No phone service,DSL,Yes,Yes,Yes,No,Yes,Yes,One year,No,Electronic check,55.87,3147.33,No
5207-RLUNW,Female,0,No,No,44,No,No phone service,No,No internet service,No internet service,No internet service,No internet service,No internet service,No internet service,Month-to-month,Yes,Credit card (automatic),20.0,873.8,No
6465-XWGXD,Male,1,No,No,13,Yes,No,Fiber optic,No,No,Yes,No,No,No,Month-to-month,No,Bank transfer (automatic),83.29,1123.68,Yes
3544-BCSCE,Male,0,No,No,28,Yes,No,Fiber optic,No,No,Yes,Yes,Yes,Yes,One year,Yes,Credit card (automatic),82.07,2203.65,No
4674-UVZBD,Female,0,No,No,11,Yes,No,No,No internet service,No internet service,No internet service,No internet service,No internet service,No internet service,Month-to-month,Yes,Electronic check,27.79,312.78,No
4589-HCNML,Female,0,Yes,Yes,27,No,No phone service,Fiber optic,No,No,No,No,No,Yes,Month-to-month,Yes,Credit card (automatic),77.88,2083.77,No
1202-LLFUX,Male,0,Yes,No,28,Yes,No,Fiber optic,No,No,No,Yes,No,No,Month-to-month,No,Bank transfer (automatic),84.27,2343.23,Yes
9359-RREKA,Male,0,No,Yes,49,Yes,No,DSL,No,No,Yes,No,No,Yes,Two year,Yes,Bank transfer (automatic),62.72,3069.3,No
6033-TRAOW,Male,0,No,No,2,Yes,Yes,Fiber optic,Yes,No,No,No,Yes,No,Month-to-month,Yes,Bank transfer (automatic),82.75,164.43,Yes
1918-NGYOU,Female,0,No,No,15,Yes,No,Fiber optic,Yes,Yes,No,Yes,Yes,Yes,Month-to-month,Yes,Credit card (automatic),87.46,1353.63,Yes
5719-XHTLO,Female,0,No,No,72,Yes,Yes,Fiber optic,Yes,Yes,No,Yes,No,Yes,Two year,No,Bank transfer (automatic),91.04,6425.37,No
7172-EWSKP,Male,0,Yes,No,15,Yes,Yes,No,No internet service,No internet service,No internet service,No internet service,No internet service,No internet service,Month-to-month,Yes,Mailed check,23.5,345.03,No
6971-LQOUG,Female,0,Yes,No,13,Yes,No,Fiber optic,Yes,No,Yes,Yes,Yes,No,Month-to-month,No,Mailed check,79.86,1064.28,No
1037-KVDWK,Female,0,Yes,Yes,12,Yes,No,No,No internet service,No internet service,No internet service,No internet service,No internet service,No internet service,Month-to-month,Yes,Mailed check,18.25,220.52,No
2877-MVWPN,Male,1,Yes,No,38,No,No phone service,No,No internet service,No internet service,No internet service,No internet service,No internet service,No internet service,Two year,No,Bank transfer (automatic),24.27,936.14,No
8258-XUZVB,Female,0,No,Yes,28,Yes,Yes,Fiber optic,Yes,No,No,Yes,Yes,Yes,Month-to-month,No,Mailed check,82.17,2213.09,Yes
1177-PYHZW,Female,0,No,Yes,13,Yes,No,Fiber optic,Yes,No,Yes,No,No,No,Month-to-month,No,Credit card (automatic),76.2,979.3,Yes
2266-MFCRF,Male,1,No,Yes,38,Yes,Yes,No,No internet service,No internet service,No internet service,No internet service,No internet service,No internet service,Month-to-month,Yes,Credit card (automatic),21.88,863.98,No
6036-RLCBJ,Male,1,No,No,27,Yes,Yes,Fiber optic,Yes,Yes,No,Yes,No,Yes,One year,No,Bank transfer (automatic),85.76,2343.89,Yes
1383-WEADS,Female,0,No,No,14,No,No phone service,DSL,Yes,Yes,Yes,Yes,No,Yes,Month-to-month,Yes,Mailed check,59.81,832.41,No
6297-RJIRC,Female,0,Yes,No,17,Yes,Yes,No,No internet service,No internet service,No internet service,No internet service,No internet service,No internet service,Month-to-month,Yes,Mailed check,28.4,500.29,No
4548-CLZWR,Female,0,No,No,23,Yes,No,Fiber optic,Yes,Yes,Yes,No,Yes,Yes,One year,No,Credit card (automatic),82.79,1926.88,No
6915-JSVOC,Female,0,No,Yes,58,Yes,No,DSL,No,Yes,No,Yes,No,No,One year,Yes,Bank transfer (automatic),64.44,3910.61,No
7247-DIFBT,Female,1,Yes,Yes,32,Yes,No,Fiber optic,No,No,No,No,Yes,No,One year,No,Credit card (automatic),83.73,2680.76,No
6805-KJQNG,Male,0,Yes,Yes,9,Yes,Yes,DSL,No,No,Yes,No,Yes,No,Month-to-month,No,Credit card (automatic),61.34,531.51,No
5323-UOUNK,Male,0,Yes,No,31,Yes,Yes,Fiber optic,Yes,No,No,Yes,Yes,Yes,Two year,Yes,Credit card (automatic),78.36,2411.2,No
7679-FQQHG,Male,1,Yes,Yes,38,Yes,Yes,Fiber optic,No,No,Yes,Yes,No,Yes,One year,Yes,Bank transfer (automatic),89.58,3445.46,No
1752-DCQDN,Female,0,No,No,66,Yes,Yes,No,No internet service,No internet service,No internet service,No internet service,No internet service,No internet service,Two year,No,Electronic check,29.19,2020.07,No
2002-URHTF,Female,1,Yes,No,28,Yes,No,Fiber optic,Yes,Yes,No,Yes,Yes,No,Month-to-month,No,Credit card (automatic),80.88,2217.69,No
6716-QLSYK,Female,0,Yes,No,16,Yes,No,DSL,No,No,Yes,No,No,No,Month-to-month,No,Electronic check,66.74,1050.27,Yes
3550-LODYM,Male,0,No,No,15,No,No phone service,Fiber optic,Yes,Yes,Yes,Yes,No,Yes,Month-to-month,No,Credit card (automatic),70.54,1084.62,Yes
9674-YBCEO,Female,1,No,Yes,26,Yes,Yes,Fiber optic,Yes,No,No,No,No,No,One year,No,Bank transfer (automatic),78.38,2062.76,No
4182-AOIVT,Female,0,Yes,No,11,Yes,No,Fiber optic,No,No,Yes,No,Yes,No,Month-to-month,No,Mailed check,75.81,842.25,Yes
8601-OSCTL,Female,0,No,Yes,38,Yes,Yes,DSL,Yes,Yes,No,Yes,Yes,Yes,One year,No,Bank transfer (automatic),57.69,2151.67,No
1039-CIJFT,Male,0,Yes,No,24,Yes,No,DSL,Yes,Yes,Yes,No,No,Yes,Month-to-month,No,Credit card (automatic),55.74,1296.77,No
5021-GRLUN,Male,0,No,No,10,Yes,No,Fiber optic,No,No,No,No,Yes,No,One year,Yes,Mailed check,88.79,850.22,Yes
7744-WCDSO,Male,0,No,Yes,6,No,No phone service,Fiber optic,No,Yes,No,No,No,Yes,Month-to-month,No,Electronic check,78.88,469.95,Yes
3166-AYCMF,Male,0,No,Yes,72,Yes,Yes,DSL,Yes,Yes,Yes,No,Yes,Yes,Month-to-month,Yes,Bank transfer (automatic),58.46,4083.66,Yes
4559-SNBCY,Female,1,Yes,Yes,1,Yes,No,Fiber optic,No,No,No,No,No,Yes,Month-to-month,Yes,Mailed check,85.67,88.05,Yes
3267-LUVHF,Female,0,No,Yes,1,Yes,No,DSL,Yes,No,No,No,No,Yes,Month-to-month,Yes,Bank transfer (automatic),64.83,62.98,Yes
4936-ISSGJ,Male,0,Yes,Yes,38,Yes,No,Fiber optic,No,No,Yes,No,No,Yes,One year,No,Credit card (automatic),90.91,3354.57,No
7574-NOVQQ,Male,0,No,Yes,26,Yes,Yes,No,No internet service,No internet service,No internet service,No internet service,No internet service,No internet service,Month-to-month,No,Bank transfer (automatic),24.63,649.59,No
5333-VACRP,Male,1,Yes,Yes,13,Yes,Yes,Fiber optic,No,No,No,Yes,No,Yes,Month-to-month,Yes,Bank transfer (automatic),83.08,1094.74,Yes
3517-PCPJP,Female,0,No,Yes,11,No,No phone service,DSL,Yes,No,No,Yes,No,Yes,Month-to-month,Yes,Electronic check,49.0,514.99,Yes
4067-SCVMF,Female,1,Yes,No,64,Yes,Yes,Fiber optic,Yes,No,Yes,No,No,No,Month-to-month,Yes,Bank transfer (automatic),84.27,5570.13,No
9658-CNBXE,Male,1,No,Yes,9,Yes,Yes,Fiber optic,No,Yes,No,Yes,No,No,Month-to-month,No,Mailed check,84.68,736.03,Yes
3266-RXKGJ,Male,0,Yes,No,51,Yes,No,DSL,Yes,Yes,No,Yes,Yes,Yes,Two year,Yes,Electronic check,56.77,2792.68,No
9256-XDXVO,Male,0,No,No,12,Yes,Yes,DSL,Yes,No,No,No,Yes,Yes,Month-to-month,Yes,Electronic check,60.41,713.64,Yes
3299-LUHIL,Male,0,Yes,No,48,Yes,Yes,DSL,No,Yes,Yes,No,No,Yes,One year,Yes,Electronic check,58.73,2723.44,No
1606-KDAKT,Male,0,Yes,Yes,13,Yes,Yes,No,No internet service,No internet service,No internet service,No internet service,No internet service,No internet service,Month-to-month,No,Credit card (automatic),27.31,360.11,No
9843-LTFQR,Female,0,No,No,23,Yes,Yes,Fiber optic,No,Yes,No,No,No,No,Month-to-month,No,Credit card (automatic),81.82,1834.46,No
3990-LRIPG,Male,0,No,No,17,Yes,No,Fiber optic,Yes,No,No,No,Yes,Yes,Month-to-month,Yes,Mailed check,84.35,1362.26,Yes
5819-BLNVJ,Female,0,No,Yes,11,Yes,No,Fiber optic,Yes,Yes,No,No,Yes,Yes,Month-to-month,Yes,Mailed check,79.88,899.2,Yes
1055-BOVXV,Female,0,No,No,4,No,No phone service,DSL,No,No,No,Yes,Yes,Yes,Month-to-month,Yes,Electronic check,59.72,246.85,Yes
4059-MXVLM,Female,0,Yes,Yes,0,Yes,No,Fiber optic,No,Yes,Yes,No,Yes,No,Month-to-month,Yes,Electronic check,86.01, ,Yes
1624-ENNOI,Male,0,Yes,No,47,No,No phone service,DSL,Yes,No,Yes,No,Yes,Yes,One year,No,Bank transfer (automatic),61.56,2759.89,No
3041-LWZBJ,Female,0,No,No,6,Yes,No,No,No internet service,No internet service,No internet service,No internet service,No internet service,No internet service,Month-to-month,Yes,Credit card (automatic),25.76,151.26,Yes
5690-FJDMW,Female,0,Yes,No,54,Yes,Yes,Fiber optic,Yes,Yes,Yes,Yes,Yes,No,One year,Yes,Bank transfer (automatic),82.7,4675.83,No
9356-AQXTB,Female,0,No,No,4,Yes,Yes,Fiber optic,No,No,No,No,No,No,Month-to-month,No,Bank transfer (automatic),74.6,304.74,No
4507-TZHHG,Female,0,Yes,No,72,Yes,Yes,Fiber optic,No,No,Yes,Yes,No,Yes,Two year,Yes,Electronic check,88.22,6576.55,No
9053-EJDYB,Male,0,Yes,Yes,31,Yes,Yes,DSL,No,Yes,No,No,Yes,Yes,Month-to-month,Yes,Bank transfer (automatic),60.51,1840.2,No
5564-EKPSO,Male,0,No,No,7,Yes,Yes,Fiber optic,No,Yes,No,Yes,Yes,Yes,Month-to-month,Yes,Electronic check,81.6,544.23,Yes
4846-HURRU,Female,0,Yes,No,28,Yes,Yes,DSL,No,No,No,No,Yes,No,Month-to-month,Yes,Mailed check,64.93,1731.27,No
2983-ZXLFJ,Female,0,Yes,No,60,Yes,No,No,No internet service,No internet service,No internet service,No internet service,No internet service,No internet service,Two year,Yes,Credit card (automatic),29.6,1840.9,No
4498-ZHYGY,Male,0,Yes,No,38,Yes,Yes,No,No internet service,No internet service,No internet service,No internet service,No internet service,No internet service,One year,Yes,Credit card (automatic),22.73,871.0,No
9370-PCQXY,Female,0,Yes,No,4,No,No phone service,Fiber optic,No,No,No,Yes,No,No,Month-to-month,No,Credit card (automatic),80.04,330.55,Yes
5116-MJFQZ,Female,1,No,No,11,Yes,No,No,No internet service,No internet service,No internet service,No internet service,No internet service,No internet service,Month-to-month,No,Mailed check,25.31,286.57,Yes
3404-VCBXC,Female,0,Yes,Yes,36,No,No phone service,Fiber optic,Yes,Yes,No,No,Yes,No,Two year,Yes,Electronic check,84.86,3069.4,No
4724-WJHBS,Female,1,Yes,No,53,Yes,Yes,DSL,No,No,No,No,Yes,No,Two year,No,Mailed check,53.98,2923.46,No
3880-DMEWT,Female,0,Yes,Yes,52,No,No phone service,DSL,Yes,No,Yes,Yes,Yes,Yes,Month-to-month,No,Electronic check,62.96,3407.14,No
9817-ZVNEB,Female,1,Yes,No,24,Yes,No,Fiber optic,Yes,Yes,Yes,No,No,Yes,Month-to-month,No,Electronic check,89.33,2224.4,Yes
1824-GWFCY,Female,0,No,No,6,No,No phone service,DSL,Yes,No,No,No,No,Yes,Month-to-month,Yes,Bank transfer (automatic),52.69,301.35,No
4919-KHYJW,Male,0,Yes,No,63,Yes,Yes,Fiber optic,No,No,No,No,Yes,No,Month-to-month,Yes,Mailed check,79.91,5120.09,No
9928-LSAUZ,Female,0,No,No,26,Yes,Yes,DSL,Yes,No,No,No,Yes,Yes,Month-to-month,Yes,Credit card (automatic),62.4,1701.03,No
2756-ABWGK,Male,0,Yes,No,12,Yes,No,No,No internet service,No internet service,No internet service,No internet service,No internet service,No internet service,Month-to-month,Yes,Electronic check,18.25,223.7,No
4024-HEKYJ,Female,0,Yes,No,2,Yes,No,No,No internet service,No internet service,No internet service,No internet service,No internet service,No internet service,Month-to-month,Yes,Mailed check,26.42,54.41,No
8211-RUOJG,Male,0,Yes,No,18,Yes,No,Fiber optic,Yes,Yes,No,No,No,Yes,One year,Yes,Electronic check,84.07,1457.06,No
3521-NKKJX,Female,0,No,Yes,44,Yes,No,Fiber optic,No,Yes,Yes,No,Yes,Yes,Month-to-month,Yes,Mailed check,86.12,3927.44,Yes
6789-XYQCZ,Female,0,No,No,16,Yes,Yes,Fiber optic,No,Yes,No,Yes,No,No,Month-to-month,Yes,Credit card (automatic),79.08,1235.72,Yes
5304-JKCRB,Male,1,Yes,No,46,Yes,No,No,No internet service,No internet service,No internet service,No internet service,No internet service,No internet service,Two year,No,Bank transfer (automatic),39.56,1800.61,No
7485-VKJRW,Male,0,No,No,24,Yes,No,No,No internet service,No internet service,No internet service,No internet service,No internet service,No internet service,Month-to-month,No,Mailed check,26.14,635.14,No
1860-LIAAN,Male,1,No,Yes,14,Yes,Yes,Fiber optic,Yes,No,Yes,No,No,Yes,Month-to-month,No,Mailed check,90.11,1229.2,Yes
7872-PGLZV,Male,0,No,Yes,29,Yes,No,DSL,No,Yes,Yes,Yes,Yes,Yes,Month-to-month,No,Electronic check,62.58,1828.99,No
2078-QQJJS,Female,0,No,Yes,34,Yes,Yes,Fiber optic,Yes,Yes,Yes,No,Yes,Yes,Month-to-month,Yes,Electronic check,88.18,3137.48,Yes
9412-IYVBH,Female,0,No,No,7,Yes,No,Fiber optic,No,No,Yes,No,Yes,No,Month-to-month,Yes,Electronic check,76.1,534.11,Yes
4968-RFKCC,Female,0,No,No,39,Yes,No,No,No internet service,No internet service,No internet service,No internet service,No internet service,No internet service,Month-to-month,No,Electronic check,35.62,1374.68,No
4914-QLJMQ,Male,0,Yes,Yes,7,Yes,Yes,No,No internet service,No internet service,No internet service,No internet service,No internet service,No internet service,Month-to-month,Yes,Mailed check,28.18,205.61,No
7425-OCBIF,Female,0,No,No,19,Yes,Yes,Fiber optic,No,Yes,Yes,Yes,No,No,Month-to-month,Yes,Bank transfer (automatic),85.78,1662.73,No
5831-SGMFM,Male,0,No,Yes,15,Yes,No,DSL,Yes,No,Yes,Yes,Yes,Yes,Two year,Yes,Credit card (automatic),63.59,974.46,No
4402-ARHTR,Male,0,No,No,18,Yes,Yes,Fiber optic,No,Yes,Yes,Yes,No,Yes,Month-to-month,No,Bank transfer (automatic),85.85,1506.78,Yes
2755-XAOUO,Female,0,No,No,2,Yes,Yes,No,No internet service,No internet service,No internet service,No internet service,No internet service,No internet service,Month-to-month,Yes,Bank transfer (automatic),26.16,52.03,Yes
6017-MBRYU,Female,0,Yes,Yes,68,Yes,No,Fiber optic,No,Yes,No,Yes,No,No,Two year,No,Bank transfer (automatic),81.69,5379.7,No
1528-FVSJG,Male,1,Yes,Yes,30,Yes,No,Fiber optic,No,Yes,No,No,No,Yes,Month-to-month,Yes,Bank transfer (automatic),76.59,2287.71,Yes
5160-ACBVB,Female,0,Yes,No,31,Yes,Yes,No,No internet service,No internet service,No internet service,No internet service,No internet service,No internet service,Month-to-month,No,Bank transfer (automatic),35.24,1042.46,No
5972-HTDXC,Male,0,No,No,38,No,No phone service,DSL,No,No,No,No,No,Yes,Month-to-month,Yes,Mailed check,49.08,1841.93,No
8617-DAAUI,Female,1,Yes,No,19,Yes,No,DSL,Yes,Yes,Yes,No,Yes,No,Month-to-month,Yes,Bank transfer (automatic),66.15,1258.1,Yes
4749-VGOHB,Male,0,No,No,60,Yes,Yes,No,No internet service,No internet service,No internet service,No internet service,No internet service,No internet service,Two year,Yes,Electronic check,27.88,1599.07,No
9941-JWLWE,Female,0,Yes,No,72,Yes,No,No,No internet service,No internet service,No internet service,No internet service,No internet service,No internet service,Two year,Yes,Bank transfer (automatic),21.14,1484.6,No
5859-JZIUM,Female,1,Yes,No,64,Yes,No,Fiber optic,No,Yes,No,Yes,No,Yes,Two year,No,Credit card (automatic),87.38,5589.33,No
4606-SQMBB,Female,0,Yes,No,11,Yes,No,No,No internet service,No internet service,No internet service,No internet service,No internet service,No internet service,Month-to-month,No,Credit card (automatic),22.64,238.78,No
6387-BPXUS,Female,1,Yes,Yes,46,Yes,No,Fiber optic,No,No,No,Yes,No,No,Month-to-month,Yes,Mailed check,94.27,4401.72,Yes
3462-REXCO,Male,1,No,No,19,Yes,No,DSL,No,No,No,No,No,No,Month-to-month,Yes,Electronic check,59.74,1089.67,No
5376-BESPE,Male,0,No,No,12,Yes,Yes,Fiber optic,No,Yes,Yes,Yes,Yes,Yes,Month-to-month,Yes,Mailed check,88.2,1081.0,Yes
2265-RRKAA,Male,0,Yes,Yes,72,No,No phone service,No,No internet service,No internet service,No internet service,No internet service,No internet service,No internet service,Two year,No,Electronic check,18.25,1250.1,No
2358-BOKFP,Female,0,Yes,No,17,Yes,No,Fiber optic,Yes,No,Yes,Yes,Yes,Yes,Month-to-month,No,Mailed check,77.71,1285.57,No
7339-EQCPJ,Male,1,Yes,No,2,No,No phone service,DSL,Yes,Yes,Yes,Yes,Yes,Yes,Month-to-month,Yes,Mailed check,54.75,107.53,No
1987-UEUJR,Male,0,Yes,No,5,No,No phone service,Fiber optic,No,Yes,No,Yes,Yes,No,Month-to-month,Yes,Bank transfer (automatic),87.28,418.12,No
7363-LRLPF,Female,0,Yes,No,72,Yes,Yes,DSL,Yes,No,Yes,Yes,No,Yes,Two year,No,Mailed check,50.96,3538.24,No
4827-DKAKW,Female,0,No,No,43,No,No phone service,DSL,Yes,No,Yes,Yes,No,No,One year,Yes,Electronic check,51.57,2183.04,No
4251-MWARN,Male,0,Yes,Yes,20,Yes,Yes,Fiber optic,No,Yes,No,Yes,Yes,Yes,Month-to-month,Yes,Electronic check,82.77,1646.12,Yes
4088-GPLKR,Male,0,No,No,52,Yes,Yes,Fiber optic,Yes,Yes,Yes,Yes,Yes,Yes,One year,Yes,Electronic check,77.81,4059.95,Yes
4595-VHSOX,Female,1,No,No,22,Yes,No,Fiber optic,No,Yes,Yes,Yes,Yes,No,Month-to-month,Yes,Credit card (automatic),76.41,1749.11,No
4602-GKRLX,Female,0,Yes,No,65,Yes,Yes,Fiber optic,No,Yes,No,Yes,Yes,No,One year,No,Bank transfer (automatic),88.51,5785.12,No
2402-IZUBY,Male,0,No,Yes,3,Yes,No,Fiber optic,No,No,Yes,Yes,Yes,Yes,Month-to-month,No,Credit card (automatic),79.07,240.87,Yes
4832-QAESG,Female,1,Yes,No,12,Yes,Yes,DSL,Yes,Yes,Yes,Yes,No,Yes,Month-to-month,Yes,Electronic check,55.59,684.65,Yes
2058-RFWEA,Male,0,No,No,7,Yes,Yes,Fiber optic,No,No,Yes,Yes,Yes,No,Month-to-month,Yes,Mailed check,79.62,564.68,No
4514-IQGZK,Female,0,No,No,3,Yes,No,Fiber optic,Yes,Yes,No,Yes,No,Yes,Month-to-month,No,Electronic check,81.94,253.92,Yes
7381-TWNFN,Male,0,No,Yes,53,Yes,No,Fiber optic,Yes,Yes,No,No,Yes,Yes,One year,Yes,Mailed check,85.84,4646.84,Yes
4830-PGNYR,Male,1,Yes,No,33,Yes,No,Fiber optic,Yes,Yes,Yes,Yes,No,Yes,Two year,No,Bank transfer (automatic),76.33,2617.78,No
9616-CQAFV,Female,1,No,Yes,72,Yes,No,DSL,No,Yes,No,Yes,No,No,Month-to-month,Yes,Bank transfer (automatic),58.78,4341.21,No
1909-MBHDL,Female,0,Yes,No,72,Yes,No,DSL,Yes,No,No,No,No,No,Month-to-month,No,Credit card (automatic),56.5,3866.96,No
6785-QYDKN,Female,0,Yes,No,34,Yes,No,Fiber optic,No,No,No,No,No,Yes,Month-to-month,No,Electronic check,75.73,2492.82,Yes
1775-CIWPO,Male,0,No,No,21,Yes,Yes,DSL,Yes,No,Yes,Yes,Yes,Yes,Month-to-month,Yes,Mailed check,57.15,1241.01,No
5958-VOSIV,Male,0,Yes,No,45,Yes,Yes,DSL,Yes,No,No,Yes,No,No,One year,Yes,Mailed check,65.01,3029.12,No
1291-IGDNX,Female,0,No,No,36,Yes,Yes,No,No internet service,No internet service,No internet service,No internet service,No internet service,No internet service,One year,No,Credit card (automatic),26.77,962.16,No
2461-XWWAZ,Female,0,Yes,Yes,4,Yes,Yes,Fiber optic,Yes,Yes,Yes,No,Yes,No,Month-to-month,Yes,Electronic check,87.03,338.95,Yes
4847-PHNOU,Female,0,No,No,51,Yes,No,DSL,No,Yes,No,Yes,No,No,Two year,Yes,Credit card (automatic),46.75,2307.38,No
4072-CPUAV,Female,0,Yes,No,2,Yes,Yes,No,No internet service,No internet service,No internet service,No internet service,No internet service,No internet service,Month-to-month,Yes,Electronic check,21.06,43.92,No
8230-PYKDR,Female,0,No,No,35,Yes,No,Fiber optic,Yes,No,Yes,Yes,Yes,Yes,Two year,Yes,Bank transfer (automatic),85.64,3042.12,No
6488-XFERI,Female,0,No,No,47,Yes,Yes,Fiber optic,No,Yes,Yes,Yes,No,Yes,Two year,Yes,Mailed check,80.73,3905.89,No
2664-REVIQ,Female,1,No,No,36,No,No phone service,Fiber optic,No,Yes,Yes,No,Yes,Yes,Month-to-month,Yes,Mailed check,78.23,2873.98,Yes
6194-PHCQL,Male,0,No,No,11,Yes,No,Fiber optic,Yes,Yes,Yes,Yes,No,Yes,Month-to-month,Yes,Bank transfer (automatic),83.29,879.41,No
9791-XBJKJ,Female,0,No,Yes,22,Yes,No,Fiber optic,No,No,No,No,No,No,Two year,Yes,Mailed check,74.28,1575.84,No
7509-JDJUK,Male,0,Yes,No,45,No,No phone service,Fiber optic,No,No,Yes,Yes,Yes,No,Month-to-month,Yes,Bank transfer (automatic),75.46,3517.22,No
3569-UBLCP,Female,1,Yes,Yes,47,Yes,No,Fiber optic,No,Yes,No,Yes,No,Yes,One year,No,Bank transfer (automatic),77.67,3691.32,No
9099-LZWSE,Male,0,Yes,Yes,50,Yes,No,Fiber optic,No,No,No,No,No,No,Month-to-month,Yes,Mailed check,84.68,4058.74,Yes
1295-DJKFZ,Male,1,No,No,55,Yes,Yes,Fiber optic,No,No,No,Yes,No,Yes,Two year,Yes,Mailed check,80.7,4480.94,No
7685-SQQWK,Female,0,No,No,42,Yes,No,No,No internet service,No internet service,No internet service,No internet service,No internet service,No internet service,Month-to-month,Yes,Mailed check,18.25,739.57,No
2263-HFYOL,Male,0,No,Yes,42,Yes,No,Fiber optic,No,No,Yes,No,Yes,Yes,One year,Yes,Electronic check,82.4,3623.25,No
1231-SQVDR,Female,0,No,No,44,Yes,No,No,No internet service,No internet service,No internet service,No internet service,No internet service,No internet service,Month-to-month,Yes,Credit card (automatic),33.42,1493.54,No
4256-GFHTA,Female,0,Yes,Yes,20,Yes,Yes,No,No internet service,No internet service,No internet service,No internet service,No internet service,No internet service,Month-to-month,Yes,Mailed check,18.25,358.75,No
9525-ZZVIK,Female,0,No,Yes,63,Yes,No,DSL,Yes,Yes,Yes,No,Yes,Yes,Two year,No,Bank transfer (automatic),65.74,4064.25,No
2140-XUDZB,Female,0,Yes,No,57,No,No phone service,Fiber optic,No,No,No,Yes,No,Yes,One year,Yes,Credit card (automatic),73.96,4381.96,No
7905-DTWYE,Male,0,No,Yes,72,Yes,Yes,Fiber optic,No,Yes,Yes,Yes,No,Yes,Two year,Yes,Bank transfer (automatic),82.8,6072.76,Yes
2480-BVEKK,Female,0,No,Yes,7,Yes,Yes,DSL,Yes,Yes,Yes,Yes,No,No,Month-to-month,Yes,Bank transfer (automatic),50.51,357.13,Yes
4156-MJGKU,Female,0,No,Yes,41,Yes,No,Fiber optic,Yes,No,Yes,No,Yes,Yes,Month-to-month,No,Credit card (automatic),84.41,3431.63,Yes
2061-YKHLY,Female,0,Yes,No,55,Yes,No,DSL,Yes,Yes,No,Yes,No,Yes,Two year,No,Credit card (automatic),61.82,3420.86,No
8281-VFXSB,Female,0,Yes,Yes,13,Yes,Yes,Fiber optic,Yes,No,No,No,No,Yes,One year,Yes,Bank transfer (automatic),93.26,1264.99,No
4843-VNPJA,Female,0,No,No,59,Yes,Yes,Fiber optic,No,Yes,No,No,Yes,Yes,One year,Yes,Mailed check,85.55,5246.76,Yes
8968-THGNU,Male,1,Yes,No,2,Yes,No,DSL,Yes,Yes,No,No,Yes,Yes,Month-to-month,Yes,Electronic check,49.28,95.56,Yes
1781-QWMBA,Male,0,No,No,33,Yes,No,No,No internet service,No internet service,No internet service,No internet service,No internet service,No internet service,One year,Yes,Bank transfer (automatic),25.66,841.88,No
2458-XLDXV,Female,1,Yes,Yes,8,Yes,Yes,No,No internet service,No internet service,No internet service,No internet service,No internet service,No internet service,One year,Yes,Credit card (automatic),26.47,211.33,No
2322-RIBBO,Male,0,Yes,No,42,No,No phone service,Fiber optic,No,Yes,No,Yes,No,No,Month-to-month,No,Credit card (automatic),69.84,2993.98,No
8590-ZSXGD,Female,0,No,No,11,Yes,Yes,No,No internet service,No internet service,No internet service,No internet service,No internet service,No internet service,Month-to-month,No,Mailed check,18.25,191.22,No
1995-ETDLT,Female,1,Yes,No,26,Yes,No,DSL,No,No,Yes,Yes,Yes,No,Month-to-month,Yes,Mailed check,49.21,1251.14,Yes
9341-EEBCK,Female,0,No,Yes,62,Yes,Yes,Fiber optic,No,Yes,No,No,No,Yes,Two year,No,Electronic check,84.36,5141.85,No
3830-ZLIMS,Male,0,Yes,Yes,49,No,No phone service,DSL,No,Yes,Yes,Yes,No,Yes,Two year,Yes,Credit card (automatic),53.42,2504.59,No
4038-DKQIP,Male,1,No,Yes,28,Yes,Yes,DSL,Yes,Yes,Yes,Yes,Yes,No,Month-to-month,No,Credit card (automatic),65.56,1854.9,No
3919-XXSVD,Male,0,No,No,51,Yes,No,Fiber optic,No,Yes,Yes,No,Yes,Yes,Two year,Yes,Bank transfer (automatic),90.71,4560.24,No
6878-KUAEG,Male,0,Yes,No,7,Yes,No,Fiber optic,No,Yes,Yes,No,Yes,No,Month-to-month,Yes,Bank transfer (automatic),87.26,640.26,Yes
6013-ZXLAW,Female,0,No,No,71,Yes,No,No,No internet service,No internet service,No internet service,No internet service,No internet service,No internet service,Two year,Yes,Bank transfer (automatic),29.64,2101.65,No
6151-AQWWX,Female,0,Yes,No,50,Yes,No,Fiber optic,No,No,No,No,No,No,Month-to-month,Yes,Bank transfer (automatic),89.74,4458.92,No
9779-QPDQW,Male,0,Yes,No,18,Yes,Yes,No,No internet service,No internet service,No internet service,No internet service,No internet service,No internet service,Month-to-month,No,Electronic check,27.24,499.64,No
8316-XEFWY,Female,0,Yes,No,23,Yes,No,Fiber optic,No,No,Yes,Yes,Yes,No,Two year,No,Electronic check,85.56,2043.67,No
5734-WRFNK,Male,0,Yes,Yes,63,No,No phone service,Fiber optic,Yes,No,No,No,No,No,Two year,Yes,Bank transfer (automatic),66.16,4184.69,No
8109-IEMMX,Female,0,No,No,72,Yes,Yes,Fiber optic,Yes,No,No,No,Yes,No,Month-to-month,No,Bank transfer (automatic),79.46,5685.75,No
1073-WFEKO,Female,0,No,No,6,No,No phone service,No,No internet service,No internet service,No internet service,No internet service,No internet service,No internet service,Month-to-month,No,Credit card (automatic),18.25,113.01,No
9366-NDLXS,Male,0,No,No,52,Yes,No,DSL,Yes,Yes,Yes,No,No,Yes,Two year,Yes,Bank transfer (automatic),67.26,3473.59,No
2959-QTHNJ,Male,1,No,Yes,3,Yes,No,Fiber optic,Yes,Yes,Yes,Yes,Yes,No,Month-to-month,Yes,Credit card (automatic),77.06,230.06,Yes
2628-XIICL,Male,1,No,No,33,No,No phone service,DSL,No,No,No,Yes,Yes,No,Two year,Yes,Mailed check,48.9,1591.92,No
6793-ZUWZS,Female,1,No,Yes,72,Yes,Yes,Fiber optic,No,Yes,No,No,Yes,No,Two year,Yes,Bank transfer (automatic),80.83,5977.08,No
8714-HSQLQ,Female,1,No,No,16,Yes,No,DSL,Yes,Yes,Yes,No,Yes,No,Month-to-month,Yes,Electronic check,68.7,1051.62,Yes
7487-KVAIJ,Female,0,Yes,No,57,No,No phone service,Fiber optic,No,No,No,No,No,No,Month-to-month,Yes,Bank transfer (automatic),88.09,4798.54,Yes
8473-NYYLS,Female,0,No,No,35,Yes,Yes,DSL,No,Yes,Yes,Yes,No,Yes,Month-to-month,No,Bank transfer (automatic),59.1,2025.45,No
3215-CMHTN,Female,0,No,No,67,Yes,Yes,DSL,Yes,Yes,No,Yes,No,No,Two year,No,Electronic check,62.31,3976.6,No
2220-LKAOY,Male,0,No,No,41,Yes,No,Fiber optic,Yes,No,Yes,Yes,Yes,No,Two year,Yes,Bank transfer (automatic),82.57,3274.92,No
9069-XXYCL,Female,1,Yes,No,16,No,No phone service,DSL,Yes,No,No,Yes,No,No,Month-to-month,No,Mailed check,58.3,922.67,Yes
5905-VJSUN,Female,0,No,No,56,Yes,No,DSL,No,No,No,Yes,Yes,No,Two year,No,Credit card (automatic),48.3,2599.73,No
3170-CLEQG,Male,0,No,No,59,Yes,No,Fiber optic,Yes,No,Yes,No,Yes,Yes,Two year,Yes,Mailed check,89.93,5470.53,No
8890-XVRDZ,Female,0,No,No,16,Yes,Yes,Fiber optic,No,No,Yes,Yes,Yes,No,Two year,Yes,Mailed check,82.83,1391.41,No
1592-OUCMM,Male,0,No,Yes,5,No,No phone service,Fiber optic,Yes,Yes,Yes,Yes,No,Yes,Month-to-month,Yes,Electronic check,74.7,361.26,Yes
2773-CXXCH,Male,0,Yes,Yes,72,Yes,Yes,Fiber optic,Yes,No,No,Yes,No,No,Two year,Yes,Mailed check,79.39,5809.54,No
4529-FBNLU,Female,0,No,No,15,Yes,Yes,Fiber optic,No,No,Yes,No,Yes,Yes,Month-to-month,Yes,Credit card (automatic),85.22,1312.74,No
3668-NIAST,Female,0,Yes,No,1,Yes,Yes,DSL,No,No,Yes,Yes,Yes,No,Month-to-month,No,Electronic check,68.48,68.7,No
6975-ASPLQ,Female,1,No,No,48,Yes,Yes,Fiber optic,No,Yes,No,Yes,No,Yes,One year,Yes,Electronic check,91.0,4500.6,Yes
1997-FDLXA,Female,0,Yes,No,30,Yes,No,DSL,Yes,No,Yes,Yes,No,No,Month-to-month,Yes,Bank transfer (automatic),55.73,1674.4,No
5014-HYQFH,Male,0,No,Yes,15,Yes,No,DSL,No,Yes,Yes,Yes,Yes,No,Month-to-month,No,Credit card (automatic),64.15,970.29,No
6226-BBRUT,Male,0,Yes,Yes,35,Yes,No,No,No internet service,No internet service,No internet service,No internet service,No internet service,No internet service,Month-to-month,No,Mailed check,20.15,678.37,No
2545-WFWHM,Male,0,No,No,2,Yes,Yes,Fiber optic,No,Yes,Yes,Yes,Yes,Yes,Month-to-month,Yes,Credit card (automatic),78.83,159.79,No
9613-KRPBU,Male,0,Yes,No,2,Yes,Yes,Fiber optic,Yes,Yes,No,No,Yes,Yes,Month-to-month,Yes,Mailed check,82.23,158.46,No
4225-MHZOQ,Male,0,No,Yes,31,Yes,No,Fiber optic,No,Yes,Yes,Yes,No,No,Two year,No,Electronic check,85.57,2626.08,No
5705-IPUCD,Male,0,No,Yes,7,No,No phone service,Fiber optic,No,Yes,No,Yes,Yes,Yes,Month-to-month,No,Electronic check,81.01,539.59,No
